[So Jul 26 15:53:33 2026] systemd[1]: Listening on systemd-factory-reset.socket - Factory Reset Management.
[So Jul 26 15:53:36 2026] Bluetooth: hci0: Reading supported features failed (-16)
[So Jul 26 16:10:37 2026] cfg80211: Loading compiled-in X.509 certificates for regulatory database
[So Jul 26 16:10:37 2026] usb 1-1: Dumping efuse for RTL8188EU (0x200 bytes):
[So Jul 26 16:10:37 2026] usb 1-1: RTL8188EU rev D (TSMC) romver 0, 1T1R, TX queues 2, WiFi=1, BT=0, GPS=0, HI PA=0
[So Jul 26 16:10:37 2026] usb 1-1: RTL8188EU MAC: bc:fc:e7:29:24:07
[So Jul 26 16:10:37 2026] usb 1-1: rtl8xxxu: Loading firmware rtlwifi/rtl8188eufw.bin
[So Jul 26 16:10:38 2026] usbcore: registered new interface driver rtl8xxxu
[So Jul 26 16:10:38 2026] rtl8xxxu 1-1:1.0 wlxbcfce7292407: renamed from wlan0
[So Jul 26 16:10:43 2026] wlxbcfce7292407: authenticate with b8:ec:a3:dc:73:f5 (local address=bc:fc:e7:29:24:07)
[So Jul 26 16:10:43 2026] wlxbcfce7292407: send auth to b8:ec:a3:dc:73:f5 (try 1/3)
[So Jul 26 16:10:43 2026] wlxbcfce7292407: authenticated
[So Jul 26 16:10:43 2026] wlxbcfce7292407: associate with b8:ec:a3:dc:73:f5 (try 1/3)
[So Jul 26 16:10:43 2026] wlxbcfce7292407: RX AssocResp from b8:ec:a3:dc:73:f5 (capab=0x411 status=0 aid=40)
[So Jul 26 16:10:43 2026] usb 1-1: rtl8xxxu_bss_info_changed: HT supported
[So Jul 26 16:10:43 2026] wlxbcfce7292407: associated
[So Jul 26 16:10:47 2026] iwlwifi 0000:03:00.0: enabling device (0000 -> 0002)
[So Jul 26 16:10:47 2026] iwlwifi 0000:03:00.0: Detected crf-id 0xbadcafe, cnv-id 0x3000000 wfpm id 0x80000000
[So Jul 26 16:10:47 2026] iwlwifi 0000:03:00.0: PCI dev 24f3/0130, rev=0x201, rfid=0xd55555d5
[So Jul 26 16:10:47 2026] iwlwifi 0000:03:00.0: Detected Intel(R) Dual Band Wireless-AC 8260
[So Jul 26 16:10:47 2026] iwlwifi 0000:03:00.0: loaded firmware version 36.c8e8e144.0 8000C-36.ucode op_mode iwlmvm
[So Jul 26 16:10:47 2026] iwlwifi 0000:03:00.0: base HW address: f4:8c:50:23:4a:74, OTP minor version: 0x4
[So Jul 26 16:10:48 2026] ieee80211 phy1: Selected rate control algorithm 'iwl-mvm-rs'
[So Jul 26 16:10:48 2026] iwlwifi 0000:03:00.0 wlp3s0: renamed from wlan0
[So Jul 26 16:11:10 2026] wlxbcfce7292407: deauthenticating from b8:ec:a3:dc:73:f5 by local choice (Reason: 3=DEAUTH_LEAVING)
[So Jul 26 16:11:12 2026] wlxbcfce7292407: authenticate with b8:ec:a3:dc:73:f5 (local address=bc:fc:e7:29:24:07)
[So Jul 26 16:11:12 2026] wlxbcfce7292407: send auth to b8:ec:a3:dc:73:f5 (try 1/3)
[So Jul 26 16:11:12 2026] wlxbcfce7292407: authenticated
[So Jul 26 16:11:12 2026] wlxbcfce7292407: associate with b8:ec:a3:dc:73:f5 (try 1/3)
[So Jul 26 16:11:12 2026] wlxbcfce7292407: RX AssocResp from b8:ec:a3:dc:73:f5 (capab=0x411 status=0 aid=40)
[So Jul 26 16:11:12 2026] usb 1-1: rtl8xxxu_bss_info_changed: HT supported
[So Jul 26 16:11:12 2026] wlxbcfce7292407: associated
[So Jul 26 16:11:15 2026] wlp3s0: authenticate with b8:ec:a3:dc:73:f5 (local address=f4:8c:50:23:4a:74)
[So Jul 26 16:11:15 2026] wlp3s0: send auth to b8:ec:a3:dc:73:f5 (try 1/3)
[So Jul 26 16:11:15 2026] wlp3s0: authenticated
[So Jul 26 16:11:15 2026] wlp3s0: associate with b8:ec:a3:dc:73:f5 (try 1/3)
[So Jul 26 16:11:15 2026] wlp3s0: RX AssocResp from b8:ec:a3:dc:73:f5 (capab=0x411 status=0 aid=45)
[So Jul 26 16:11:15 2026] wlp3s0: associated
[So Jul 26 16:11:29 2026] wlp3s0: authenticate with b8:ec:a3:dc:73:f5 (local address=f4:8c:50:23:4a:74)
[So Jul 26 16:11:29 2026] wlp3s0: send auth to b8:ec:a3:dc:73:f5 (try 1/3)
[So Jul 26 16:11:29 2026] wlp3s0: authenticated
[So Jul 26 16:11:29 2026] wlp3s0: associate with b8:ec:a3:dc:73:f5 (try 1/3)
[So Jul 26 16:11:29 2026] wlp3s0: associate with b8:ec:a3:dc:73:f5 (try 2/3)
[So Jul 26 16:11:29 2026] wlp3s0: associate with b8:ec:a3:dc:73:f5 (try 3/3)
[So Jul 26 16:11:29 2026] wlp3s0: association with b8:ec:a3:dc:73:f5 timed out
[So Jul 26 16:12:16 2026] wlp3s0: authenticate with b8:ec:a3:dc:73:f5 (local address=f4:8c:50:23:4a:74)
[So Jul 26 16:12:16 2026] wlp3s0: send auth to b8:ec:a3:dc:73:f5 (try 1/3)
[So Jul 26 16:12:16 2026] wlp3s0: authenticated
[So Jul 26 16:12:16 2026] wlp3s0: associate with b8:ec:a3:dc:73:f5 (try 1/3)
[So Jul 26 16:12:16 2026] wlp3s0: RX AssocResp from b8:ec:a3:dc:73:f5 (capab=0x411 status=0 aid=45)
[So Jul 26 16:12:16 2026] wlp3s0: associated
[So Jul 26 16:12:23 2026] wlp3s0: Connection to AP b8:ec:a3:dc:73:f5 lost
[So Jul 26 16:20:45 2026] ata1.00: failed command: WRITE FPDMA QUEUED
[So Jul 26 16:20:45 2026] ata1: hard resetting link
[So Jul 26 16:27:35 2026] wlxbcfce7292407: authenticate with b8:ec:a3:dc:73:f5 (local address=bc:fc:e7:29:24:07)
[So Jul 26 16:27:35 2026] wlxbcfce7292407: send auth to b8:ec:a3:dc:73:f5 (try 1/3)
[So Jul 26 16:27:35 2026] wlxbcfce7292407: authenticated
[So Jul 26 16:27:35 2026] wlxbcfce7292407: associate with b8:ec:a3:dc:73:f5 (try 1/3)
[So Jul 26 16:27:35 2026] wlxbcfce7292407: associate with b8:ec:a3:dc:73:f5 (try 2/3)
[So Jul 26 16:27:35 2026] wlxbcfce7292407: associate with b8:ec:a3:dc:73:f5 (try 3/3)
[So Jul 26 16:27:35 2026] wlxbcfce7292407: association with b8:ec:a3:dc:73:f5 timed out
[So Jul 26 16:27:43 2026] wlxbcfce7292407: authenticate with b8:ec:a3:dc:73:f5 (local address=bc:fc:e7:29:24:07)
[So Jul 26 16:27:43 2026] wlxbcfce7292407: send auth to b8:ec:a3:dc:73:f5 (try 1/3)
[So Jul 26 16:27:43 2026] wlxbcfce7292407: authenticated
[So Jul 26 16:27:43 2026] wlxbcfce7292407: associate with b8:ec:a3:dc:73:f5 (try 1/3)
[So Jul 26 16:27:43 2026] wlxbcfce7292407: RX AssocResp from b8:ec:a3:dc:73:f5 (capab=0x411 status=0 aid=40)
[So Jul 26 16:27:43 2026] usb 1-1: rtl8xxxu_bss_info_changed: HT supported
[So Jul 26 16:27:43 2026] wlxbcfce7292407: associated
[So Jul 26 16:31:03 2026] ata1.00: failed command: WRITE FPDMA QUEUED
[So Jul 26 16:31:03 2026] ata1.00: failed command: WRITE FPDMA QUEUED
[So Jul 26 16:31:03 2026] ata1: hard resetting link
[So Jul 26 16:31:07 2026] usbcore: deregistering interface driver rtl8xxxu
[So Jul 26 16:31:07 2026] wlxbcfce7292407: deauthenticating from b8:ec:a3:dc:73:f5 by local choice (Reason: 3=DEAUTH_LEAVING)
[So Jul 26 16:31:07 2026] usb 1-1: Device still attached, trying to reset
[So Jul 26 16:31:07 2026] usb 1-1: reset high-speed USB device number 8 using xhci_hcd
[So Jul 26 16:31:09 2026] iwlwifi 0000:03:00.0: Detected crf-id 0xbadcafe, cnv-id 0x3000000 wfpm id 0x80000000
[So Jul 26 16:31:09 2026] iwlwifi 0000:03:00.0: PCI dev 24f3/0130, rev=0x201, rfid=0xd55555d5
[So Jul 26 16:31:09 2026] iwlwifi 0000:03:00.0: Detected Intel(R) Dual Band Wireless-AC 8260
[So Jul 26 16:31:09 2026] iwlwifi 0000:03:00.0: loaded firmware version 36.c8e8e144.0 8000C-36.ucode op_mode iwlmvm
[So Jul 26 16:31:09 2026] usb 1-1: Dumping efuse for RTL8188EU (0x200 bytes):
[So Jul 26 16:31:09 2026] usb 1-1: RTL8188EU rev D (TSMC) romver 0, 1T1R, TX queues 2, WiFi=1, BT=0, GPS=0, HI PA=0
[So Jul 26 16:31:09 2026] usb 1-1: RTL8188EU MAC: bc:fc:e7:29:24:07
[So Jul 26 16:31:09 2026] usb 1-1: rtl8xxxu: Loading firmware rtlwifi/rtl8188eufw.bin
[So Jul 26 16:31:09 2026] iwlwifi 0000:03:00.0: base HW address: f4:8c:50:23:4a:74, OTP minor version: 0x4
[So Jul 26 16:31:09 2026] ieee80211 phy3: Selected rate control algorithm 'iwl-mvm-rs'
[So Jul 26 16:31:09 2026] iwlwifi 0000:03:00.0 wlp3s0: renamed from wlan0
[So Jul 26 16:31:10 2026] usbcore: registered new interface driver rtl8xxxu
[So Jul 26 16:31:10 2026] rtl8xxxu 1-1:1.0 wlxbcfce7292407: renamed from wlan0
[So Jul 26 16:31:11 2026] wlxbcfce7292407: authenticate with b8:ec:a3:dc:73:f5 (local address=bc:fc:e7:29:24:07)
[So Jul 26 16:31:11 2026] wlxbcfce7292407: send auth to b8:ec:a3:dc:73:f5 (try 1/3)
[So Jul 26 16:31:11 2026] wlxbcfce7292407: authenticated
[So Jul 26 16:31:11 2026] wlxbcfce7292407: associate with b8:ec:a3:dc:73:f5 (try 1/3)
[So Jul 26 16:31:12 2026] wlxbcfce7292407: associate with b8:ec:a3:dc:73:f5 (try 2/3)
[So Jul 26 16:31:12 2026] wlxbcfce7292407: associate with b8:ec:a3:dc:73:f5 (try 3/3)
[So Jul 26 16:31:12 2026] wlxbcfce7292407: association with b8:ec:a3:dc:73:f5 timed out
[So Jul 26 16:31:13 2026] wlxbcfce7292407: authenticate with b8:ec:a3:dc:73:f5 (local address=bc:fc:e7:29:24:07)
[So Jul 26 16:31:13 2026] wlxbcfce7292407: send auth to b8:ec:a3:dc:73:f5 (try 1/3)
[So Jul 26 16:31:13 2026] wlxbcfce7292407: authenticated
[So Jul 26 16:31:13 2026] wlxbcfce7292407: associate with b8:ec:a3:dc:73:f5 (try 1/3)
[So Jul 26 16:31:13 2026] wlxbcfce7292407: associate with b8:ec:a3:dc:73:f5 (try 2/3)
[So Jul 26 16:31:13 2026] wlxbcfce7292407: associate with b8:ec:a3:dc:73:f5 (try 3/3)
[So Jul 26 16:31:14 2026] wlxbcfce7292407: association with b8:ec:a3:dc:73:f5 timed out
[So Jul 26 16:31:21 2026] wlxbcfce7292407: authenticate with b8:ec:a3:dc:73:f5 (local address=bc:fc:e7:29:24:07)
[So Jul 26 16:31:21 2026] wlxbcfce7292407: send auth to b8:ec:a3:dc:73:f5 (try 1/3)
[So Jul 26 16:31:21 2026] wlxbcfce7292407: authenticated
[So Jul 26 16:31:21 2026] wlxbcfce7292407: associate with b8:ec:a3:dc:73:f5 (try 1/3)
[So Jul 26 16:31:21 2026] wlxbcfce7292407: RX AssocResp from b8:ec:a3:dc:73:f5 (capab=0x411 status=0 aid=40)
[So Jul 26 16:31:21 2026] usb 1-1: rtl8xxxu_bss_info_changed: HT supported
[So Jul 26 16:31:21 2026] wlxbcfce7292407: associated
[So Jul 26 16:34:08 2026] wlxbcfce7292407: deauthenticating from b8:ec:a3:dc:73:f5 by local choice (Reason: 3=DEAUTH_LEAVING)
[So Jul 26 16:34:15 2026] usb 1-1: Dumping efuse for RTL8188EU (0x200 bytes):
[So Jul 26 16:34:15 2026] usb 1-1: RTL8188EU rev D (TSMC) romver 0, 1T1R, TX queues 2, WiFi=1, BT=0, GPS=0, HI PA=0
[So Jul 26 16:34:15 2026] usb 1-1: RTL8188EU MAC: bc:fc:e7:29:24:07
[So Jul 26 16:34:15 2026] usb 1-1: rtl8xxxu: Loading firmware rtlwifi/rtl8188eufw.bin
[So Jul 26 16:34:16 2026] rtl8xxxu 1-1:1.0 wlxbcfce7292407: renamed from wlan0
[So Jul 26 16:34:26 2026] wlxbcfce7292407: authenticate with b8:ec:a3:dc:73:f5 (local address=bc:fc:e7:29:24:07)
[So Jul 26 16:34:26 2026] wlxbcfce7292407: send auth to b8:ec:a3:dc:73:f5 (try 1/3)
[So Jul 26 16:34:26 2026] wlxbcfce7292407: authenticated
[So Jul 26 16:34:26 2026] wlxbcfce7292407: associate with b8:ec:a3:dc:73:f5 (try 1/3)
[So Jul 26 16:34:26 2026] wlxbcfce7292407: associate with b8:ec:a3:dc:73:f5 (try 2/3)
[So Jul 26 16:34:27 2026] wlxbcfce7292407: associate with b8:ec:a3:dc:73:f5 (try 3/3)
[So Jul 26 16:34:27 2026] wlxbcfce7292407: association with b8:ec:a3:dc:73:f5 timed out
[So Jul 26 16:34:34 2026] wlxbcfce7292407: authenticate with b8:ec:a3:dc:73:f5 (local address=bc:fc:e7:29:24:07)
[So Jul 26 16:34:34 2026] wlxbcfce7292407: send auth to b8:ec:a3:dc:73:f5 (try 1/3)
[So Jul 26 16:34:34 2026] wlxbcfce7292407: authenticated
[So Jul 26 16:34:34 2026] wlxbcfce7292407: associate with b8:ec:a3:dc:73:f5 (try 1/3)
[So Jul 26 16:34:34 2026] wlxbcfce7292407: RX AssocResp from b8:ec:a3:dc:73:f5 (capab=0x411 status=0 aid=40)
[So Jul 26 16:34:34 2026] usb 1-1: rtl8xxxu_bss_info_changed: HT supported
[So Jul 26 16:34:34 2026] wlxbcfce7292407: associated
[So Jul 26 16:45:57 2026] wlxbcfce7292407: deauthenticating from b8:ec:a3:dc:73:f5 by local choice (Reason: 3=DEAUTH_LEAVING)
[So Jul 26 16:45:58 2026] usb 1-1: Device still attached, trying to reset
[So Jul 26 16:45:58 2026] usb 1-1: reset high-speed USB device number 9 using xhci_hcd
[So Jul 26 16:45:59 2026] usb 1-7: reset high-speed USB device number 5 using xhci_hcd
[So Jul 26 16:45:59 2026] usb 1-2: reset high-speed USB device number 3 using xhci_hcd
[So Jul 26 16:45:59 2026] usb 1-6: reset full-speed USB device number 4 using xhci_hcd
[So Jul 26 16:46:00 2026] usb 1-1: Dumping efuse for RTL8188EU (0x200 bytes):
[So Jul 26 16:46:00 2026] usb 1-1: RTL8188EU rev D (TSMC) romver 0, 1T1R, TX queues 2, WiFi=1, BT=0, GPS=0, HI PA=0
[So Jul 26 16:46:00 2026] usb 1-1: RTL8188EU MAC: bc:fc:e7:29:24:07
[So Jul 26 16:46:00 2026] usb 1-1: rtl8xxxu: Loading firmware rtlwifi/rtl8188eufw.bin
[So Jul 26 16:46:01 2026] rtl8xxxu 1-1:1.0 wlxbcfce7292407: renamed from wlan0
[So Jul 26 16:46:02 2026] wlxbcfce7292407: authenticate with b8:ec:a3:dc:73:f5 (local address=bc:fc:e7:29:24:07)
[So Jul 26 16:46:02 2026] wlxbcfce7292407: send auth to b8:ec:a3:dc:73:f5 (try 1/3)
[So Jul 26 16:46:02 2026] wlxbcfce7292407: authenticated
[So Jul 26 16:46:02 2026] wlxbcfce7292407: associate with b8:ec:a3:dc:73:f5 (try 1/3)
[So Jul 26 16:46:02 2026] wlxbcfce7292407: RX AssocResp from b8:ec:a3:dc:73:f5 (capab=0x411 status=0 aid=46)
[So Jul 26 16:46:02 2026] usb 1-1: rtl8xxxu_bss_info_changed: HT supported
[So Jul 26 16:46:02 2026] wlxbcfce7292407: associated
[So Jul 26 16:49:04 2026] ata1.00: failed command: WRITE FPDMA QUEUED
[So Jul 26 16:49:04 2026] ata1.00: failed command: READ FPDMA QUEUED
[So Jul 26 16:49:04 2026] ata1.00: failed command: WRITE FPDMA QUEUED
[So Jul 26 16:49:04 2026] ata1: hard resetting link
[So Jul 26 16:51:10 2026] ata1.00: failed command: WRITE FPDMA QUEUED
[So Jul 26 16:51:10 2026] ata1.00: failed command: WRITE FPDMA QUEUED
[So Jul 26 16:51:10 2026] ata1.00: failed command: WRITE FPDMA QUEUED
[So Jul 26 16:51:10 2026] ata1.00: failed command: WRITE FPDMA QUEUED
[So Jul 26 16:51:10 2026] ata1: hard resetting link
[So Jul 26 16:55:11 2026] ata1.00: failed command: WRITE FPDMA QUEUED
[So Jul 26 16:55:11 2026] ata1.00: failed command: WRITE FPDMA QUEUED
[So Jul 26 16:55:11 2026] ata1.00: failed command: WRITE FPDMA QUEUED
[So Jul 26 16:55:11 2026] ata1: hard resetting link
[So Jul 26 17:02:36 2026] ata1.00: failed command: WRITE FPDMA QUEUED
[So Jul 26 17:02:36 2026] ata1: hard resetting link
[So Jul 26 17:02:36 2026] ata1.00: failed command: WRITE FPDMA QUEUED
[So Jul 26 17:02:36 2026] ata1: hard resetting link
[So Jul 26 15:53:33 2026] systemd[1]: Listening on systemd-factory-reset.socket - Factory Reset Management.
[So Jul 26 15:53:36 2026] Bluetooth: hci0: Reading supported features failed (-16)
[So Jul 26 16:10:37 2026] cfg80211: Loading compiled-in X.509 certificates for regulatory database
[So Jul 26 16:10:37 2026] usb 1-1: Dumping efuse for RTL8188EU (0x200 bytes):
[So Jul 26 16:10:37 2026] usb 1-1: RTL8188EU rev D (TSMC) romver 0, 1T1R, TX queues 2, WiFi=1, BT=0, GPS=0, HI PA=0
[So Jul 26 16:10:37 2026] usb 1-1: RTL8188EU MAC: bc:fc:e7:29:24:07
[So Jul 26 16:10:37 2026] usb 1-1: rtl8xxxu: Loading firmware rtlwifi/rtl8188eufw.bin
[So Jul 26 16:10:38 2026] usbcore: registered new interface driver rtl8xxxu
[So Jul 26 16:10:38 2026] rtl8xxxu 1-1:1.0 wlxbcfce7292407: renamed from wlan0
[So Jul 26 16:10:43 2026] wlxbcfce7292407: authenticate with b8:ec:a3:dc:73:f5 (local address=bc:fc:e7:29:24:07)
[So Jul 26 16:10:43 2026] wlxbcfce7292407: send auth to b8:ec:a3:dc:73:f5 (try 1/3)
[So Jul 26 16:10:43 2026] wlxbcfce7292407: authenticated
[So Jul 26 16:10:43 2026] wlxbcfce7292407: associate with b8:ec:a3:dc:73:f5 (try 1/3)
[So Jul 26 16:10:43 2026] wlxbcfce7292407: RX AssocResp from b8:ec:a3:dc:73:f5 (capab=0x411 status=0 aid=40)
[So Jul 26 16:10:43 2026] usb 1-1: rtl8xxxu_bss_info_changed: HT supported
[So Jul 26 16:10:43 2026] wlxbcfce7292407: associated
[So Jul 26 16:10:47 2026] iwlwifi 0000:03:00.0: enabling device (0000 -> 0002)
[So Jul 26 16:10:47 2026] iwlwifi 0000:03:00.0: Detected crf-id 0xbadcafe, cnv-id 0x3000000 wfpm id 0x80000000
[So Jul 26 16:10:47 2026] iwlwifi 0000:03:00.0: PCI dev 24f3/0130, rev=0x201, rfid=0xd55555d5
[So Jul 26 16:10:47 2026] iwlwifi 0000:03:00.0: Detected Intel(R) Dual Band Wireless-AC 8260
[So Jul 26 16:10:47 2026] iwlwifi 0000:03:00.0: loaded firmware version 36.c8e8e144.0 8000C-36.ucode op_mode iwlmvm
[So Jul 26 16:10:47 2026] iwlwifi 0000:03:00.0: base HW address: f4:8c:50:23:4a:74, OTP minor version: 0x4
[So Jul 26 16:10:48 2026] ieee80211 phy1: Selected rate control algorithm 'iwl-mvm-rs'
[So Jul 26 16:10:48 2026] iwlwifi 0000:03:00.0 wlp3s0: renamed from wlan0
[So Jul 26 16:11:10 2026] wlxbcfce7292407: deauthenticating from b8:ec:a3:dc:73:f5 by local choice (Reason: 3=DEAUTH_LEAVING)
[So Jul 26 16:11:12 2026] wlxbcfce7292407: authenticate with b8:ec:a3:dc:73:f5 (local address=bc:fc:e7:29:24:07)
[So Jul 26 16:11:12 2026] wlxbcfce7292407: send auth to b8:ec:a3:dc:73:f5 (try 1/3)
[So Jul 26 16:11:12 2026] wlxbcfce7292407: authenticated
[So Jul 26 16:11:12 2026] wlxbcfce7292407: associate with b8:ec:a3:dc:73:f5 (try 1/3)
[So Jul 26 16:11:12 2026] wlxbcfce7292407: RX AssocResp from b8:ec:a3:dc:73:f5 (capab=0x411 status=0 aid=40)
[So Jul 26 16:11:12 2026] usb 1-1: rtl8xxxu_bss_info_changed: HT supported
[So Jul 26 16:11:12 2026] wlxbcfce7292407: associated
[So Jul 26 16:11:15 2026] wlp3s0: authenticate with b8:ec:a3:dc:73:f5 (local address=f4:8c:50:23:4a:74)
[So Jul 26 16:11:15 2026] wlp3s0: send auth to b8:ec:a3:dc:73:f5 (try 1/3)
[So Jul 26 16:11:15 2026] wlp3s0: authenticated
[So Jul 26 16:11:15 2026] wlp3s0: associate with b8:ec:a3:dc:73:f5 (try 1/3)
[So Jul 26 16:11:15 2026] wlp3s0: RX AssocResp from b8:ec:a3:dc:73:f5 (capab=0x411 status=0 aid=45)
[So Jul 26 16:11:15 2026] wlp3s0: associated
[So Jul 26 16:11:29 2026] wlp3s0: authenticate with b8:ec:a3:dc:73:f5 (local address=f4:8c:50:23:4a:74)
[So Jul 26 16:11:29 2026] wlp3s0: send auth to b8:ec:a3:dc:73:f5 (try 1/3)
[So Jul 26 16:11:29 2026] wlp3s0: authenticated
[So Jul 26 16:11:29 2026] wlp3s0: associate with b8:ec:a3:dc:73:f5 (try 1/3)
[So Jul 26 16:11:29 2026] wlp3s0: associate with b8:ec:a3:dc:73:f5 (try 2/3)
[So Jul 26 16:11:29 2026] wlp3s0: associate with b8:ec:a3:dc:73:f5 (try 3/3)
[So Jul 26 16:11:29 2026] wlp3s0: association with b8:ec:a3:dc:73:f5 timed out
[So Jul 26 16:12:16 2026] wlp3s0: authenticate with b8:ec:a3:dc:73:f5 (local address=f4:8c:50:23:4a:74)
[So Jul 26 16:12:16 2026] wlp3s0: send auth to b8:ec:a3:dc:73:f5 (try 1/3)
[So Jul 26 16:12:16 2026] wlp3s0: authenticated
[So Jul 26 16:12:16 2026] wlp3s0: associate with b8:ec:a3:dc:73:f5 (try 1/3)
[So Jul 26 16:12:16 2026] wlp3s0: RX AssocResp from b8:ec:a3:dc:73:f5 (capab=0x411 status=0 aid=45)
[So Jul 26 16:12:16 2026] wlp3s0: associated
[So Jul 26 16:12:23 2026] wlp3s0: Connection to AP b8:ec:a3:dc:73:f5 lost
[So Jul 26 16:20:45 2026] ata1.00: failed command: WRITE FPDMA QUEUED
[So Jul 26 16:20:45 2026] ata1: hard resetting link
[So Jul 26 16:27:35 2026] wlxbcfce7292407: authenticate with b8:ec:a3:dc:73:f5 (local address=bc:fc:e7:29:24:07)
[So Jul 26 16:27:35 2026] wlxbcfce7292407: send auth to b8:ec:a3:dc:73:f5 (try 1/3)
[So Jul 26 16:27:35 2026] wlxbcfce7292407: authenticated
[So Jul 26 16:27:35 2026] wlxbcfce7292407: associate with b8:ec:a3:dc:73:f5 (try 1/3)
[So Jul 26 16:27:35 2026] wlxbcfce7292407: associate with b8:ec:a3:dc:73:f5 (try 2/3)
[So Jul 26 16:27:35 2026] wlxbcfce7292407: associate with b8:ec:a3:dc:73:f5 (try 3/3)
[So Jul 26 16:27:35 2026] wlxbcfce7292407: association with b8:ec:a3:dc:73:f5 timed out
[So Jul 26 16:27:43 2026] wlxbcfce7292407: authenticate with b8:ec:a3:dc:73:f5 (local address=bc:fc:e7:29:24:07)
[So Jul 26 16:27:43 2026] wlxbcfce7292407: send auth to b8:ec:a3:dc:73:f5 (try 1/3)
[So Jul 26 16:27:43 2026] wlxbcfce7292407: authenticated
[So Jul 26 16:27:43 2026] wlxbcfce7292407: associate with b8:ec:a3:dc:73:f5 (try 1/3)
[So Jul 26 16:27:43 2026] wlxbcfce7292407: RX AssocResp from b8:ec:a3:dc:73:f5 (capab=0x411 status=0 aid=40)
[So Jul 26 16:27:43 2026] usb 1-1: rtl8xxxu_bss_info_changed: HT supported
[So Jul 26 16:27:43 2026] wlxbcfce7292407: associated
[So Jul 26 16:31:03 2026] ata1.00: failed command: WRITE FPDMA QUEUED
[So Jul 26 16:31:03 2026] ata1.00: failed command: WRITE FPDMA QUEUED
[So Jul 26 16:31:03 2026] ata1: hard resetting link
[So Jul 26 16:31:07 2026] usbcore: deregistering interface driver rtl8xxxu
[So Jul 26 16:31:07 2026] wlxbcfce7292407: deauthenticating from b8:ec:a3:dc:73:f5 by local choice (Reason: 3=DEAUTH_LEAVING)
[So Jul 26 16:31:07 2026] usb 1-1: Device still attached, trying to reset
[So Jul 26 16:31:07 2026] usb 1-1: reset high-speed USB device number 8 using xhci_hcd
[So Jul 26 16:31:09 2026] iwlwifi 0000:03:00.0: Detected crf-id 0xbadcafe, cnv-id 0x3000000 wfpm id 0x80000000
[So Jul 26 16:31:09 2026] iwlwifi 0000:03:00.0: PCI dev 24f3/0130, rev=0x201, rfid=0xd55555d5
[So Jul 26 16:31:09 2026] iwlwifi 0000:03:00.0: Detected Intel(R) Dual Band Wireless-AC 8260
[So Jul 26 16:31:09 2026] iwlwifi 0000:03:00.0: loaded firmware version 36.c8e8e144.0 8000C-36.ucode op_mode iwlmvm
[So Jul 26 16:31:09 2026] usb 1-1: Dumping efuse for RTL8188EU (0x200 bytes):
[So Jul 26 16:31:09 2026] usb 1-1: RTL8188EU rev D (TSMC) romver 0, 1T1R, TX queues 2, WiFi=1, BT=0, GPS=0, HI PA=0
[So Jul 26 16:31:09 2026] usb 1-1: RTL8188EU MAC: bc:fc:e7:29:24:07
[So Jul 26 16:31:09 2026] usb 1-1: rtl8xxxu: Loading firmware rtlwifi/rtl8188eufw.bin
[So Jul 26 16:31:09 2026] iwlwifi 0000:03:00.0: base HW address: f4:8c:50:23:4a:74, OTP minor version: 0x4
[So Jul 26 16:31:09 2026] ieee80211 phy3: Selected rate control algorithm 'iwl-mvm-rs'
[So Jul 26 16:31:09 2026] iwlwifi 0000:03:00.0 wlp3s0: renamed from wlan0
[So Jul 26 16:31:10 2026] usbcore: registered new interface driver rtl8xxxu
[So Jul 26 16:31:10 2026] rtl8xxxu 1-1:1.0 wlxbcfce7292407: renamed from wlan0
[So Jul 26 16:31:11 2026] wlxbcfce7292407: authenticate with b8:ec:a3:dc:73:f5 (local address=bc:fc:e7:29:24:07)
[So Jul 26 16:31:11 2026] wlxbcfce7292407: send auth to b8:ec:a3:dc:73:f5 (try 1/3)
[So Jul 26 16:31:11 2026] wlxbcfce7292407: authenticated
[So Jul 26 16:31:11 2026] wlxbcfce7292407: associate with b8:ec:a3:dc:73:f5 (try 1/3)
[So Jul 26 16:31:12 2026] wlxbcfce7292407: associate with b8:ec:a3:dc:73:f5 (try 2/3)
[So Jul 26 16:31:12 2026] wlxbcfce7292407: associate with b8:ec:a3:dc:73:f5 (try 3/3)
[So Jul 26 16:31:12 2026] wlxbcfce7292407: association with b8:ec:a3:dc:73:f5 timed out
[So Jul 26 16:31:13 2026] wlxbcfce7292407: authenticate with b8:ec:a3:dc:73:f5 (local address=bc:fc:e7:29:24:07)
[So Jul 26 16:31:13 2026] wlxbcfce7292407: send auth to b8:ec:a3:dc:73:f5 (try 1/3)
[So Jul 26 16:31:13 2026] wlxbcfce7292407: authenticated
[So Jul 26 16:31:13 2026] wlxbcfce7292407: associate with b8:ec:a3:dc:73:f5 (try 1/3)
[So Jul 26 16:31:13 2026] wlxbcfce7292407: associate with b8:ec:a3:dc:73:f5 (try 2/3)
[So Jul 26 16:31:13 2026] wlxbcfce7292407: associate with b8:ec:a3:dc:73:f5 (try 3/3)
[So Jul 26 16:31:14 2026] wlxbcfce7292407: association with b8:ec:a3:dc:73:f5 timed out
[So Jul 26 16:31:21 2026] wlxbcfce7292407: authenticate with b8:ec:a3:dc:73:f5 (local address=bc:fc:e7:29:24:07)
[So Jul 26 16:31:21 2026] wlxbcfce7292407: send auth to b8:ec:a3:dc:73:f5 (try 1/3)
[So Jul 26 16:31:21 2026] wlxbcfce7292407: authenticated
[So Jul 26 16:31:21 2026] wlxbcfce7292407: associate with b8:ec:a3:dc:73:f5 (try 1/3)
[So Jul 26 16:31:21 2026] wlxbcfce7292407: RX AssocResp from b8:ec:a3:dc:73:f5 (capab=0x411 status=0 aid=40)
[So Jul 26 16:31:21 2026] usb 1-1: rtl8xxxu_bss_info_changed: HT supported
[So Jul 26 16:31:21 2026] wlxbcfce7292407: associated
[So Jul 26 16:34:08 2026] wlxbcfce7292407: deauthenticating from b8:ec:a3:dc:73:f5 by local choice (Reason: 3=DEAUTH_LEAVING)
[So Jul 26 16:34:15 2026] usb 1-1: Dumping efuse for RTL8188EU (0x200 bytes):
[So Jul 26 16:34:15 2026] usb 1-1: RTL8188EU rev D (TSMC) romver 0, 1T1R, TX queues 2, WiFi=1, BT=0, GPS=0, HI PA=0
[So Jul 26 16:34:15 2026] usb 1-1: RTL8188EU MAC: bc:fc:e7:29:24:07
[So Jul 26 16:34:15 2026] usb 1-1: rtl8xxxu: Loading firmware rtlwifi/rtl8188eufw.bin
[So Jul 26 16:34:16 2026] rtl8xxxu 1-1:1.0 wlxbcfce7292407: renamed from wlan0
[So Jul 26 16:34:26 2026] wlxbcfce7292407: authenticate with b8:ec:a3:dc:73:f5 (local address=bc:fc:e7:29:24:07)
[So Jul 26 16:34:26 2026] wlxbcfce7292407: send auth to b8:ec:a3:dc:73:f5 (try 1/3)
[So Jul 26 16:34:26 2026] wlxbcfce7292407: authenticated
[So Jul 26 16:34:26 2026] wlxbcfce7292407: associate with b8:ec:a3:dc:73:f5 (try 1/3)
[So Jul 26 16:34:26 2026] wlxbcfce7292407: associate with b8:ec:a3:dc:73:f5 (try 2/3)
[So Jul 26 16:34:27 2026] wlxbcfce7292407: associate with b8:ec:a3:dc:73:f5 (try 3/3)
[So Jul 26 16:34:27 2026] wlxbcfce7292407: association with b8:ec:a3:dc:73:f5 timed out
[So Jul 26 16:34:34 2026] wlxbcfce7292407: authenticate with b8:ec:a3:dc:73:f5 (local address=bc:fc:e7:29:24:07)
[So Jul 26 16:34:34 2026] wlxbcfce7292407: send auth to b8:ec:a3:dc:73:f5 (try 1/3)
[So Jul 26 16:34:34 2026] wlxbcfce7292407: authenticated
[So Jul 26 16:34:34 2026] wlxbcfce7292407: associate with b8:ec:a3:dc:73:f5 (try 1/3)
[So Jul 26 16:34:34 2026] wlxbcfce7292407: RX AssocResp from b8:ec:a3:dc:73:f5 (capab=0x411 status=0 aid=40)
[So Jul 26 16:34:34 2026] usb 1-1: rtl8xxxu_bss_info_changed: HT supported
[So Jul 26 16:34:34 2026] wlxbcfce7292407: associated
[So Jul 26 16:45:57 2026] wlxbcfce7292407: deauthenticating from b8:ec:a3:dc:73:f5 by local choice (Reason: 3=DEAUTH_LEAVING)
[So Jul 26 16:45:58 2026] usb 1-1: Device still attached, trying to reset
[So Jul 26 16:45:58 2026] usb 1-1: reset high-speed USB device number 9 using xhci_hcd
[So Jul 26 16:45:59 2026] usb 1-7: reset high-speed USB device number 5 using xhci_hcd
[So Jul 26 16:45:59 2026] usb 1-2: reset high-speed USB device number 3 using xhci_hcd
[So Jul 26 16:45:59 2026] usb 1-6: reset full-speed USB device number 4 using xhci_hcd
[So Jul 26 16:46:00 2026] usb 1-1: Dumping efuse for RTL8188EU (0x200 bytes):
[So Jul 26 16:46:00 2026] usb 1-1: RTL8188EU rev D (TSMC) romver 0, 1T1R, TX queues 2, WiFi=1, BT=0, GPS=0, HI PA=0
[So Jul 26 16:46:00 2026] usb 1-1: RTL8188EU MAC: bc:fc:e7:29:24:07
[So Jul 26 16:46:00 2026] usb 1-1: rtl8xxxu: Loading firmware rtlwifi/rtl8188eufw.bin
[So Jul 26 16:46:01 2026] rtl8xxxu 1-1:1.0 wlxbcfce7292407: renamed from wlan0
[So Jul 26 16:46:02 2026] wlxbcfce7292407: authenticate with b8:ec:a3:dc:73:f5 (local address=bc:fc:e7:29:24:07)
[So Jul 26 16:46:02 2026] wlxbcfce7292407: send auth to b8:ec:a3:dc:73:f5 (try 1/3)
[So Jul 26 16:46:02 2026] wlxbcfce7292407: authenticated
[So Jul 26 16:46:02 2026] wlxbcfce7292407: associate with b8:ec:a3:dc:73:f5 (try 1/3)
[So Jul 26 16:46:02 2026] wlxbcfce7292407: RX AssocResp from b8:ec:a3:dc:73:f5 (capab=0x411 status=0 aid=46)
[So Jul 26 16:46:02 2026] usb 1-1: rtl8xxxu_bss_info_changed: HT supported
[So Jul 26 16:46:02 2026] wlxbcfce7292407: associated
[So Jul 26 16:49:04 2026] ata1.00: failed command: WRITE FPDMA QUEUED
[So Jul 26 16:49:04 2026] ata1.00: failed command: READ FPDMA QUEUED
[So Jul 26 16:49:04 2026] ata1.00: failed command: WRITE FPDMA QUEUED
[So Jul 26 16:49:04 2026] ata1: hard resetting link
[So Jul 26 16:51:10 2026] ata1.00: failed command: WRITE FPDMA QUEUED
[So Jul 26 16:51:10 2026] ata1.00: failed command: WRITE FPDMA QUEUED
[So Jul 26 16:51:10 2026] ata1.00: failed command: WRITE FPDMA QUEUED
[So Jul 26 16:51:10 2026] ata1.00: failed command: WRITE FPDMA QUEUED
[So Jul 26 16:51:10 2026] ata1: hard resetting link
[So Jul 26 16:55:11 2026] ata1.00: failed command: WRITE FPDMA QUEUED
[So Jul 26 16:55:11 2026] ata1.00: failed command: WRITE FPDMA QUEUED
[So Jul 26 16:55:11 2026] ata1.00: failed command: WRITE FPDMA QUEUED
[So Jul 26 16:55:11 2026] ata1: hard resetting link
[So Jul 26 17:02:36 2026] ata1.00: failed command: WRITE FPDMA QUEUED
[So Jul 26 17:02:36 2026] ata1: hard resetting link
[So Jul 26 17:02:36 2026] ata1.00: failed command: WRITE FPDMA QUEUED
[So Jul 26 17:02:36 2026] ata1: hard resetting link
[So Jul 26 15:53:33 2026] systemd[1]: Listening on systemd-factory-reset.socket - Factory Reset Management.
[So Jul 26 15:53:36 2026] Bluetooth: hci0: Reading supported features failed (-16)
[So Jul 26 16:10:37 2026] cfg80211: Loading compiled-in X.509 certificates for regulatory database
[So Jul 26 16:10:37 2026] usb 1-1: Dumping efuse for RTL8188EU (0x200 bytes):
[So Jul 26 16:10:37 2026] usb 1-1: RTL8188EU rev D (TSMC) romver 0, 1T1R, TX queues 2, WiFi=1, BT=0, GPS=0, HI PA=0
[So Jul 26 16:10:37 2026] usb 1-1: RTL8188EU MAC: bc:fc:e7:29:24:07
[So Jul 26 16:10:37 2026] usb 1-1: rtl8xxxu: Loading firmware rtlwifi/rtl8188eufw.bin
[So Jul 26 16:10:38 2026] usbcore: registered new interface driver rtl8xxxu
[So Jul 26 16:10:38 2026] rtl8xxxu 1-1:1.0 wlxbcfce7292407: renamed from wlan0
[So Jul 26 16:10:43 2026] wlxbcfce7292407: authenticate with b8:ec:a3:dc:73:f5 (local address=bc:fc:e7:29:24:07)
[So Jul 26 16:10:43 2026] wlxbcfce7292407: send auth to b8:ec:a3:dc:73:f5 (try 1/3)
[So Jul 26 16:10:43 2026] wlxbcfce7292407: authenticated
[So Jul 26 16:10:43 2026] wlxbcfce7292407: associate with b8:ec:a3:dc:73:f5 (try 1/3)
[So Jul 26 16:10:43 2026] wlxbcfce7292407: RX AssocResp from b8:ec:a3:dc:73:f5 (capab=0x411 status=0 aid=40)
[So Jul 26 16:10:43 2026] usb 1-1: rtl8xxxu_bss_info_changed: HT supported
[So Jul 26 16:10:43 2026] wlxbcfce7292407: associated
[So Jul 26 16:10:47 2026] iwlwifi 0000:03:00.0: enabling device (0000 -> 0002)
[So Jul 26 16:10:47 2026] iwlwifi 0000:03:00.0: Detected crf-id 0xbadcafe, cnv-id 0x3000000 wfpm id 0x80000000
[So Jul 26 16:10:47 2026] iwlwifi 0000:03:00.0: PCI dev 24f3/0130, rev=0x201, rfid=0xd55555d5
[So Jul 26 16:10:47 2026] iwlwifi 0000:03:00.0: Detected Intel(R) Dual Band Wireless-AC 8260
[So Jul 26 16:10:47 2026] iwlwifi 0000:03:00.0: loaded firmware version 36.c8e8e144.0 8000C-36.ucode op_mode iwlmvm
[So Jul 26 16:10:47 2026] iwlwifi 0000:03:00.0: base HW address: f4:8c:50:23:4a:74, OTP minor version: 0x4
[So Jul 26 16:10:48 2026] ieee80211 phy1: Selected rate control algorithm 'iwl-mvm-rs'
[So Jul 26 16:10:48 2026] iwlwifi 0000:03:00.0 wlp3s0: renamed from wlan0
[So Jul 26 16:11:10 2026] wlxbcfce7292407: deauthenticating from b8:ec:a3:dc:73:f5 by local choice (Reason: 3=DEAUTH_LEAVING)
[So Jul 26 16:11:12 2026] wlxbcfce7292407: authenticate with b8:ec:a3:dc:73:f5 (local address=bc:fc:e7:29:24:07)
[So Jul 26 16:11:12 2026] wlxbcfce7292407: send auth to b8:ec:a3:dc:73:f5 (try 1/3)
[So Jul 26 16:11:12 2026] wlxbcfce7292407: authenticated
[So Jul 26 16:11:12 2026] wlxbcfce7292407: associate with b8:ec:a3:dc:73:f5 (try 1/3)
[So Jul 26 16:11:12 2026] wlxbcfce7292407: RX AssocResp from b8:ec:a3:dc:73:f5 (capab=0x411 status=0 aid=40)
[So Jul 26 16:11:12 2026] usb 1-1: rtl8xxxu_bss_info_changed: HT supported
[So Jul 26 16:11:12 2026] wlxbcfce7292407: associated
[So Jul 26 16:11:15 2026] wlp3s0: authenticate with b8:ec:a3:dc:73:f5 (local address=f4:8c:50:23:4a:74)
[So Jul 26 16:11:15 2026] wlp3s0: send auth to b8:ec:a3:dc:73:f5 (try 1/3)
[So Jul 26 16:11:15 2026] wlp3s0: authenticated
[So Jul 26 16:11:15 2026] wlp3s0: associate with b8:ec:a3:dc:73:f5 (try 1/3)
[So Jul 26 16:11:15 2026] wlp3s0: RX AssocResp from b8:ec:a3:dc:73:f5 (capab=0x411 status=0 aid=45)
[So Jul 26 16:11:15 2026] wlp3s0: associated
[So Jul 26 16:11:29 2026] wlp3s0: authenticate with b8:ec:a3:dc:73:f5 (local address=f4:8c:50:23:4a:74)
[So Jul 26 16:11:29 2026] wlp3s0: send auth to b8:ec:a3:dc:73:f5 (try 1/3)
[So Jul 26 16:11:29 2026] wlp3s0: authenticated
[So Jul 26 16:11:29 2026] wlp3s0: associate with b8:ec:a3:dc:73:f5 (try 1/3)
[So Jul 26 16:11:29 2026] wlp3s0: associate with b8:ec:a3:dc:73:f5 (try 2/3)
[So Jul 26 16:11:29 2026] wlp3s0: associate with b8:ec:a3:dc:73:f5 (try 3/3)
[So Jul 26 16:11:29 2026] wlp3s0: association with b8:ec:a3:dc:73:f5 timed out
[So Jul 26 16:12:16 2026] wlp3s0: authenticate with b8:ec:a3:dc:73:f5 (local address=f4:8c:50:23:4a:74)
[So Jul 26 16:12:16 2026] wlp3s0: send auth to b8:ec:a3:dc:73:f5 (try 1/3)
[So Jul 26 16:12:16 2026] wlp3s0: authenticated
[So Jul 26 16:12:16 2026] wlp3s0: associate with b8:ec:a3:dc:73:f5 (try 1/3)
[So Jul 26 16:12:16 2026] wlp3s0: RX AssocResp from b8:ec:a3:dc:73:f5 (capab=0x411 status=0 aid=45)
[So Jul 26 16:12:16 2026] wlp3s0: associated
[So Jul 26 16:12:23 2026] wlp3s0: Connection to AP b8:ec:a3:dc:73:f5 lost
[So Jul 26 16:20:45 2026] ata1.00: failed command: WRITE FPDMA QUEUED
[So Jul 26 16:20:45 2026] ata1: hard resetting link
[So Jul 26 16:27:35 2026] wlxbcfce7292407: authenticate with b8:ec:a3:dc:73:f5 (local address=bc:fc:e7:29:24:07)
[So Jul 26 16:27:35 2026] wlxbcfce7292407: send auth to b8:ec:a3:dc:73:f5 (try 1/3)
[So Jul 26 16:27:35 2026] wlxbcfce7292407: authenticated
[So Jul 26 16:27:35 2026] wlxbcfce7292407: associate with b8:ec:a3:dc:73:f5 (try 1/3)
[So Jul 26 16:27:35 2026] wlxbcfce7292407: associate with b8:ec:a3:dc:73:f5 (try 2/3)
[So Jul 26 16:27:35 2026] wlxbcfce7292407: associate with b8:ec:a3:dc:73:f5 (try 3/3)
[So Jul 26 16:27:35 2026] wlxbcfce7292407: association with b8:ec:a3:dc:73:f5 timed out
[So Jul 26 16:27:43 2026] wlxbcfce7292407: authenticate with b8:ec:a3:dc:73:f5 (local address=bc:fc:e7:29:24:07)
[So Jul 26 16:27:43 2026] wlxbcfce7292407: send auth to b8:ec:a3:dc:73:f5 (try 1/3)
[So Jul 26 16:27:43 2026] wlxbcfce7292407: authenticated
[So Jul 26 16:27:43 2026] wlxbcfce7292407: associate with b8:ec:a3:dc:73:f5 (try 1/3)
[So Jul 26 16:27:43 2026] wlxbcfce7292407: RX AssocResp from b8:ec:a3:dc:73:f5 (capab=0x411 status=0 aid=40)
[So Jul 26 16:27:43 2026] usb 1-1: rtl8xxxu_bss_info_changed: HT supported
[So Jul 26 16:27:43 2026] wlxbcfce7292407: associated
[So Jul 26 16:31:03 2026] ata1.00: failed command: WRITE FPDMA QUEUED
[So Jul 26 16:31:03 2026] ata1.00: failed command: WRITE FPDMA QUEUED
[So Jul 26 16:31:03 2026] ata1: hard resetting link
[So Jul 26 16:31:07 2026] usbcore: deregistering interface driver rtl8xxxu
[So Jul 26 16:31:07 2026] wlxbcfce7292407: deauthenticating from b8:ec:a3:dc:73:f5 by local choice (Reason: 3=DEAUTH_LEAVING)
[So Jul 26 16:31:07 2026] usb 1-1: Device still attached, trying to reset
[So Jul 26 16:31:07 2026] usb 1-1: reset high-speed USB device number 8 using xhci_hcd
[So Jul 26 16:31:09 2026] iwlwifi 0000:03:00.0: Detected crf-id 0xbadcafe, cnv-id 0x3000000 wfpm id 0x80000000
[So Jul 26 16:31:09 2026] iwlwifi 0000:03:00.0: PCI dev 24f3/0130, rev=0x201, rfid=0xd55555d5
[So Jul 26 16:31:09 2026] iwlwifi 0000:03:00.0: Detected Intel(R) Dual Band Wireless-AC 8260
[So Jul 26 16:31:09 2026] iwlwifi 0000:03:00.0: loaded firmware version 36.c8e8e144.0 8000C-36.ucode op_mode iwlmvm
[So Jul 26 16:31:09 2026] usb 1-1: Dumping efuse for RTL8188EU (0x200 bytes):
[So Jul 26 16:31:09 2026] usb 1-1: RTL8188EU rev D (TSMC) romver 0, 1T1R, TX queues 2, WiFi=1, BT=0, GPS=0, HI PA=0
[So Jul 26 16:31:09 2026] usb 1-1: RTL8188EU MAC: bc:fc:e7:29:24:07
[So Jul 26 16:31:09 2026] usb 1-1: rtl8xxxu: Loading firmware rtlwifi/rtl8188eufw.bin
[So Jul 26 16:31:09 2026] iwlwifi 0000:03:00.0: base HW address: f4:8c:50:23:4a:74, OTP minor version: 0x4
[So Jul 26 16:31:09 2026] ieee80211 phy3: Selected rate control algorithm 'iwl-mvm-rs'
[So Jul 26 16:31:09 2026] iwlwifi 0000:03:00.0 wlp3s0: renamed from wlan0
[So Jul 26 16:31:10 2026] usbcore: registered new interface driver rtl8xxxu
[So Jul 26 16:31:10 2026] rtl8xxxu 1-1:1.0 wlxbcfce7292407: renamed from wlan0
[So Jul 26 16:31:11 2026] wlxbcfce7292407: authenticate with b8:ec:a3:dc:73:f5 (local address=bc:fc:e7:29:24:07)
[So Jul 26 16:31:11 2026] wlxbcfce7292407: send auth to b8:ec:a3:dc:73:f5 (try 1/3)
[So Jul 26 16:31:11 2026] wlxbcfce7292407: authenticated
[So Jul 26 16:31:11 2026] wlxbcfce7292407: associate with b8:ec:a3:dc:73:f5 (try 1/3)
[So Jul 26 16:31:12 2026] wlxbcfce7292407: associate with b8:ec:a3:dc:73:f5 (try 2/3)
[So Jul 26 16:31:12 2026] wlxbcfce7292407: associate with b8:ec:a3:dc:73:f5 (try 3/3)
[So Jul 26 16:31:12 2026] wlxbcfce7292407: association with b8:ec:a3:dc:73:f5 timed out
[So Jul 26 16:31:13 2026] wlxbcfce7292407: authenticate with b8:ec:a3:dc:73:f5 (local address=bc:fc:e7:29:24:07)
[So Jul 26 16:31:13 2026] wlxbcfce7292407: send auth to b8:ec:a3:dc:73:f5 (try 1/3)
[So Jul 26 16:31:13 2026] wlxbcfce7292407: authenticated
[So Jul 26 16:31:13 2026] wlxbcfce7292407: associate with b8:ec:a3:dc:73:f5 (try 1/3)
[So Jul 26 16:31:13 2026] wlxbcfce7292407: associate with b8:ec:a3:dc:73:f5 (try 2/3)
[So Jul 26 16:31:13 2026] wlxbcfce7292407: associate with b8:ec:a3:dc:73:f5 (try 3/3)
[So Jul 26 16:31:14 2026] wlxbcfce7292407: association with b8:ec:a3:dc:73:f5 timed out
[So Jul 26 16:31:21 2026] wlxbcfce7292407: authenticate with b8:ec:a3:dc:73:f5 (local address=bc:fc:e7:29:24:07)
[So Jul 26 16:31:21 2026] wlxbcfce7292407: send auth to b8:ec:a3:dc:73:f5 (try 1/3)
[So Jul 26 16:31:21 2026] wlxbcfce7292407: authenticated
[So Jul 26 16:31:21 2026] wlxbcfce7292407: associate with b8:ec:a3:dc:73:f5 (try 1/3)
[So Jul 26 16:31:21 2026] wlxbcfce7292407: RX AssocResp from b8:ec:a3:dc:73:f5 (capab=0x411 status=0 aid=40)
[So Jul 26 16:31:21 2026] usb 1-1: rtl8xxxu_bss_info_changed: HT supported
[So Jul 26 16:31:21 2026] wlxbcfce7292407: associated
[So Jul 26 16:34:08 2026] wlxbcfce7292407: deauthenticating from b8:ec:a3:dc:73:f5 by local choice (Reason: 3=DEAUTH_LEAVING)
[So Jul 26 16:34:15 2026] usb 1-1: Dumping efuse for RTL8188EU (0x200 bytes):
[So Jul 26 16:34:15 2026] usb 1-1: RTL8188EU rev D (TSMC) romver 0, 1T1R, TX queues 2, WiFi=1, BT=0, GPS=0, HI PA=0
[So Jul 26 16:34:15 2026] usb 1-1: RTL8188EU MAC: bc:fc:e7:29:24:07
[So Jul 26 16:34:15 2026] usb 1-1: rtl8xxxu: Loading firmware rtlwifi/rtl8188eufw.bin
[So Jul 26 16:34:16 2026] rtl8xxxu 1-1:1.0 wlxbcfce7292407: renamed from wlan0
[So Jul 26 16:34:26 2026] wlxbcfce7292407: authenticate with b8:ec:a3:dc:73:f5 (local address=bc:fc:e7:29:24:07)
[So Jul 26 16:34:26 2026] wlxbcfce7292407: send auth to b8:ec:a3:dc:73:f5 (try 1/3)
[So Jul 26 16:34:26 2026] wlxbcfce7292407: authenticated
[So Jul 26 16:34:26 2026] wlxbcfce7292407: associate with b8:ec:a3:dc:73:f5 (try 1/3)
[So Jul 26 16:34:26 2026] wlxbcfce7292407: associate with b8:ec:a3:dc:73:f5 (try 2/3)
[So Jul 26 16:34:27 2026] wlxbcfce7292407: associate with b8:ec:a3:dc:73:f5 (try 3/3)
[So Jul 26 16:34:27 2026] wlxbcfce7292407: association with b8:ec:a3:dc:73:f5 timed out
[So Jul 26 16:34:34 2026] wlxbcfce7292407: authenticate with b8:ec:a3:dc:73:f5 (local address=bc:fc:e7:29:24:07)
[So Jul 26 16:34:34 2026] wlxbcfce7292407: send auth to b8:ec:a3:dc:73:f5 (try 1/3)
[So Jul 26 16:34:34 2026] wlxbcfce7292407: authenticated
[So Jul 26 16:34:34 2026] wlxbcfce7292407: associate with b8:ec:a3:dc:73:f5 (try 1/3)
[So Jul 26 16:34:34 2026] wlxbcfce7292407: RX AssocResp from b8:ec:a3:dc:73:f5 (capab=0x411 status=0 aid=40)
[So Jul 26 16:34:34 2026] usb 1-1: rtl8xxxu_bss_info_changed: HT supported
[So Jul 26 16:34:34 2026] wlxbcfce7292407: associated
[So Jul 26 16:45:57 2026] wlxbcfce7292407: deauthenticating from b8:ec:a3:dc:73:f5 by local choice (Reason: 3=DEAUTH_LEAVING)
[So Jul 26 16:45:58 2026] usb 1-1: Device still attached, trying to reset
[So Jul 26 16:45:58 2026] usb 1-1: reset high-speed USB device number 9 using xhci_hcd
[So Jul 26 16:45:59 2026] usb 1-7: reset high-speed USB device number 5 using xhci_hcd
[So Jul 26 16:45:59 2026] usb 1-2: reset high-speed USB device number 3 using xhci_hcd
[So Jul 26 16:45:59 2026] usb 1-6: reset full-speed USB device number 4 using xhci_hcd
[So Jul 26 16:46:00 2026] usb 1-1: Dumping efuse for RTL8188EU (0x200 bytes):
[So Jul 26 16:46:00 2026] usb 1-1: RTL8188EU rev D (TSMC) romver 0, 1T1R, TX queues 2, WiFi=1, BT=0, GPS=0, HI PA=0
[So Jul 26 16:46:00 2026] usb 1-1: RTL8188EU MAC: bc:fc:e7:29:24:07
[So Jul 26 16:46:00 2026] usb 1-1: rtl8xxxu: Loading firmware rtlwifi/rtl8188eufw.bin
[So Jul 26 16:46:01 2026] rtl8xxxu 1-1:1.0 wlxbcfce7292407: renamed from wlan0
[So Jul 26 16:46:02 2026] wlxbcfce7292407: authenticate with b8:ec:a3:dc:73:f5 (local address=bc:fc:e7:29:24:07)
[So Jul 26 16:46:02 2026] wlxbcfce7292407: send auth to b8:ec:a3:dc:73:f5 (try 1/3)
[So Jul 26 16:46:02 2026] wlxbcfce7292407: authenticated
[So Jul 26 16:46:02 2026] wlxbcfce7292407: associate with b8:ec:a3:dc:73:f5 (try 1/3)
[So Jul 26 16:46:02 2026] wlxbcfce7292407: RX AssocResp from b8:ec:a3:dc:73:f5 (capab=0x411 status=0 aid=46)
[So Jul 26 16:46:02 2026] usb 1-1: rtl8xxxu_bss_info_changed: HT supported
[So Jul 26 16:46:02 2026] wlxbcfce7292407: associated
[So Jul 26 16:49:04 2026] ata1.00: failed command: WRITE FPDMA QUEUED
[So Jul 26 16:49:04 2026] ata1.00: failed command: READ FPDMA QUEUED
[So Jul 26 16:49:04 2026] ata1.00: failed command: WRITE FPDMA QUEUED
[So Jul 26 16:49:04 2026] ata1: hard resetting link
[So Jul 26 16:51:10 2026] ata1.00: failed command: WRITE FPDMA QUEUED
[So Jul 26 16:51:10 2026] ata1.00: failed command: WRITE FPDMA QUEUED
[So Jul 26 16:51:10 2026] ata1.00: failed command: WRITE FPDMA QUEUED
[So Jul 26 16:51:10 2026] ata1.00: failed command: WRITE FPDMA QUEUED
[So Jul 26 16:51:10 2026] ata1: hard resetting link
[So Jul 26 16:55:11 2026] ata1.00: failed command: WRITE FPDMA QUEUED
[So Jul 26 16:55:11 2026] ata1.00: failed command: WRITE FPDMA QUEUED
[So Jul 26 16:55:11 2026] ata1.00: failed command: WRITE FPDMA QUEUED
[So Jul 26 16:55:11 2026] ata1: hard resetting link
[So Jul 26 17:02:36 2026] ata1.00: failed command: WRITE FPDMA QUEUED
[So Jul 26 17:02:36 2026] ata1: hard resetting link
[So Jul 26 17:02:36 2026] ata1.00: failed command: WRITE FPDMA QUEUED
[So Jul 26 17:02:36 2026] ata1: hard resetting link
[So Jul 26 15:53:33 2026] systemd[1]: Listening on systemd-factory-reset.socket - Factory Reset Management.
[So Jul 26 15:53:36 2026] Bluetooth: hci0: Reading supported features failed (-16)
[So Jul 26 16:10:37 2026] cfg80211: Loading compiled-in X.509 certificates for regulatory database
[So Jul 26 16:10:37 2026] usb 1-1: Dumping efuse for RTL8188EU (0x200 bytes):
[So Jul 26 16:10:37 2026] usb 1-1: RTL8188EU rev D (TSMC) romver 0, 1T1R, TX queues 2, WiFi=1, BT=0, GPS=0, HI PA=0
[So Jul 26 16:10:37 2026] usb 1-1: RTL8188EU MAC: bc:fc:e7:29:24:07
[So Jul 26 16:10:37 2026] usb 1-1: rtl8xxxu: Loading firmware rtlwifi/rtl8188eufw.bin
[So Jul 26 16:10:38 2026] usbcore: registered new interface driver rtl8xxxu
[So Jul 26 16:10:38 2026] rtl8xxxu 1-1:1.0 wlxbcfce7292407: renamed from wlan0
[So Jul 26 16:10:43 2026] wlxbcfce7292407: authenticate with b8:ec:a3:dc:73:f5 (local address=bc:fc:e7:29:24:07)
[So Jul 26 16:10:43 2026] wlxbcfce7292407: send auth to b8:ec:a3:dc:73:f5 (try 1/3)
[So Jul 26 16:10:43 2026] wlxbcfce7292407: authenticated
[So Jul 26 16:10:43 2026] wlxbcfce7292407: associate with b8:ec:a3:dc:73:f5 (try 1/3)
[So Jul 26 16:10:43 2026] wlxbcfce7292407: RX AssocResp from b8:ec:a3:dc:73:f5 (capab=0x411 status=0 aid=40)
[So Jul 26 16:10:43 2026] usb 1-1: rtl8xxxu_bss_info_changed: HT supported
[So Jul 26 16:10:43 2026] wlxbcfce7292407: associated
[So Jul 26 16:10:47 2026] iwlwifi 0000:03:00.0: enabling device (0000 -> 0002)
[So Jul 26 16:10:47 2026] iwlwifi 0000:03:00.0: Detected crf-id 0xbadcafe, cnv-id 0x3000000 wfpm id 0x80000000
[So Jul 26 16:10:47 2026] iwlwifi 0000:03:00.0: PCI dev 24f3/0130, rev=0x201, rfid=0xd55555d5
[So Jul 26 16:10:47 2026] iwlwifi 0000:03:00.0: Detected Intel(R) Dual Band Wireless-AC 8260
[So Jul 26 16:10:47 2026] iwlwifi 0000:03:00.0: loaded firmware version 36.c8e8e144.0 8000C-36.ucode op_mode iwlmvm
[So Jul 26 16:10:47 2026] iwlwifi 0000:03:00.0: base HW address: f4:8c:50:23:4a:74, OTP minor version: 0x4
[So Jul 26 16:10:48 2026] ieee80211 phy1: Selected rate control algorithm 'iwl-mvm-rs'
[So Jul 26 16:10:48 2026] iwlwifi 0000:03:00.0 wlp3s0: renamed from wlan0
[So Jul 26 16:11:10 2026] wlxbcfce7292407: deauthenticating from b8:ec:a3:dc:73:f5 by local choice (Reason: 3=DEAUTH_LEAVING)
[So Jul 26 16:11:12 2026] wlxbcfce7292407: authenticate with b8:ec:a3:dc:73:f5 (local address=bc:fc:e7:29:24:07)
[So Jul 26 16:11:12 2026] wlxbcfce7292407: send auth to b8:ec:a3:dc:73:f5 (try 1/3)
[So Jul 26 16:11:12 2026] wlxbcfce7292407: authenticated
[So Jul 26 16:11:12 2026] wlxbcfce7292407: associate with b8:ec:a3:dc:73:f5 (try 1/3)
[So Jul 26 16:11:12 2026] wlxbcfce7292407: RX AssocResp from b8:ec:a3:dc:73:f5 (capab=0x411 status=0 aid=40)
[So Jul 26 16:11:12 2026] usb 1-1: rtl8xxxu_bss_info_changed: HT supported
[So Jul 26 16:11:12 2026] wlxbcfce7292407: associated
[So Jul 26 16:11:15 2026] wlp3s0: authenticate with b8:ec:a3:dc:73:f5 (local address=f4:8c:50:23:4a:74)
[So Jul 26 16:11:15 2026] wlp3s0: send auth to b8:ec:a3:dc:73:f5 (try 1/3)
[So Jul 26 16:11:15 2026] wlp3s0: authenticated
[So Jul 26 16:11:15 2026] wlp3s0: associate with b8:ec:a3:dc:73:f5 (try 1/3)
[So Jul 26 16:11:15 2026] wlp3s0: RX AssocResp from b8:ec:a3:dc:73:f5 (capab=0x411 status=0 aid=45)
[So Jul 26 16:11:15 2026] wlp3s0: associated
[So Jul 26 16:11:29 2026] wlp3s0: authenticate with b8:ec:a3:dc:73:f5 (local address=f4:8c:50:23:4a:74)
[So Jul 26 16:11:29 2026] wlp3s0: send auth to b8:ec:a3:dc:73:f5 (try 1/3)
[So Jul 26 16:11:29 2026] wlp3s0: authenticated
[So Jul 26 16:11:29 2026] wlp3s0: associate with b8:ec:a3:dc:73:f5 (try 1/3)
[So Jul 26 16:11:29 2026] wlp3s0: associate with b8:ec:a3:dc:73:f5 (try 2/3)
[So Jul 26 16:11:29 2026] wlp3s0: associate with b8:ec:a3:dc:73:f5 (try 3/3)
[So Jul 26 16:11:29 2026] wlp3s0: association with b8:ec:a3:dc:73:f5 timed out
[So Jul 26 16:12:16 2026] wlp3s0: authenticate with b8:ec:a3:dc:73:f5 (local address=f4:8c:50:23:4a:74)
[So Jul 26 16:12:16 2026] wlp3s0: send auth to b8:ec:a3:dc:73:f5 (try 1/3)
[So Jul 26 16:12:16 2026] wlp3s0: authenticated
[So Jul 26 16:12:16 2026] wlp3s0: associate with b8:ec:a3:dc:73:f5 (try 1/3)
[So Jul 26 16:12:16 2026] wlp3s0: RX AssocResp from b8:ec:a3:dc:73:f5 (capab=0x411 status=0 aid=45)
[So Jul 26 16:12:16 2026] wlp3s0: associated
[So Jul 26 16:12:23 2026] wlp3s0: Connection to AP b8:ec:a3:dc:73:f5 lost
[So Jul 26 16:20:45 2026] ata1.00: failed command: WRITE FPDMA QUEUED
[So Jul 26 16:20:45 2026] ata1: hard resetting link
[So Jul 26 16:27:35 2026] wlxbcfce7292407: authenticate with b8:ec:a3:dc:73:f5 (local address=bc:fc:e7:29:24:07)
[So Jul 26 16:27:35 2026] wlxbcfce7292407: send auth to b8:ec:a3:dc:73:f5 (try 1/3)
[So Jul 26 16:27:35 2026] wlxbcfce7292407: authenticated
[So Jul 26 16:27:35 2026] wlxbcfce7292407: associate with b8:ec:a3:dc:73:f5 (try 1/3)
[So Jul 26 16:27:35 2026] wlxbcfce7292407: associate with b8:ec:a3:dc:73:f5 (try 2/3)
[So Jul 26 16:27:35 2026] wlxbcfce7292407: associate with b8:ec:a3:dc:73:f5 (try 3/3)
[So Jul 26 16:27:35 2026] wlxbcfce7292407: association with b8:ec:a3:dc:73:f5 timed out
[So Jul 26 16:27:43 2026] wlxbcfce7292407: authenticate with b8:ec:a3:dc:73:f5 (local address=bc:fc:e7:29:24:07)
[So Jul 26 16:27:43 2026] wlxbcfce7292407: send auth to b8:ec:a3:dc:73:f5 (try 1/3)
[So Jul 26 16:27:43 2026] wlxbcfce7292407: authenticated
[So Jul 26 16:27:43 2026] wlxbcfce7292407: associate with b8:ec:a3:dc:73:f5 (try 1/3)
[So Jul 26 16:27:43 2026] wlxbcfce7292407: RX AssocResp from b8:ec:a3:dc:73:f5 (capab=0x411 status=0 aid=40)
[So Jul 26 16:27:43 2026] usb 1-1: rtl8xxxu_bss_info_changed: HT supported
[So Jul 26 16:27:43 2026] wlxbcfce7292407: associated
[So Jul 26 16:31:03 2026] ata1.00: failed command: WRITE FPDMA QUEUED
[So Jul 26 16:31:03 2026] ata1.00: failed command: WRITE FPDMA QUEUED
[So Jul 26 16:31:03 2026] ata1: hard resetting link
[So Jul 26 16:31:07 2026] usbcore: deregistering interface driver rtl8xxxu
[So Jul 26 16:31:07 2026] wlxbcfce7292407: deauthenticating from b8:ec:a3:dc:73:f5 by local choice (Reason: 3=DEAUTH_LEAVING)
[So Jul 26 16:31:07 2026] usb 1-1: Device still attached, trying to reset
[So Jul 26 16:31:07 2026] usb 1-1: reset high-speed USB device number 8 using xhci_hcd
[So Jul 26 16:31:09 2026] iwlwifi 0000:03:00.0: Detected crf-id 0xbadcafe, cnv-id 0x3000000 wfpm id 0x80000000
[So Jul 26 16:31:09 2026] iwlwifi 0000:03:00.0: PCI dev 24f3/0130, rev=0x201, rfid=0xd55555d5
[So Jul 26 16:31:09 2026] iwlwifi 0000:03:00.0: Detected Intel(R) Dual Band Wireless-AC 8260
[So Jul 26 16:31:09 2026] iwlwifi 0000:03:00.0: loaded firmware version 36.c8e8e144.0 8000C-36.ucode op_mode iwlmvm
[So Jul 26 16:31:09 2026] usb 1-1: Dumping efuse for RTL8188EU (0x200 bytes):
[So Jul 26 16:31:09 2026] usb 1-1: RTL8188EU rev D (TSMC) romver 0, 1T1R, TX queues 2, WiFi=1, BT=0, GPS=0, HI PA=0
[So Jul 26 16:31:09 2026] usb 1-1: RTL8188EU MAC: bc:fc:e7:29:24:07
[So Jul 26 16:31:09 2026] usb 1-1: rtl8xxxu: Loading firmware rtlwifi/rtl8188eufw.bin
[So Jul 26 16:31:09 2026] iwlwifi 0000:03:00.0: base HW address: f4:8c:50:23:4a:74, OTP minor version: 0x4
[So Jul 26 16:31:09 2026] ieee80211 phy3: Selected rate control algorithm 'iwl-mvm-rs'
[So Jul 26 16:31:09 2026] iwlwifi 0000:03:00.0 wlp3s0: renamed from wlan0
[So Jul 26 16:31:10 2026] usbcore: registered new interface driver rtl8xxxu
[So Jul 26 16:31:10 2026] rtl8xxxu 1-1:1.0 wlxbcfce7292407: renamed from wlan0
[So Jul 26 16:31:11 2026] wlxbcfce7292407: authenticate with b8:ec:a3:dc:73:f5 (local address=bc:fc:e7:29:24:07)
[So Jul 26 16:31:11 2026] wlxbcfce7292407: send auth to b8:ec:a3:dc:73:f5 (try 1/3)
[So Jul 26 16:31:11 2026] wlxbcfce7292407: authenticated
[So Jul 26 16:31:11 2026] wlxbcfce7292407: associate with b8:ec:a3:dc:73:f5 (try 1/3)
[So Jul 26 16:31:12 2026] wlxbcfce7292407: associate with b8:ec:a3:dc:73:f5 (try 2/3)
[So Jul 26 16:31:12 2026] wlxbcfce7292407: associate with b8:ec:a3:dc:73:f5 (try 3/3)
[So Jul 26 16:31:12 2026] wlxbcfce7292407: association with b8:ec:a3:dc:73:f5 timed out
[So Jul 26 16:31:13 2026] wlxbcfce7292407: authenticate with b8:ec:a3:dc:73:f5 (local address=bc:fc:e7:29:24:07)
[So Jul 26 16:31:13 2026] wlxbcfce7292407: send auth to b8:ec:a3:dc:73:f5 (try 1/3)
[So Jul 26 16:31:13 2026] wlxbcfce7292407: authenticated
[So Jul 26 16:31:13 2026] wlxbcfce7292407: associate with b8:ec:a3:dc:73:f5 (try 1/3)
[So Jul 26 16:31:13 2026] wlxbcfce7292407: associate with b8:ec:a3:dc:73:f5 (try 2/3)
[So Jul 26 16:31:13 2026] wlxbcfce7292407: associate with b8:ec:a3:dc:73:f5 (try 3/3)
[So Jul 26 16:31:14 2026] wlxbcfce7292407: association with b8:ec:a3:dc:73:f5 timed out
[So Jul 26 16:31:21 2026] wlxbcfce7292407: authenticate with b8:ec:a3:dc:73:f5 (local address=bc:fc:e7:29:24:07)
[So Jul 26 16:31:21 2026] wlxbcfce7292407: send auth to b8:ec:a3:dc:73:f5 (try 1/3)
[So Jul 26 16:31:21 2026] wlxbcfce7292407: authenticated
[So Jul 26 16:31:21 2026] wlxbcfce7292407: associate with b8:ec:a3:dc:73:f5 (try 1/3)
[So Jul 26 16:31:21 2026] wlxbcfce7292407: RX AssocResp from b8:ec:a3:dc:73:f5 (capab=0x411 status=0 aid=40)
[So Jul 26 16:31:21 2026] usb 1-1: rtl8xxxu_bss_info_changed: HT supported
[So Jul 26 16:31:21 2026] wlxbcfce7292407: associated
[So Jul 26 16:34:08 2026] wlxbcfce7292407: deauthenticating from b8:ec:a3:dc:73:f5 by local choice (Reason: 3=DEAUTH_LEAVING)
[So Jul 26 16:34:15 2026] usb 1-1: Dumping efuse for RTL8188EU (0x200 bytes):
[So Jul 26 16:34:15 2026] usb 1-1: RTL8188EU rev D (TSMC) romver 0, 1T1R, TX queues 2, WiFi=1, BT=0, GPS=0, HI PA=0
[So Jul 26 16:34:15 2026] usb 1-1: RTL8188EU MAC: bc:fc:e7:29:24:07
[So Jul 26 16:34:15 2026] usb 1-1: rtl8xxxu: Loading firmware rtlwifi/rtl8188eufw.bin
[So Jul 26 16:34:16 2026] rtl8xxxu 1-1:1.0 wlxbcfce7292407: renamed from wlan0
[So Jul 26 16:34:26 2026] wlxbcfce7292407: authenticate with b8:ec:a3:dc:73:f5 (local address=bc:fc:e7:29:24:07)
[So Jul 26 16:34:26 2026] wlxbcfce7292407: send auth to b8:ec:a3:dc:73:f5 (try 1/3)
[So Jul 26 16:34:26 2026] wlxbcfce7292407: authenticated
[So Jul 26 16:34:26 2026] wlxbcfce7292407: associate with b8:ec:a3:dc:73:f5 (try 1/3)
[So Jul 26 16:34:26 2026] wlxbcfce7292407: associate with b8:ec:a3:dc:73:f5 (try 2/3)
[So Jul 26 16:34:27 2026] wlxbcfce7292407: associate with b8:ec:a3:dc:73:f5 (try 3/3)
[So Jul 26 16:34:27 2026] wlxbcfce7292407: association with b8:ec:a3:dc:73:f5 timed out
[So Jul 26 16:34:34 2026] wlxbcfce7292407: authenticate with b8:ec:a3:dc:73:f5 (local address=bc:fc:e7:29:24:07)
[So Jul 26 16:34:34 2026] wlxbcfce7292407: send auth to b8:ec:a3:dc:73:f5 (try 1/3)
[So Jul 26 16:34:34 2026] wlxbcfce7292407: authenticated
[So Jul 26 16:34:34 2026] wlxbcfce7292407: associate with b8:ec:a3:dc:73:f5 (try 1/3)
[So Jul 26 16:34:34 2026] wlxbcfce7292407: RX AssocResp from b8:ec:a3:dc:73:f5 (capab=0x411 status=0 aid=40)
[So Jul 26 16:34:34 2026] usb 1-1: rtl8xxxu_bss_info_changed: HT supported
[So Jul 26 16:34:34 2026] wlxbcfce7292407: associated
[So Jul 26 16:45:57 2026] wlxbcfce7292407: deauthenticating from b8:ec:a3:dc:73:f5 by local choice (Reason: 3=DEAUTH_LEAVING)
[So Jul 26 16:45:58 2026] usb 1-1: Device still attached, trying to reset
[So Jul 26 16:45:58 2026] usb 1-1: reset high-speed USB device number 9 using xhci_hcd
[So Jul 26 16:45:59 2026] usb 1-7: reset high-speed USB device number 5 using xhci_hcd
[So Jul 26 16:45:59 2026] usb 1-2: reset high-speed USB device number 3 using xhci_hcd
[So Jul 26 16:45:59 2026] usb 1-6: reset full-speed USB device number 4 using xhci_hcd
[So Jul 26 16:46:00 2026] usb 1-1: Dumping efuse for RTL8188EU (0x200 bytes):
[So Jul 26 16:46:00 2026] usb 1-1: RTL8188EU rev D (TSMC) romver 0, 1T1R, TX queues 2, WiFi=1, BT=0, GPS=0, HI PA=0
[So Jul 26 16:46:00 2026] usb 1-1: RTL8188EU MAC: bc:fc:e7:29:24:07
[So Jul 26 16:46:00 2026] usb 1-1: rtl8xxxu: Loading firmware rtlwifi/rtl8188eufw.bin
[So Jul 26 16:46:01 2026] rtl8xxxu 1-1:1.0 wlxbcfce7292407: renamed from wlan0
[So Jul 26 16:46:02 2026] wlxbcfce7292407: authenticate with b8:ec:a3:dc:73:f5 (local address=bc:fc:e7:29:24:07)
[So Jul 26 16:46:02 2026] wlxbcfce7292407: send auth to b8:ec:a3:dc:73:f5 (try 1/3)
[So Jul 26 16:46:02 2026] wlxbcfce7292407: authenticated
[So Jul 26 16:46:02 2026] wlxbcfce7292407: associate with b8:ec:a3:dc:73:f5 (try 1/3)
[So Jul 26 16:46:02 2026] wlxbcfce7292407: RX AssocResp from b8:ec:a3:dc:73:f5 (capab=0x411 status=0 aid=46)
[So Jul 26 16:46:02 2026] usb 1-1: rtl8xxxu_bss_info_changed: HT supported
[So Jul 26 16:46:02 2026] wlxbcfce7292407: associated
[So Jul 26 16:49:04 2026] ata1.00: failed command: WRITE FPDMA QUEUED
[So Jul 26 16:49:04 2026] ata1.00: failed command: READ FPDMA QUEUED
[So Jul 26 16:49:04 2026] ata1.00: failed command: WRITE FPDMA QUEUED
[So Jul 26 16:49:04 2026] ata1: hard resetting link
[So Jul 26 16:51:10 2026] ata1.00: failed command: WRITE FPDMA QUEUED
[So Jul 26 16:51:10 2026] ata1.00: failed command: WRITE FPDMA QUEUED
[So Jul 26 16:51:10 2026] ata1.00: failed command: WRITE FPDMA QUEUED
[So Jul 26 16:51:10 2026] ata1.00: failed command: WRITE FPDMA QUEUED
[So Jul 26 16:51:10 2026] ata1: hard resetting link
[So Jul 26 16:55:11 2026] ata1.00: failed command: WRITE FPDMA QUEUED
[So Jul 26 16:55:11 2026] ata1.00: failed command: WRITE FPDMA QUEUED
[So Jul 26 16:55:11 2026] ata1.00: failed command: WRITE FPDMA QUEUED
[So Jul 26 16:55:11 2026] ata1: hard resetting link
[So Jul 26 17:02:36 2026] ata1.00: failed command: WRITE FPDMA QUEUED
[So Jul 26 17:02:36 2026] ata1: hard resetting link
[So Jul 26 17:02:36 2026] ata1.00: failed command: WRITE FPDMA QUEUED
[So Jul 26 17:02:36 2026] ata1: hard resetting link
[So Jul 26 15:53:33 2026] systemd[1]: Listening on systemd-factory-reset.socket - Factory Reset Management.
[So Jul 26 15:53:36 2026] Bluetooth: hci0: Reading supported features failed (-16)
[So Jul 26 16:10:37 2026] cfg80211: Loading compiled-in X.509 certificates for regulatory database
[So Jul 26 16:10:37 2026] usb 1-1: Dumping efuse for RTL8188EU (0x200 bytes):
[So Jul 26 16:10:37 2026] usb 1-1: RTL8188EU rev D (TSMC) romver 0, 1T1R, TX queues 2, WiFi=1, BT=0, GPS=0, HI PA=0
[So Jul 26 16:10:37 2026] usb 1-1: RTL8188EU MAC: bc:fc:e7:29:24:07
[So Jul 26 16:10:37 2026] usb 1-1: rtl8xxxu: Loading firmware rtlwifi/rtl8188eufw.bin
[So Jul 26 16:10:38 2026] usbcore: registered new interface driver rtl8xxxu
[So Jul 26 16:10:38 2026] rtl8xxxu 1-1:1.0 wlxbcfce7292407: renamed from wlan0
[So Jul 26 16:10:43 2026] wlxbcfce7292407: authenticate with b8:ec:a3:dc:73:f5 (local address=bc:fc:e7:29:24:07)
[So Jul 26 16:10:43 2026] wlxbcfce7292407: send auth to b8:ec:a3:dc:73:f5 (try 1/3)
[So Jul 26 16:10:43 2026] wlxbcfce7292407: authenticated
[So Jul 26 16:10:43 2026] wlxbcfce7292407: associate with b8:ec:a3:dc:73:f5 (try 1/3)
[So Jul 26 16:10:43 2026] wlxbcfce7292407: RX AssocResp from b8:ec:a3:dc:73:f5 (capab=0x411 status=0 aid=40)
[So Jul 26 16:10:43 2026] usb 1-1: rtl8xxxu_bss_info_changed: HT supported
[So Jul 26 16:10:43 2026] wlxbcfce7292407: associated
[So Jul 26 16:10:47 2026] iwlwifi 0000:03:00.0: enabling device (0000 -> 0002)
[So Jul 26 16:10:47 2026] iwlwifi 0000:03:00.0: Detected crf-id 0xbadcafe, cnv-id 0x3000000 wfpm id 0x80000000
[So Jul 26 16:10:47 2026] iwlwifi 0000:03:00.0: PCI dev 24f3/0130, rev=0x201, rfid=0xd55555d5
[So Jul 26 16:10:47 2026] iwlwifi 0000:03:00.0: Detected Intel(R) Dual Band Wireless-AC 8260
[So Jul 26 16:10:47 2026] iwlwifi 0000:03:00.0: loaded firmware version 36.c8e8e144.0 8000C-36.ucode op_mode iwlmvm
[So Jul 26 16:10:47 2026] iwlwifi 0000:03:00.0: base HW address: f4:8c:50:23:4a:74, OTP minor version: 0x4
[So Jul 26 16:10:48 2026] ieee80211 phy1: Selected rate control algorithm 'iwl-mvm-rs'
[So Jul 26 16:10:48 2026] iwlwifi 0000:03:00.0 wlp3s0: renamed from wlan0
[So Jul 26 16:11:10 2026] wlxbcfce7292407: deauthenticating from b8:ec:a3:dc:73:f5 by local choice (Reason: 3=DEAUTH_LEAVING)
[So Jul 26 16:11:12 2026] wlxbcfce7292407: authenticate with b8:ec:a3:dc:73:f5 (local address=bc:fc:e7:29:24:07)
[So Jul 26 16:11:12 2026] wlxbcfce7292407: send auth to b8:ec:a3:dc:73:f5 (try 1/3)
[So Jul 26 16:11:12 2026] wlxbcfce7292407: authenticated
[So Jul 26 16:11:12 2026] wlxbcfce7292407: associate with b8:ec:a3:dc:73:f5 (try 1/3)
[So Jul 26 16:11:12 2026] wlxbcfce7292407: RX AssocResp from b8:ec:a3:dc:73:f5 (capab=0x411 status=0 aid=40)
[So Jul 26 16:11:12 2026] usb 1-1: rtl8xxxu_bss_info_changed: HT supported
[So Jul 26 16:11:12 2026] wlxbcfce7292407: associated
[So Jul 26 16:11:15 2026] wlp3s0: authenticate with b8:ec:a3:dc:73:f5 (local address=f4:8c:50:23:4a:74)
[So Jul 26 16:11:15 2026] wlp3s0: send auth to b8:ec:a3:dc:73:f5 (try 1/3)
[So Jul 26 16:11:15 2026] wlp3s0: authenticated
[So Jul 26 16:11:15 2026] wlp3s0: associate with b8:ec:a3:dc:73:f5 (try 1/3)
[So Jul 26 16:11:15 2026] wlp3s0: RX AssocResp from b8:ec:a3:dc:73:f5 (capab=0x411 status=0 aid=45)
[So Jul 26 16:11:15 2026] wlp3s0: associated
[So Jul 26 16:11:29 2026] wlp3s0: authenticate with b8:ec:a3:dc:73:f5 (local address=f4:8c:50:23:4a:74)
[So Jul 26 16:11:29 2026] wlp3s0: send auth to b8:ec:a3:dc:73:f5 (try 1/3)
[So Jul 26 16:11:29 2026] wlp3s0: authenticated
[So Jul 26 16:11:29 2026] wlp3s0: associate with b8:ec:a3:dc:73:f5 (try 1/3)
[So Jul 26 16:11:29 2026] wlp3s0: associate with b8:ec:a3:dc:73:f5 (try 2/3)
[So Jul 26 16:11:29 2026] wlp3s0: associate with b8:ec:a3:dc:73:f5 (try 3/3)
[So Jul 26 16:11:29 2026] wlp3s0: association with b8:ec:a3:dc:73:f5 timed out
[So Jul 26 16:12:16 2026] wlp3s0: authenticate with b8:ec:a3:dc:73:f5 (local address=f4:8c:50:23:4a:74)
[So Jul 26 16:12:16 2026] wlp3s0: send auth to b8:ec:a3:dc:73:f5 (try 1/3)
[So Jul 26 16:12:16 2026] wlp3s0: authenticated
[So Jul 26 16:12:16 2026] wlp3s0: associate with b8:ec:a3:dc:73:f5 (try 1/3)
[So Jul 26 16:12:16 2026] wlp3s0: RX AssocResp from b8:ec:a3:dc:73:f5 (capab=0x411 status=0 aid=45)
[So Jul 26 16:12:16 2026] wlp3s0: associated
[So Jul 26 16:12:23 2026] wlp3s0: Connection to AP b8:ec:a3:dc:73:f5 lost
[So Jul 26 16:20:45 2026] ata1.00: failed command: WRITE FPDMA QUEUED
[So Jul 26 16:20:45 2026] ata1: hard resetting link
[So Jul 26 16:27:35 2026] wlxbcfce7292407: authenticate with b8:ec:a3:dc:73:f5 (local address=bc:fc:e7:29:24:07)
[So Jul 26 16:27:35 2026] wlxbcfce7292407: send auth to b8:ec:a3:dc:73:f5 (try 1/3)
[So Jul 26 16:27:35 2026] wlxbcfce7292407: authenticated
[So Jul 26 16:27:35 2026] wlxbcfce7292407: associate with b8:ec:a3:dc:73:f5 (try 1/3)
[So Jul 26 16:27:35 2026] wlxbcfce7292407: associate with b8:ec:a3:dc:73:f5 (try 2/3)
[So Jul 26 16:27:35 2026] wlxbcfce7292407: associate with b8:ec:a3:dc:73:f5 (try 3/3)
[So Jul 26 16:27:35 2026] wlxbcfce7292407: association with b8:ec:a3:dc:73:f5 timed out
[So Jul 26 16:27:43 2026] wlxbcfce7292407: authenticate with b8:ec:a3:dc:73:f5 (local address=bc:fc:e7:29:24:07)
[So Jul 26 16:27:43 2026] wlxbcfce7292407: send auth to b8:ec:a3:dc:73:f5 (try 1/3)
[So Jul 26 16:27:43 2026] wlxbcfce7292407: authenticated
[So Jul 26 16:27:43 2026] wlxbcfce7292407: associate with b8:ec:a3:dc:73:f5 (try 1/3)
[So Jul 26 16:27:43 2026] wlxbcfce7292407: RX AssocResp from b8:ec:a3:dc:73:f5 (capab=0x411 status=0 aid=40)
[So Jul 26 16:27:43 2026] usb 1-1: rtl8xxxu_bss_info_changed: HT supported
[So Jul 26 16:27:43 2026] wlxbcfce7292407: associated
[So Jul 26 16:31:03 2026] ata1.00: failed command: WRITE FPDMA QUEUED
[So Jul 26 16:31:03 2026] ata1.00: failed command: WRITE FPDMA QUEUED
[So Jul 26 16:31:03 2026] ata1: hard resetting link
[So Jul 26 16:31:07 2026] usbcore: deregistering interface driver rtl8xxxu
[So Jul 26 16:31:07 2026] wlxbcfce7292407: deauthenticating from b8:ec:a3:dc:73:f5 by local choice (Reason: 3=DEAUTH_LEAVING)
[So Jul 26 16:31:07 2026] usb 1-1: Device still attached, trying to reset
[So Jul 26 16:31:07 2026] usb 1-1: reset high-speed USB device number 8 using xhci_hcd
[So Jul 26 16:31:09 2026] iwlwifi 0000:03:00.0: Detected crf-id 0xbadcafe, cnv-id 0x3000000 wfpm id 0x80000000
[So Jul 26 16:31:09 2026] iwlwifi 0000:03:00.0: PCI dev 24f3/0130, rev=0x201, rfid=0xd55555d5
[So Jul 26 16:31:09 2026] iwlwifi 0000:03:00.0: Detected Intel(R) Dual Band Wireless-AC 8260
[So Jul 26 16:31:09 2026] iwlwifi 0000:03:00.0: loaded firmware version 36.c8e8e144.0 8000C-36.ucode op_mode iwlmvm
[So Jul 26 16:31:09 2026] usb 1-1: Dumping efuse for RTL8188EU (0x200 bytes):
[So Jul 26 16:31:09 2026] usb 1-1: RTL8188EU rev D (TSMC) romver 0, 1T1R, TX queues 2, WiFi=1, BT=0, GPS=0, HI PA=0
[So Jul 26 16:31:09 2026] usb 1-1: RTL8188EU MAC: bc:fc:e7:29:24:07
[So Jul 26 16:31:09 2026] usb 1-1: rtl8xxxu: Loading firmware rtlwifi/rtl8188eufw.bin
[So Jul 26 16:31:09 2026] iwlwifi 0000:03:00.0: base HW address: f4:8c:50:23:4a:74, OTP minor version: 0x4
[So Jul 26 16:31:09 2026] ieee80211 phy3: Selected rate control algorithm 'iwl-mvm-rs'
[So Jul 26 16:31:09 2026] iwlwifi 0000:03:00.0 wlp3s0: renamed from wlan0
[So Jul 26 16:31:10 2026] usbcore: registered new interface driver rtl8xxxu
[So Jul 26 16:31:10 2026] rtl8xxxu 1-1:1.0 wlxbcfce7292407: renamed from wlan0
[So Jul 26 16:31:11 2026] wlxbcfce7292407: authenticate with b8:ec:a3:dc:73:f5 (local address=bc:fc:e7:29:24:07)
[So Jul 26 16:31:11 2026] wlxbcfce7292407: send auth to b8:ec:a3:dc:73:f5 (try 1/3)
[So Jul 26 16:31:11 2026] wlxbcfce7292407: authenticated
[So Jul 26 16:31:11 2026] wlxbcfce7292407: associate with b8:ec:a3:dc:73:f5 (try 1/3)
[So Jul 26 16:31:12 2026] wlxbcfce7292407: associate with b8:ec:a3:dc:73:f5 (try 2/3)
[So Jul 26 16:31:12 2026] wlxbcfce7292407: associate with b8:ec:a3:dc:73:f5 (try 3/3)
[So Jul 26 16:31:12 2026] wlxbcfce7292407: association with b8:ec:a3:dc:73:f5 timed out
[So Jul 26 16:31:13 2026] wlxbcfce7292407: authenticate with b8:ec:a3:dc:73:f5 (local address=bc:fc:e7:29:24:07)
[So Jul 26 16:31:13 2026] wlxbcfce7292407: send auth to b8:ec:a3:dc:73:f5 (try 1/3)
[So Jul 26 16:31:13 2026] wlxbcfce7292407: authenticated
[So Jul 26 16:31:13 2026] wlxbcfce7292407: associate with b8:ec:a3:dc:73:f5 (try 1/3)
[So Jul 26 16:31:13 2026] wlxbcfce7292407: associate with b8:ec:a3:dc:73:f5 (try 2/3)
[So Jul 26 16:31:13 2026] wlxbcfce7292407: associate with b8:ec:a3:dc:73:f5 (try 3/3)
[So Jul 26 16:31:14 2026] wlxbcfce7292407: association with b8:ec:a3:dc:73:f5 timed out
[So Jul 26 16:31:21 2026] wlxbcfce7292407: authenticate with b8:ec:a3:dc:73:f5 (local address=bc:fc:e7:29:24:07)
[So Jul 26 16:31:21 2026] wlxbcfce7292407: send auth to b8:ec:a3:dc:73:f5 (try 1/3)
[So Jul 26 16:31:21 2026] wlxbcfce7292407: authenticated
[So Jul 26 16:31:21 2026] wlxbcfce7292407: associate with b8:ec:a3:dc:73:f5 (try 1/3)
[So Jul 26 16:31:21 2026] wlxbcfce7292407: RX AssocResp from b8:ec:a3:dc:73:f5 (capab=0x411 status=0 aid=40)
[So Jul 26 16:31:21 2026] usb 1-1: rtl8xxxu_bss_info_changed: HT supported
[So Jul 26 16:31:21 2026] wlxbcfce7292407: associated
[So Jul 26 16:34:08 2026] wlxbcfce7292407: deauthenticating from b8:ec:a3:dc:73:f5 by local choice (Reason: 3=DEAUTH_LEAVING)
[So Jul 26 16:34:15 2026] usb 1-1: Dumping efuse for RTL8188EU (0x200 bytes):
[So Jul 26 16:34:15 2026] usb 1-1: RTL8188EU rev D (TSMC) romver 0, 1T1R, TX queues 2, WiFi=1, BT=0, GPS=0, HI PA=0
[So Jul 26 16:34:15 2026] usb 1-1: RTL8188EU MAC: bc:fc:e7:29:24:07
[So Jul 26 16:34:15 2026] usb 1-1: rtl8xxxu: Loading firmware rtlwifi/rtl8188eufw.bin
[So Jul 26 16:34:16 2026] rtl8xxxu 1-1:1.0 wlxbcfce7292407: renamed from wlan0
[So Jul 26 16:34:26 2026] wlxbcfce7292407: authenticate with b8:ec:a3:dc:73:f5 (local address=bc:fc:e7:29:24:07)
[So Jul 26 16:34:26 2026] wlxbcfce7292407: send auth to b8:ec:a3:dc:73:f5 (try 1/3)
[So Jul 26 16:34:26 2026] wlxbcfce7292407: authenticated
[So Jul 26 16:34:26 2026] wlxbcfce7292407: associate with b8:ec:a3:dc:73:f5 (try 1/3)
[So Jul 26 16:34:26 2026] wlxbcfce7292407: associate with b8:ec:a3:dc:73:f5 (try 2/3)
[So Jul 26 16:34:27 2026] wlxbcfce7292407: associate with b8:ec:a3:dc:73:f5 (try 3/3)
[So Jul 26 16:34:27 2026] wlxbcfce7292407: association with b8:ec:a3:dc:73:f5 timed out
[So Jul 26 16:34:34 2026] wlxbcfce7292407: authenticate with b8:ec:a3:dc:73:f5 (local address=bc:fc:e7:29:24:07)
[So Jul 26 16:34:34 2026] wlxbcfce7292407: send auth to b8:ec:a3:dc:73:f5 (try 1/3)
[So Jul 26 16:34:34 2026] wlxbcfce7292407: authenticated
[So Jul 26 16:34:34 2026] wlxbcfce7292407: associate with b8:ec:a3:dc:73:f5 (try 1/3)
[So Jul 26 16:34:34 2026] wlxbcfce7292407: RX AssocResp from b8:ec:a3:dc:73:f5 (capab=0x411 status=0 aid=40)
[So Jul 26 16:34:34 2026] usb 1-1: rtl8xxxu_bss_info_changed: HT supported
[So Jul 26 16:34:34 2026] wlxbcfce7292407: associated
[So Jul 26 16:45:57 2026] wlxbcfce7292407: deauthenticating from b8:ec:a3:dc:73:f5 by local choice (Reason: 3=DEAUTH_LEAVING)
[So Jul 26 16:45:58 2026] usb 1-1: Device still attached, trying to reset
[So Jul 26 16:45:58 2026] usb 1-1: reset high-speed USB device number 9 using xhci_hcd
[So Jul 26 16:45:59 2026] usb 1-7: reset high-speed USB device number 5 using xhci_hcd
[So Jul 26 16:45:59 2026] usb 1-2: reset high-speed USB device number 3 using xhci_hcd
[So Jul 26 16:45:59 2026] usb 1-6: reset full-speed USB device number 4 using xhci_hcd
[So Jul 26 16:46:00 2026] usb 1-1: Dumping efuse for RTL8188EU (0x200 bytes):
[So Jul 26 16:46:00 2026] usb 1-1: RTL8188EU rev D (TSMC) romver 0, 1T1R, TX queues 2, WiFi=1, BT=0, GPS=0, HI PA=0
[So Jul 26 16:46:00 2026] usb 1-1: RTL8188EU MAC: bc:fc:e7:29:24:07
[So Jul 26 16:46:00 2026] usb 1-1: rtl8xxxu: Loading firmware rtlwifi/rtl8188eufw.bin
[So Jul 26 16:46:01 2026] rtl8xxxu 1-1:1.0 wlxbcfce7292407: renamed from wlan0
[So Jul 26 16:46:02 2026] wlxbcfce7292407: authenticate with b8:ec:a3:dc:73:f5 (local address=bc:fc:e7:29:24:07)
[So Jul 26 16:46:02 2026] wlxbcfce7292407: send auth to b8:ec:a3:dc:73:f5 (try 1/3)
[So Jul 26 16:46:02 2026] wlxbcfce7292407: authenticated
[So Jul 26 16:46:02 2026] wlxbcfce7292407: associate with b8:ec:a3:dc:73:f5 (try 1/3)
[So Jul 26 16:46:02 2026] wlxbcfce7292407: RX AssocResp from b8:ec:a3:dc:73:f5 (capab=0x411 status=0 aid=46)
[So Jul 26 16:46:02 2026] usb 1-1: rtl8xxxu_bss_info_changed: HT supported
[So Jul 26 16:46:02 2026] wlxbcfce7292407: associated
[So Jul 26 16:49:04 2026] ata1.00: failed command: WRITE FPDMA QUEUED
[So Jul 26 16:49:04 2026] ata1.00: failed command: READ FPDMA QUEUED
[So Jul 26 16:49:04 2026] ata1.00: failed command: WRITE FPDMA QUEUED
[So Jul 26 16:49:04 2026] ata1: hard resetting link
[So Jul 26 16:51:10 2026] ata1.00: failed command: WRITE FPDMA QUEUED
[So Jul 26 16:51:10 2026] ata1.00: failed command: WRITE FPDMA QUEUED
[So Jul 26 16:51:10 2026] ata1.00: failed command: WRITE FPDMA QUEUED
[So Jul 26 16:51:10 2026] ata1.00: failed command: WRITE FPDMA QUEUED
[So Jul 26 16:51:10 2026] ata1: hard resetting link
[So Jul 26 16:55:11 2026] ata1.00: failed command: WRITE FPDMA QUEUED
[So Jul 26 16:55:11 2026] ata1.00: failed command: WRITE FPDMA QUEUED
[So Jul 26 16:55:11 2026] ata1.00: failed command: WRITE FPDMA QUEUED
[So Jul 26 16:55:11 2026] ata1: hard resetting link
[So Jul 26 17:02:36 2026] ata1.00: failed command: WRITE FPDMA QUEUED
[So Jul 26 17:02:36 2026] ata1: hard resetting link
[So Jul 26 17:02:36 2026] ata1.00: failed command: WRITE FPDMA QUEUED
[So Jul 26 17:02:36 2026] ata1: hard resetting link
[So Jul 26 15:53:33 2026] systemd[1]: Listening on systemd-factory-reset.socket - Factory Reset Management.
[So Jul 26 15:53:36 2026] Bluetooth: hci0: Reading supported features failed (-16)
[So Jul 26 16:10:37 2026] cfg80211: Loading compiled-in X.509 certificates for regulatory database
[So Jul 26 16:10:37 2026] usb 1-1: Dumping efuse for RTL8188EU (0x200 bytes):
[So Jul 26 16:10:37 2026] usb 1-1: RTL8188EU rev D (TSMC) romver 0, 1T1R, TX queues 2, WiFi=1, BT=0, GPS=0, HI PA=0
[So Jul 26 16:10:37 2026] usb 1-1: RTL8188EU MAC: bc:fc:e7:29:24:07
[So Jul 26 16:10:37 2026] usb 1-1: rtl8xxxu: Loading firmware rtlwifi/rtl8188eufw.bin
[So Jul 26 16:10:38 2026] usbcore: registered new interface driver rtl8xxxu
[So Jul 26 16:10:38 2026] rtl8xxxu 1-1:1.0 wlxbcfce7292407: renamed from wlan0
[So Jul 26 16:10:43 2026] wlxbcfce7292407: authenticate with b8:ec:a3:dc:73:f5 (local address=bc:fc:e7:29:24:07)
[So Jul 26 16:10:43 2026] wlxbcfce7292407: send auth to b8:ec:a3:dc:73:f5 (try 1/3)
[So Jul 26 16:10:43 2026] wlxbcfce7292407: authenticated
[So Jul 26 16:10:43 2026] wlxbcfce7292407: associate with b8:ec:a3:dc:73:f5 (try 1/3)
[So Jul 26 16:10:43 2026] wlxbcfce7292407: RX AssocResp from b8:ec:a3:dc:73:f5 (capab=0x411 status=0 aid=40)
[So Jul 26 16:10:43 2026] usb 1-1: rtl8xxxu_bss_info_changed: HT supported
[So Jul 26 16:10:43 2026] wlxbcfce7292407: associated
[So Jul 26 16:10:47 2026] iwlwifi 0000:03:00.0: enabling device (0000 -> 0002)
[So Jul 26 16:10:47 2026] iwlwifi 0000:03:00.0: Detected crf-id 0xbadcafe, cnv-id 0x3000000 wfpm id 0x80000000
[So Jul 26 16:10:47 2026] iwlwifi 0000:03:00.0: PCI dev 24f3/0130, rev=0x201, rfid=0xd55555d5
[So Jul 26 16:10:47 2026] iwlwifi 0000:03:00.0: Detected Intel(R) Dual Band Wireless-AC 8260
[So Jul 26 16:10:47 2026] iwlwifi 0000:03:00.0: loaded firmware version 36.c8e8e144.0 8000C-36.ucode op_mode iwlmvm
[So Jul 26 16:10:47 2026] iwlwifi 0000:03:00.0: base HW address: f4:8c:50:23:4a:74, OTP minor version: 0x4
[So Jul 26 16:10:48 2026] ieee80211 phy1: Selected rate control algorithm 'iwl-mvm-rs'
[So Jul 26 16:10:48 2026] iwlwifi 0000:03:00.0 wlp3s0: renamed from wlan0
[So Jul 26 16:11:10 2026] wlxbcfce7292407: deauthenticating from b8:ec:a3:dc:73:f5 by local choice (Reason: 3=DEAUTH_LEAVING)
[So Jul 26 16:11:12 2026] wlxbcfce7292407: authenticate with b8:ec:a3:dc:73:f5 (local address=bc:fc:e7:29:24:07)
[So Jul 26 16:11:12 2026] wlxbcfce7292407: send auth to b8:ec:a3:dc:73:f5 (try 1/3)
[So Jul 26 16:11:12 2026] wlxbcfce7292407: authenticated
[So Jul 26 16:11:12 2026] wlxbcfce7292407: associate with b8:ec:a3:dc:73:f5 (try 1/3)
[So Jul 26 16:11:12 2026] wlxbcfce7292407: RX AssocResp from b8:ec:a3:dc:73:f5 (capab=0x411 status=0 aid=40)
[So Jul 26 16:11:12 2026] usb 1-1: rtl8xxxu_bss_info_changed: HT supported
[So Jul 26 16:11:12 2026] wlxbcfce7292407: associated
[So Jul 26 16:11:15 2026] wlp3s0: authenticate with b8:ec:a3:dc:73:f5 (local address=f4:8c:50:23:4a:74)
[So Jul 26 16:11:15 2026] wlp3s0: send auth to b8:ec:a3:dc:73:f5 (try 1/3)
[So Jul 26 16:11:15 2026] wlp3s0: authenticated
[So Jul 26 16:11:15 2026] wlp3s0: associate with b8:ec:a3:dc:73:f5 (try 1/3)
[So Jul 26 16:11:15 2026] wlp3s0: RX AssocResp from b8:ec:a3:dc:73:f5 (capab=0x411 status=0 aid=45)
[So Jul 26 16:11:15 2026] wlp3s0: associated
[So Jul 26 16:11:29 2026] wlp3s0: authenticate with b8:ec:a3:dc:73:f5 (local address=f4:8c:50:23:4a:74)
[So Jul 26 16:11:29 2026] wlp3s0: send auth to b8:ec:a3:dc:73:f5 (try 1/3)
[So Jul 26 16:11:29 2026] wlp3s0: authenticated
[So Jul 26 16:11:29 2026] wlp3s0: associate with b8:ec:a3:dc:73:f5 (try 1/3)
[So Jul 26 16:11:29 2026] wlp3s0: associate with b8:ec:a3:dc:73:f5 (try 2/3)
[So Jul 26 16:11:29 2026] wlp3s0: associate with b8:ec:a3:dc:73:f5 (try 3/3)
[So Jul 26 16:11:29 2026] wlp3s0: association with b8:ec:a3:dc:73:f5 timed out
[So Jul 26 16:12:16 2026] wlp3s0: authenticate with b8:ec:a3:dc:73:f5 (local address=f4:8c:50:23:4a:74)
[So Jul 26 16:12:16 2026] wlp3s0: send auth to b8:ec:a3:dc:73:f5 (try 1/3)
[So Jul 26 16:12:16 2026] wlp3s0: authenticated
[So Jul 26 16:12:16 2026] wlp3s0: associate with b8:ec:a3:dc:73:f5 (try 1/3)
[So Jul 26 16:12:16 2026] wlp3s0: RX AssocResp from b8:ec:a3:dc:73:f5 (capab=0x411 status=0 aid=45)
[So Jul 26 16:12:16 2026] wlp3s0: associated
[So Jul 26 16:12:23 2026] wlp3s0: Connection to AP b8:ec:a3:dc:73:f5 lost
[So Jul 26 16:20:45 2026] ata1.00: failed command: WRITE FPDMA QUEUED
[So Jul 26 16:20:45 2026] ata1: hard resetting link
[So Jul 26 16:27:35 2026] wlxbcfce7292407: authenticate with b8:ec:a3:dc:73:f5 (local address=bc:fc:e7:29:24:07)
[So Jul 26 16:27:35 2026] wlxbcfce7292407: send auth to b8:ec:a3:dc:73:f5 (try 1/3)
[So Jul 26 16:27:35 2026] wlxbcfce7292407: authenticated
[So Jul 26 16:27:35 2026] wlxbcfce7292407: associate with b8:ec:a3:dc:73:f5 (try 1/3)
[So Jul 26 16:27:35 2026] wlxbcfce7292407: associate with b8:ec:a3:dc:73:f5 (try 2/3)
[So Jul 26 16:27:35 2026] wlxbcfce7292407: associate with b8:ec:a3:dc:73:f5 (try 3/3)
[So Jul 26 16:27:35 2026] wlxbcfce7292407: association with b8:ec:a3:dc:73:f5 timed out
[So Jul 26 16:27:43 2026] wlxbcfce7292407: authenticate with b8:ec:a3:dc:73:f5 (local address=bc:fc:e7:29:24:07)
[So Jul 26 16:27:43 2026] wlxbcfce7292407: send auth to b8:ec:a3:dc:73:f5 (try 1/3)
[So Jul 26 16:27:43 2026] wlxbcfce7292407: authenticated
[So Jul 26 16:27:43 2026] wlxbcfce7292407: associate with b8:ec:a3:dc:73:f5 (try 1/3)
[So Jul 26 16:27:43 2026] wlxbcfce7292407: RX AssocResp from b8:ec:a3:dc:73:f5 (capab=0x411 status=0 aid=40)
[So Jul 26 16:27:43 2026] usb 1-1: rtl8xxxu_bss_info_changed: HT supported
[So Jul 26 16:27:43 2026] wlxbcfce7292407: associated
[So Jul 26 16:31:03 2026] ata1.00: failed command: WRITE FPDMA QUEUED
[So Jul 26 16:31:03 2026] ata1.00: failed command: WRITE FPDMA QUEUED
[So Jul 26 16:31:03 2026] ata1: hard resetting link
[So Jul 26 16:31:07 2026] usbcore: deregistering interface driver rtl8xxxu
[So Jul 26 16:31:07 2026] wlxbcfce7292407: deauthenticating from b8:ec:a3:dc:73:f5 by local choice (Reason: 3=DEAUTH_LEAVING)
[So Jul 26 16:31:07 2026] usb 1-1: Device still attached, trying to reset
[So Jul 26 16:31:07 2026] usb 1-1: reset high-speed USB device number 8 using xhci_hcd
[So Jul 26 16:31:09 2026] iwlwifi 0000:03:00.0: Detected crf-id 0xbadcafe, cnv-id 0x3000000 wfpm id 0x80000000
[So Jul 26 16:31:09 2026] iwlwifi 0000:03:00.0: PCI dev 24f3/0130, rev=0x201, rfid=0xd55555d5
[So Jul 26 16:31:09 2026] iwlwifi 0000:03:00.0: Detected Intel(R) Dual Band Wireless-AC 8260
[So Jul 26 16:31:09 2026] iwlwifi 0000:03:00.0: loaded firmware version 36.c8e8e144.0 8000C-36.ucode op_mode iwlmvm
[So Jul 26 16:31:09 2026] usb 1-1: Dumping efuse for RTL8188EU (0x200 bytes):
[So Jul 26 16:31:09 2026] usb 1-1: RTL8188EU rev D (TSMC) romver 0, 1T1R, TX queues 2, WiFi=1, BT=0, GPS=0, HI PA=0
[So Jul 26 16:31:09 2026] usb 1-1: RTL8188EU MAC: bc:fc:e7:29:24:07
[So Jul 26 16:31:09 2026] usb 1-1: rtl8xxxu: Loading firmware rtlwifi/rtl8188eufw.bin
[So Jul 26 16:31:09 2026] iwlwifi 0000:03:00.0: base HW address: f4:8c:50:23:4a:74, OTP minor version: 0x4
[So Jul 26 16:31:09 2026] ieee80211 phy3: Selected rate control algorithm 'iwl-mvm-rs'
[So Jul 26 16:31:09 2026] iwlwifi 0000:03:00.0 wlp3s0: renamed from wlan0
[So Jul 26 16:31:10 2026] usbcore: registered new interface driver rtl8xxxu
[So Jul 26 16:31:10 2026] rtl8xxxu 1-1:1.0 wlxbcfce7292407: renamed from wlan0
[So Jul 26 16:31:11 2026] wlxbcfce7292407: authenticate with b8:ec:a3:dc:73:f5 (local address=bc:fc:e7:29:24:07)
[So Jul 26 16:31:11 2026] wlxbcfce7292407: send auth to b8:ec:a3:dc:73:f5 (try 1/3)
[So Jul 26 16:31:11 2026] wlxbcfce7292407: authenticated
[So Jul 26 16:31:11 2026] wlxbcfce7292407: associate with b8:ec:a3:dc:73:f5 (try 1/3)
[So Jul 26 16:31:12 2026] wlxbcfce7292407: associate with b8:ec:a3:dc:73:f5 (try 2/3)
[So Jul 26 16:31:12 2026] wlxbcfce7292407: associate with b8:ec:a3:dc:73:f5 (try 3/3)
[So Jul 26 16:31:12 2026] wlxbcfce7292407: association with b8:ec:a3:dc:73:f5 timed out
[So Jul 26 16:31:13 2026] wlxbcfce7292407: authenticate with b8:ec:a3:dc:73:f5 (local address=bc:fc:e7:29:24:07)
[So Jul 26 16:31:13 2026] wlxbcfce7292407: send auth to b8:ec:a3:dc:73:f5 (try 1/3)
[So Jul 26 16:31:13 2026] wlxbcfce7292407: authenticated
[So Jul 26 16:31:13 2026] wlxbcfce7292407: associate with b8:ec:a3:dc:73:f5 (try 1/3)
[So Jul 26 16:31:13 2026] wlxbcfce7292407: associate with b8:ec:a3:dc:73:f5 (try 2/3)
[So Jul 26 16:31:13 2026] wlxbcfce7292407: associate with b8:ec:a3:dc:73:f5 (try 3/3)
[So Jul 26 16:31:14 2026] wlxbcfce7292407: association with b8:ec:a3:dc:73:f5 timed out
[So Jul 26 16:31:21 2026] wlxbcfce7292407: authenticate with b8:ec:a3:dc:73:f5 (local address=bc:fc:e7:29:24:07)
[So Jul 26 16:31:21 2026] wlxbcfce7292407: send auth to b8:ec:a3:dc:73:f5 (try 1/3)
[So Jul 26 16:31:21 2026] wlxbcfce7292407: authenticated
[So Jul 26 16:31:21 2026] wlxbcfce7292407: associate with b8:ec:a3:dc:73:f5 (try 1/3)
[So Jul 26 16:31:21 2026] wlxbcfce7292407: RX AssocResp from b8:ec:a3:dc:73:f5 (capab=0x411 status=0 aid=40)
[So Jul 26 16:31:21 2026] usb 1-1: rtl8xxxu_bss_info_changed: HT supported
[So Jul 26 16:31:21 2026] wlxbcfce7292407: associated
[So Jul 26 16:34:08 2026] wlxbcfce7292407: deauthenticating from b8:ec:a3:dc:73:f5 by local choice (Reason: 3=DEAUTH_LEAVING)
[So Jul 26 16:34:15 2026] usb 1-1: Dumping efuse for RTL8188EU (0x200 bytes):
[So Jul 26 16:34:15 2026] usb 1-1: RTL8188EU rev D (TSMC) romver 0, 1T1R, TX queues 2, WiFi=1, BT=0, GPS=0, HI PA=0
[So Jul 26 16:34:15 2026] usb 1-1: RTL8188EU MAC: bc:fc:e7:29:24:07
[So Jul 26 16:34:15 2026] usb 1-1: rtl8xxxu: Loading firmware rtlwifi/rtl8188eufw.bin
[So Jul 26 16:34:16 2026] rtl8xxxu 1-1:1.0 wlxbcfce7292407: renamed from wlan0
[So Jul 26 16:34:26 2026] wlxbcfce7292407: authenticate with b8:ec:a3:dc:73:f5 (local address=bc:fc:e7:29:24:07)
[So Jul 26 16:34:26 2026] wlxbcfce7292407: send auth to b8:ec:a3:dc:73:f5 (try 1/3)
[So Jul 26 16:34:26 2026] wlxbcfce7292407: authenticated
[So Jul 26 16:34:26 2026] wlxbcfce7292407: associate with b8:ec:a3:dc:73:f5 (try 1/3)
[So Jul 26 16:34:26 2026] wlxbcfce7292407: associate with b8:ec:a3:dc:73:f5 (try 2/3)
[So Jul 26 16:34:27 2026] wlxbcfce7292407: associate with b8:ec:a3:dc:73:f5 (try 3/3)
[So Jul 26 16:34:27 2026] wlxbcfce7292407: association with b8:ec:a3:dc:73:f5 timed out
[So Jul 26 16:34:34 2026] wlxbcfce7292407: authenticate with b8:ec:a3:dc:73:f5 (local address=bc:fc:e7:29:24:07)
[So Jul 26 16:34:34 2026] wlxbcfce7292407: send auth to b8:ec:a3:dc:73:f5 (try 1/3)
[So Jul 26 16:34:34 2026] wlxbcfce7292407: authenticated
[So Jul 26 16:34:34 2026] wlxbcfce7292407: associate with b8:ec:a3:dc:73:f5 (try 1/3)
[So Jul 26 16:34:34 2026] wlxbcfce7292407: RX AssocResp from b8:ec:a3:dc:73:f5 (capab=0x411 status=0 aid=40)
[So Jul 26 16:34:34 2026] usb 1-1: rtl8xxxu_bss_info_changed: HT supported
[So Jul 26 16:34:34 2026] wlxbcfce7292407: associated
[So Jul 26 16:45:57 2026] wlxbcfce7292407: deauthenticating from b8:ec:a3:dc:73:f5 by local choice (Reason: 3=DEAUTH_LEAVING)
[So Jul 26 16:45:58 2026] usb 1-1: Device still attached, trying to reset
[So Jul 26 16:45:58 2026] usb 1-1: reset high-speed USB device number 9 using xhci_hcd
[So Jul 26 16:45:59 2026] usb 1-7: reset high-speed USB device number 5 using xhci_hcd
[So Jul 26 16:45:59 2026] usb 1-2: reset high-speed USB device number 3 using xhci_hcd
[So Jul 26 16:45:59 2026] usb 1-6: reset full-speed USB device number 4 using xhci_hcd
[So Jul 26 16:46:00 2026] usb 1-1: Dumping efuse for RTL8188EU (0x200 bytes):
[So Jul 26 16:46:00 2026] usb 1-1: RTL8188EU rev D (TSMC) romver 0, 1T1R, TX queues 2, WiFi=1, BT=0, GPS=0, HI PA=0
[So Jul 26 16:46:00 2026] usb 1-1: RTL8188EU MAC: bc:fc:e7:29:24:07
[So Jul 26 16:46:00 2026] usb 1-1: rtl8xxxu: Loading firmware rtlwifi/rtl8188eufw.bin
[So Jul 26 16:46:01 2026] rtl8xxxu 1-1:1.0 wlxbcfce7292407: renamed from wlan0
[So Jul 26 16:46:02 2026] wlxbcfce7292407: authenticate with b8:ec:a3:dc:73:f5 (local address=bc:fc:e7:29:24:07)
[So Jul 26 16:46:02 2026] wlxbcfce7292407: send auth to b8:ec:a3:dc:73:f5 (try 1/3)
[So Jul 26 16:46:02 2026] wlxbcfce7292407: authenticated
[So Jul 26 16:46:02 2026] wlxbcfce7292407: associate with b8:ec:a3:dc:73:f5 (try 1/3)
[So Jul 26 16:46:02 2026] wlxbcfce7292407: RX AssocResp from b8:ec:a3:dc:73:f5 (capab=0x411 status=0 aid=46)
[So Jul 26 16:46:02 2026] usb 1-1: rtl8xxxu_bss_info_changed: HT supported
[So Jul 26 16:46:02 2026] wlxbcfce7292407: associated
[So Jul 26 16:49:04 2026] ata1.00: failed command: WRITE FPDMA QUEUED
[So Jul 26 16:49:04 2026] ata1.00: failed command: READ FPDMA QUEUED
[So Jul 26 16:49:04 2026] ata1.00: failed command: WRITE FPDMA QUEUED
[So Jul 26 16:49:04 2026] ata1: hard resetting link
[So Jul 26 16:51:10 2026] ata1.00: failed command: WRITE FPDMA QUEUED
[So Jul 26 16:51:10 2026] ata1.00: failed command: WRITE FPDMA QUEUED
[So Jul 26 16:51:10 2026] ata1.00: failed command: WRITE FPDMA QUEUED
[So Jul 26 16:51:10 2026] ata1.00: failed command: WRITE FPDMA QUEUED
[So Jul 26 16:51:10 2026] ata1: hard resetting link
[So Jul 26 16:55:11 2026] ata1.00: failed command: WRITE FPDMA QUEUED
[So Jul 26 16:55:11 2026] ata1.00: failed command: WRITE FPDMA QUEUED
[So Jul 26 16:55:11 2026] ata1.00: failed command: WRITE FPDMA QUEUED
[So Jul 26 16:55:11 2026] ata1: hard resetting link
[So Jul 26 17:02:36 2026] ata1.00: failed command: WRITE FPDMA QUEUED
[So Jul 26 17:02:36 2026] ata1: hard resetting link
[So Jul 26 17:02:36 2026] ata1.00: failed command: WRITE FPDMA QUEUED
[So Jul 26 17:02:36 2026] ata1: hard resetting link
[So Jul 26 15:53:33 2026] systemd[1]: Listening on systemd-factory-reset.socket - Factory Reset Management.
[So Jul 26 15:53:36 2026] Bluetooth: hci0: Reading supported features failed (-16)
[So Jul 26 16:10:37 2026] cfg80211: Loading compiled-in X.509 certificates for regulatory database
[So Jul 26 16:10:37 2026] usb 1-1: Dumping efuse for RTL8188EU (0x200 bytes):
[So Jul 26 16:10:37 2026] usb 1-1: RTL8188EU rev D (TSMC) romver 0, 1T1R, TX queues 2, WiFi=1, BT=0, GPS=0, HI PA=0
[So Jul 26 16:10:37 2026] usb 1-1: RTL8188EU MAC: bc:fc:e7:29:24:07
[So Jul 26 16:10:37 2026] usb 1-1: rtl8xxxu: Loading firmware rtlwifi/rtl8188eufw.bin
[So Jul 26 16:10:38 2026] usbcore: registered new interface driver rtl8xxxu
[So Jul 26 16:10:38 2026] rtl8xxxu 1-1:1.0 wlxbcfce7292407: renamed from wlan0
[So Jul 26 16:10:43 2026] wlxbcfce7292407: authenticate with b8:ec:a3:dc:73:f5 (local address=bc:fc:e7:29:24:07)
[So Jul 26 16:10:43 2026] wlxbcfce7292407: send auth to b8:ec:a3:dc:73:f5 (try 1/3)
[So Jul 26 16:10:43 2026] wlxbcfce7292407: authenticated
[So Jul 26 16:10:43 2026] wlxbcfce7292407: associate with b8:ec:a3:dc:73:f5 (try 1/3)
[So Jul 26 16:10:43 2026] wlxbcfce7292407: RX AssocResp from b8:ec:a3:dc:73:f5 (capab=0x411 status=0 aid=40)
[So Jul 26 16:10:43 2026] usb 1-1: rtl8xxxu_bss_info_changed: HT supported
[So Jul 26 16:10:43 2026] wlxbcfce7292407: associated
[So Jul 26 16:10:47 2026] iwlwifi 0000:03:00.0: enabling device (0000 -> 0002)
[So Jul 26 16:10:47 2026] iwlwifi 0000:03:00.0: Detected crf-id 0xbadcafe, cnv-id 0x3000000 wfpm id 0x80000000
[So Jul 26 16:10:47 2026] iwlwifi 0000:03:00.0: PCI dev 24f3/0130, rev=0x201, rfid=0xd55555d5
[So Jul 26 16:10:47 2026] iwlwifi 0000:03:00.0: Detected Intel(R) Dual Band Wireless-AC 8260
[So Jul 26 16:10:47 2026] iwlwifi 0000:03:00.0: loaded firmware version 36.c8e8e144.0 8000C-36.ucode op_mode iwlmvm
[So Jul 26 16:10:47 2026] iwlwifi 0000:03:00.0: base HW address: f4:8c:50:23:4a:74, OTP minor version: 0x4
[So Jul 26 16:10:48 2026] ieee80211 phy1: Selected rate control algorithm 'iwl-mvm-rs'
[So Jul 26 16:10:48 2026] iwlwifi 0000:03:00.0 wlp3s0: renamed from wlan0
[So Jul 26 16:11:10 2026] wlxbcfce7292407: deauthenticating from b8:ec:a3:dc:73:f5 by local choice (Reason: 3=DEAUTH_LEAVING)
[So Jul 26 16:11:12 2026] wlxbcfce7292407: authenticate with b8:ec:a3:dc:73:f5 (local address=bc:fc:e7:29:24:07)
[So Jul 26 16:11:12 2026] wlxbcfce7292407: send auth to b8:ec:a3:dc:73:f5 (try 1/3)
[So Jul 26 16:11:12 2026] wlxbcfce7292407: authenticated
[So Jul 26 16:11:12 2026] wlxbcfce7292407: associate with b8:ec:a3:dc:73:f5 (try 1/3)
[So Jul 26 16:11:12 2026] wlxbcfce7292407: RX AssocResp from b8:ec:a3:dc:73:f5 (capab=0x411 status=0 aid=40)
[So Jul 26 16:11:12 2026] usb 1-1: rtl8xxxu_bss_info_changed: HT supported
[So Jul 26 16:11:12 2026] wlxbcfce7292407: associated
[So Jul 26 16:11:15 2026] wlp3s0: authenticate with b8:ec:a3:dc:73:f5 (local address=f4:8c:50:23:4a:74)
[So Jul 26 16:11:15 2026] wlp3s0: send auth to b8:ec:a3:dc:73:f5 (try 1/3)
[So Jul 26 16:11:15 2026] wlp3s0: authenticated
[So Jul 26 16:11:15 2026] wlp3s0: associate with b8:ec:a3:dc:73:f5 (try 1/3)
[So Jul 26 16:11:15 2026] wlp3s0: RX AssocResp from b8:ec:a3:dc:73:f5 (capab=0x411 status=0 aid=45)
[So Jul 26 16:11:15 2026] wlp3s0: associated
[So Jul 26 16:11:29 2026] wlp3s0: authenticate with b8:ec:a3:dc:73:f5 (local address=f4:8c:50:23:4a:74)
[So Jul 26 16:11:29 2026] wlp3s0: send auth to b8:ec:a3:dc:73:f5 (try 1/3)
[So Jul 26 16:11:29 2026] wlp3s0: authenticated
[So Jul 26 16:11:29 2026] wlp3s0: associate with b8:ec:a3:dc:73:f5 (try 1/3)
[So Jul 26 16:11:29 2026] wlp3s0: associate with b8:ec:a3:dc:73:f5 (try 2/3)
[So Jul 26 16:11:29 2026] wlp3s0: associate with b8:ec:a3:dc:73:f5 (try 3/3)
[So Jul 26 16:11:29 2026] wlp3s0: association with b8:ec:a3:dc:73:f5 timed out
[So Jul 26 16:12:16 2026] wlp3s0: authenticate with b8:ec:a3:dc:73:f5 (local address=f4:8c:50:23:4a:74)
[So Jul 26 16:12:16 2026] wlp3s0: send auth to b8:ec:a3:dc:73:f5 (try 1/3)
[So Jul 26 16:12:16 2026] wlp3s0: authenticated
[So Jul 26 16:12:16 2026] wlp3s0: associate with b8:ec:a3:dc:73:f5 (try 1/3)
[So Jul 26 16:12:16 2026] wlp3s0: RX AssocResp from b8:ec:a3:dc:73:f5 (capab=0x411 status=0 aid=45)
[So Jul 26 16:12:16 2026] wlp3s0: associated
[So Jul 26 16:12:23 2026] wlp3s0: Connection to AP b8:ec:a3:dc:73:f5 lost
[So Jul 26 16:20:45 2026] ata1.00: failed command: WRITE FPDMA QUEUED
[So Jul 26 16:20:45 2026] ata1: hard resetting link
[So Jul 26 16:27:35 2026] wlxbcfce7292407: authenticate with b8:ec:a3:dc:73:f5 (local address=bc:fc:e7:29:24:07)
[So Jul 26 16:27:35 2026] wlxbcfce7292407: send auth to b8:ec:a3:dc:73:f5 (try 1/3)
[So Jul 26 16:27:35 2026] wlxbcfce7292407: authenticated
[So Jul 26 16:27:35 2026] wlxbcfce7292407: associate with b8:ec:a3:dc:73:f5 (try 1/3)
[So Jul 26 16:27:35 2026] wlxbcfce7292407: associate with b8:ec:a3:dc:73:f5 (try 2/3)
[So Jul 26 16:27:35 2026] wlxbcfce7292407: associate with b8:ec:a3:dc:73:f5 (try 3/3)
[So Jul 26 16:27:35 2026] wlxbcfce7292407: association with b8:ec:a3:dc:73:f5 timed out
[So Jul 26 16:27:43 2026] wlxbcfce7292407: authenticate with b8:ec:a3:dc:73:f5 (local address=bc:fc:e7:29:24:07)
[So Jul 26 16:27:43 2026] wlxbcfce7292407: send auth to b8:ec:a3:dc:73:f5 (try 1/3)
[So Jul 26 16:27:43 2026] wlxbcfce7292407: authenticated
[So Jul 26 16:27:43 2026] wlxbcfce7292407: associate with b8:ec:a3:dc:73:f5 (try 1/3)
[So Jul 26 16:27:43 2026] wlxbcfce7292407: RX AssocResp from b8:ec:a3:dc:73:f5 (capab=0x411 status=0 aid=40)
[So Jul 26 16:27:43 2026] usb 1-1: rtl8xxxu_bss_info_changed: HT supported
[So Jul 26 16:27:43 2026] wlxbcfce7292407: associated
[So Jul 26 16:31:03 2026] ata1.00: failed command: WRITE FPDMA QUEUED
[So Jul 26 16:31:03 2026] ata1.00: failed command: WRITE FPDMA QUEUED
[So Jul 26 16:31:03 2026] ata1: hard resetting link
[So Jul 26 16:31:07 2026] usbcore: deregistering interface driver rtl8xxxu
[So Jul 26 16:31:07 2026] wlxbcfce7292407: deauthenticating from b8:ec:a3:dc:73:f5 by local choice (Reason: 3=DEAUTH_LEAVING)
[So Jul 26 16:31:07 2026] usb 1-1: Device still attached, trying to reset
[So Jul 26 16:31:07 2026] usb 1-1: reset high-speed USB device number 8 using xhci_hcd
[So Jul 26 16:31:09 2026] iwlwifi 0000:03:00.0: Detected crf-id 0xbadcafe, cnv-id 0x3000000 wfpm id 0x80000000
[So Jul 26 16:31:09 2026] iwlwifi 0000:03:00.0: PCI dev 24f3/0130, rev=0x201, rfid=0xd55555d5
[So Jul 26 16:31:09 2026] iwlwifi 0000:03:00.0: Detected Intel(R) Dual Band Wireless-AC 8260
[So Jul 26 16:31:09 2026] iwlwifi 0000:03:00.0: loaded firmware version 36.c8e8e144.0 8000C-36.ucode op_mode iwlmvm
[So Jul 26 16:31:09 2026] usb 1-1: Dumping efuse for RTL8188EU (0x200 bytes):
[So Jul 26 16:31:09 2026] usb 1-1: RTL8188EU rev D (TSMC) romver 0, 1T1R, TX queues 2, WiFi=1, BT=0, GPS=0, HI PA=0
[So Jul 26 16:31:09 2026] usb 1-1: RTL8188EU MAC: bc:fc:e7:29:24:07
[So Jul 26 16:31:09 2026] usb 1-1: rtl8xxxu: Loading firmware rtlwifi/rtl8188eufw.bin
[So Jul 26 16:31:09 2026] iwlwifi 0000:03:00.0: base HW address: f4:8c:50:23:4a:74, OTP minor version: 0x4
[So Jul 26 16:31:09 2026] ieee80211 phy3: Selected rate control algorithm 'iwl-mvm-rs'
[So Jul 26 16:31:09 2026] iwlwifi 0000:03:00.0 wlp3s0: renamed from wlan0
[So Jul 26 16:31:10 2026] usbcore: registered new interface driver rtl8xxxu
[So Jul 26 16:31:10 2026] rtl8xxxu 1-1:1.0 wlxbcfce7292407: renamed from wlan0
[So Jul 26 16:31:11 2026] wlxbcfce7292407: authenticate with b8:ec:a3:dc:73:f5 (local address=bc:fc:e7:29:24:07)
[So Jul 26 16:31:11 2026] wlxbcfce7292407: send auth to b8:ec:a3:dc:73:f5 (try 1/3)
[So Jul 26 16:31:11 2026] wlxbcfce7292407: authenticated
[So Jul 26 16:31:11 2026] wlxbcfce7292407: associate with b8:ec:a3:dc:73:f5 (try 1/3)
[So Jul 26 16:31:12 2026] wlxbcfce7292407: associate with b8:ec:a3:dc:73:f5 (try 2/3)
[So Jul 26 16:31:12 2026] wlxbcfce7292407: associate with b8:ec:a3:dc:73:f5 (try 3/3)
[So Jul 26 16:31:12 2026] wlxbcfce7292407: association with b8:ec:a3:dc:73:f5 timed out
[So Jul 26 16:31:13 2026] wlxbcfce7292407: authenticate with b8:ec:a3:dc:73:f5 (local address=bc:fc:e7:29:24:07)
[So Jul 26 16:31:13 2026] wlxbcfce7292407: send auth to b8:ec:a3:dc:73:f5 (try 1/3)
[So Jul 26 16:31:13 2026] wlxbcfce7292407: authenticated
[So Jul 26 16:31:13 2026] wlxbcfce7292407: associate with b8:ec:a3:dc:73:f5 (try 1/3)
[So Jul 26 16:31:13 2026] wlxbcfce7292407: associate with b8:ec:a3:dc:73:f5 (try 2/3)
[So Jul 26 16:31:13 2026] wlxbcfce7292407: associate with b8:ec:a3:dc:73:f5 (try 3/3)
[So Jul 26 16:31:14 2026] wlxbcfce7292407: association with b8:ec:a3:dc:73:f5 timed out
[So Jul 26 16:31:21 2026] wlxbcfce7292407: authenticate with b8:ec:a3:dc:73:f5 (local address=bc:fc:e7:29:24:07)
[So Jul 26 16:31:21 2026] wlxbcfce7292407: send auth to b8:ec:a3:dc:73:f5 (try 1/3)
[So Jul 26 16:31:21 2026] wlxbcfce7292407: authenticated
[So Jul 26 16:31:21 2026] wlxbcfce7292407: associate with b8:ec:a3:dc:73:f5 (try 1/3)
[So Jul 26 16:31:21 2026] wlxbcfce7292407: RX AssocResp from b8:ec:a3:dc:73:f5 (capab=0x411 status=0 aid=40)
[So Jul 26 16:31:21 2026] usb 1-1: rtl8xxxu_bss_info_changed: HT supported
[So Jul 26 16:31:21 2026] wlxbcfce7292407: associated
[So Jul 26 16:34:08 2026] wlxbcfce7292407: deauthenticating from b8:ec:a3:dc:73:f5 by local choice (Reason: 3=DEAUTH_LEAVING)
[So Jul 26 16:34:15 2026] usb 1-1: Dumping efuse for RTL8188EU (0x200 bytes):
[So Jul 26 16:34:15 2026] usb 1-1: RTL8188EU rev D (TSMC) romver 0, 1T1R, TX queues 2, WiFi=1, BT=0, GPS=0, HI PA=0
[So Jul 26 16:34:15 2026] usb 1-1: RTL8188EU MAC: bc:fc:e7:29:24:07
[So Jul 26 16:34:15 2026] usb 1-1: rtl8xxxu: Loading firmware rtlwifi/rtl8188eufw.bin
[So Jul 26 16:34:16 2026] rtl8xxxu 1-1:1.0 wlxbcfce7292407: renamed from wlan0
[So Jul 26 16:34:26 2026] wlxbcfce7292407: authenticate with b8:ec:a3:dc:73:f5 (local address=bc:fc:e7:29:24:07)
[So Jul 26 16:34:26 2026] wlxbcfce7292407: send auth to b8:ec:a3:dc:73:f5 (try 1/3)
[So Jul 26 16:34:26 2026] wlxbcfce7292407: authenticated
[So Jul 26 16:34:26 2026] wlxbcfce7292407: associate with b8:ec:a3:dc:73:f5 (try 1/3)
[So Jul 26 16:34:26 2026] wlxbcfce7292407: associate with b8:ec:a3:dc:73:f5 (try 2/3)
[So Jul 26 16:34:27 2026] wlxbcfce7292407: associate with b8:ec:a3:dc:73:f5 (try 3/3)
[So Jul 26 16:34:27 2026] wlxbcfce7292407: association with b8:ec:a3:dc:73:f5 timed out
[So Jul 26 16:34:34 2026] wlxbcfce7292407: authenticate with b8:ec:a3:dc:73:f5 (local address=bc:fc:e7:29:24:07)
[So Jul 26 16:34:34 2026] wlxbcfce7292407: send auth to b8:ec:a3:dc:73:f5 (try 1/3)
[So Jul 26 16:34:34 2026] wlxbcfce7292407: authenticated
[So Jul 26 16:34:34 2026] wlxbcfce7292407: associate with b8:ec:a3:dc:73:f5 (try 1/3)
[So Jul 26 16:34:34 2026] wlxbcfce7292407: RX AssocResp from b8:ec:a3:dc:73:f5 (capab=0x411 status=0 aid=40)
[So Jul 26 16:34:34 2026] usb 1-1: rtl8xxxu_bss_info_changed: HT supported
[So Jul 26 16:34:34 2026] wlxbcfce7292407: associated
[So Jul 26 16:45:57 2026] wlxbcfce7292407: deauthenticating from b8:ec:a3:dc:73:f5 by local choice (Reason: 3=DEAUTH_LEAVING)
[So Jul 26 16:45:58 2026] usb 1-1: Device still attached, trying to reset
[So Jul 26 16:45:58 2026] usb 1-1: reset high-speed USB device number 9 using xhci_hcd
[So Jul 26 16:45:59 2026] usb 1-7: reset high-speed USB device number 5 using xhci_hcd
[So Jul 26 16:45:59 2026] usb 1-2: reset high-speed USB device number 3 using xhci_hcd
[So Jul 26 16:45:59 2026] usb 1-6: reset full-speed USB device number 4 using xhci_hcd
[So Jul 26 16:46:00 2026] usb 1-1: Dumping efuse for RTL8188EU (0x200 bytes):
[So Jul 26 16:46:00 2026] usb 1-1: RTL8188EU rev D (TSMC) romver 0, 1T1R, TX queues 2, WiFi=1, BT=0, GPS=0, HI PA=0
[So Jul 26 16:46:00 2026] usb 1-1: RTL8188EU MAC: bc:fc:e7:29:24:07
[So Jul 26 16:46:00 2026] usb 1-1: rtl8xxxu: Loading firmware rtlwifi/rtl8188eufw.bin
[So Jul 26 16:46:01 2026] rtl8xxxu 1-1:1.0 wlxbcfce7292407: renamed from wlan0
[So Jul 26 16:46:02 2026] wlxbcfce7292407: authenticate with b8:ec:a3:dc:73:f5 (local address=bc:fc:e7:29:24:07)
[So Jul 26 16:46:02 2026] wlxbcfce7292407: send auth to b8:ec:a3:dc:73:f5 (try 1/3)
[So Jul 26 16:46:02 2026] wlxbcfce7292407: authenticated
[So Jul 26 16:46:02 2026] wlxbcfce7292407: associate with b8:ec:a3:dc:73:f5 (try 1/3)
[So Jul 26 16:46:02 2026] wlxbcfce7292407: RX AssocResp from b8:ec:a3:dc:73:f5 (capab=0x411 status=0 aid=46)
[So Jul 26 16:46:02 2026] usb 1-1: rtl8xxxu_bss_info_changed: HT supported
[So Jul 26 16:46:02 2026] wlxbcfce7292407: associated
[So Jul 26 16:49:04 2026] ata1.00: failed command: WRITE FPDMA QUEUED
[So Jul 26 16:49:04 2026] ata1.00: failed command: READ FPDMA QUEUED
[So Jul 26 16:49:04 2026] ata1.00: failed command: WRITE FPDMA QUEUED
[So Jul 26 16:49:04 2026] ata1: hard resetting link
[So Jul 26 16:51:10 2026] ata1.00: failed command: WRITE FPDMA QUEUED
[So Jul 26 16:51:10 2026] ata1.00: failed command: WRITE FPDMA QUEUED
[So Jul 26 16:51:10 2026] ata1.00: failed command: WRITE FPDMA QUEUED
[So Jul 26 16:51:10 2026] ata1.00: failed command: WRITE FPDMA QUEUED
[So Jul 26 16:51:10 2026] ata1: hard resetting link
[So Jul 26 16:55:11 2026] ata1.00: failed command: WRITE FPDMA QUEUED
[So Jul 26 16:55:11 2026] ata1.00: failed command: WRITE FPDMA QUEUED
[So Jul 26 16:55:11 2026] ata1.00: failed command: WRITE FPDMA QUEUED
[So Jul 26 16:55:11 2026] ata1: hard resetting link
[So Jul 26 17:02:36 2026] ata1.00: failed command: WRITE FPDMA QUEUED
[So Jul 26 17:02:36 2026] ata1: hard resetting link
[So Jul 26 17:02:36 2026] ata1.00: failed command: WRITE FPDMA QUEUED
[So Jul 26 17:02:36 2026] ata1: hard resetting link
[So Jul 26 15:53:33 2026] systemd[1]: Listening on systemd-factory-reset.socket - Factory Reset Management.
[So Jul 26 15:53:36 2026] Bluetooth: hci0: Reading supported features failed (-16)
[So Jul 26 16:10:37 2026] cfg80211: Loading compiled-in X.509 certificates for regulatory database
[So Jul 26 16:10:37 2026] usb 1-1: Dumping efuse for RTL8188EU (0x200 bytes):
[So Jul 26 16:10:37 2026] usb 1-1: RTL8188EU rev D (TSMC) romver 0, 1T1R, TX queues 2, WiFi=1, BT=0, GPS=0, HI PA=0
[So Jul 26 16:10:37 2026] usb 1-1: RTL8188EU MAC: bc:fc:e7:29:24:07
[So Jul 26 16:10:37 2026] usb 1-1: rtl8xxxu: Loading firmware rtlwifi/rtl8188eufw.bin
[So Jul 26 16:10:38 2026] usbcore: registered new interface driver rtl8xxxu
[So Jul 26 16:10:38 2026] rtl8xxxu 1-1:1.0 wlxbcfce7292407: renamed from wlan0
[So Jul 26 16:10:43 2026] wlxbcfce7292407: authenticate with b8:ec:a3:dc:73:f5 (local address=bc:fc:e7:29:24:07)
[So Jul 26 16:10:43 2026] wlxbcfce7292407: send auth to b8:ec:a3:dc:73:f5 (try 1/3)
[So Jul 26 16:10:43 2026] wlxbcfce7292407: authenticated
[So Jul 26 16:10:43 2026] wlxbcfce7292407: associate with b8:ec:a3:dc:73:f5 (try 1/3)
[So Jul 26 16:10:43 2026] wlxbcfce7292407: RX AssocResp from b8:ec:a3:dc:73:f5 (capab=0x411 status=0 aid=40)
[So Jul 26 16:10:43 2026] usb 1-1: rtl8xxxu_bss_info_changed: HT supported
[So Jul 26 16:10:43 2026] wlxbcfce7292407: associated
[So Jul 26 16:10:47 2026] iwlwifi 0000:03:00.0: enabling device (0000 -> 0002)
[So Jul 26 16:10:47 2026] iwlwifi 0000:03:00.0: Detected crf-id 0xbadcafe, cnv-id 0x3000000 wfpm id 0x80000000
[So Jul 26 16:10:47 2026] iwlwifi 0000:03:00.0: PCI dev 24f3/0130, rev=0x201, rfid=0xd55555d5
[So Jul 26 16:10:47 2026] iwlwifi 0000:03:00.0: Detected Intel(R) Dual Band Wireless-AC 8260
[So Jul 26 16:10:47 2026] iwlwifi 0000:03:00.0: loaded firmware version 36.c8e8e144.0 8000C-36.ucode op_mode iwlmvm
[So Jul 26 16:10:47 2026] iwlwifi 0000:03:00.0: base HW address: f4:8c:50:23:4a:74, OTP minor version: 0x4
[So Jul 26 16:10:48 2026] ieee80211 phy1: Selected rate control algorithm 'iwl-mvm-rs'
[So Jul 26 16:10:48 2026] iwlwifi 0000:03:00.0 wlp3s0: renamed from wlan0
[So Jul 26 16:11:10 2026] wlxbcfce7292407: deauthenticating from b8:ec:a3:dc:73:f5 by local choice (Reason: 3=DEAUTH_LEAVING)
[So Jul 26 16:11:12 2026] wlxbcfce7292407: authenticate with b8:ec:a3:dc:73:f5 (local address=bc:fc:e7:29:24:07)
[So Jul 26 16:11:12 2026] wlxbcfce7292407: send auth to b8:ec:a3:dc:73:f5 (try 1/3)
[So Jul 26 16:11:12 2026] wlxbcfce7292407: authenticated
[So Jul 26 16:11:12 2026] wlxbcfce7292407: associate with b8:ec:a3:dc:73:f5 (try 1/3)
[So Jul 26 16:11:12 2026] wlxbcfce7292407: RX AssocResp from b8:ec:a3:dc:73:f5 (capab=0x411 status=0 aid=40)
[So Jul 26 16:11:12 2026] usb 1-1: rtl8xxxu_bss_info_changed: HT supported
[So Jul 26 16:11:12 2026] wlxbcfce7292407: associated
[So Jul 26 16:11:15 2026] wlp3s0: authenticate with b8:ec:a3:dc:73:f5 (local address=f4:8c:50:23:4a:74)
[So Jul 26 16:11:15 2026] wlp3s0: send auth to b8:ec:a3:dc:73:f5 (try 1/3)
[So Jul 26 16:11:15 2026] wlp3s0: authenticated
[So Jul 26 16:11:15 2026] wlp3s0: associate with b8:ec:a3:dc:73:f5 (try 1/3)
[So Jul 26 16:11:15 2026] wlp3s0: RX AssocResp from b8:ec:a3:dc:73:f5 (capab=0x411 status=0 aid=45)
[So Jul 26 16:11:15 2026] wlp3s0: associated
[So Jul 26 16:11:29 2026] wlp3s0: authenticate with b8:ec:a3:dc:73:f5 (local address=f4:8c:50:23:4a:74)
[So Jul 26 16:11:29 2026] wlp3s0: send auth to b8:ec:a3:dc:73:f5 (try 1/3)
[So Jul 26 16:11:29 2026] wlp3s0: authenticated
[So Jul 26 16:11:29 2026] wlp3s0: associate with b8:ec:a3:dc:73:f5 (try 1/3)
[So Jul 26 16:11:29 2026] wlp3s0: associate with b8:ec:a3:dc:73:f5 (try 2/3)
[So Jul 26 16:11:29 2026] wlp3s0: associate with b8:ec:a3:dc:73:f5 (try 3/3)
[So Jul 26 16:11:29 2026] wlp3s0: association with b8:ec:a3:dc:73:f5 timed out
[So Jul 26 16:12:16 2026] wlp3s0: authenticate with b8:ec:a3:dc:73:f5 (local address=f4:8c:50:23:4a:74)
[So Jul 26 16:12:16 2026] wlp3s0: send auth to b8:ec:a3:dc:73:f5 (try 1/3)
[So Jul 26 16:12:16 2026] wlp3s0: authenticated
[So Jul 26 16:12:16 2026] wlp3s0: associate with b8:ec:a3:dc:73:f5 (try 1/3)
[So Jul 26 16:12:16 2026] wlp3s0: RX AssocResp from b8:ec:a3:dc:73:f5 (capab=0x411 status=0 aid=45)
[So Jul 26 16:12:16 2026] wlp3s0: associated
[So Jul 26 16:12:23 2026] wlp3s0: Connection to AP b8:ec:a3:dc:73:f5 lost
[So Jul 26 16:20:45 2026] ata1.00: failed command: WRITE FPDMA QUEUED
[So Jul 26 16:20:45 2026] ata1: hard resetting link
[So Jul 26 16:27:35 2026] wlxbcfce7292407: authenticate with b8:ec:a3:dc:73:f5 (local address=bc:fc:e7:29:24:07)
[So Jul 26 16:27:35 2026] wlxbcfce7292407: send auth to b8:ec:a3:dc:73:f5 (try 1/3)
[So Jul 26 16:27:35 2026] wlxbcfce7292407: authenticated
[So Jul 26 16:27:35 2026] wlxbcfce7292407: associate with b8:ec:a3:dc:73:f5 (try 1/3)
[So Jul 26 16:27:35 2026] wlxbcfce7292407: associate with b8:ec:a3:dc:73:f5 (try 2/3)
[So Jul 26 16:27:35 2026] wlxbcfce7292407: associate with b8:ec:a3:dc:73:f5 (try 3/3)
[So Jul 26 16:27:35 2026] wlxbcfce7292407: association with b8:ec:a3:dc:73:f5 timed out
[So Jul 26 16:27:43 2026] wlxbcfce7292407: authenticate with b8:ec:a3:dc:73:f5 (local address=bc:fc:e7:29:24:07)
[So Jul 26 16:27:43 2026] wlxbcfce7292407: send auth to b8:ec:a3:dc:73:f5 (try 1/3)
[So Jul 26 16:27:43 2026] wlxbcfce7292407: authenticated
[So Jul 26 16:27:43 2026] wlxbcfce7292407: associate with b8:ec:a3:dc:73:f5 (try 1/3)
[So Jul 26 16:27:43 2026] wlxbcfce7292407: RX AssocResp from b8:ec:a3:dc:73:f5 (capab=0x411 status=0 aid=40)
[So Jul 26 16:27:43 2026] usb 1-1: rtl8xxxu_bss_info_changed: HT supported
[So Jul 26 16:27:43 2026] wlxbcfce7292407: associated
[So Jul 26 16:31:03 2026] ata1.00: failed command: WRITE FPDMA QUEUED
[So Jul 26 16:31:03 2026] ata1.00: failed command: WRITE FPDMA QUEUED
[So Jul 26 16:31:03 2026] ata1: hard resetting link
[So Jul 26 16:31:07 2026] usbcore: deregistering interface driver rtl8xxxu
[So Jul 26 16:31:07 2026] wlxbcfce7292407: deauthenticating from b8:ec:a3:dc:73:f5 by local choice (Reason: 3=DEAUTH_LEAVING)
[So Jul 26 16:31:07 2026] usb 1-1: Device still attached, trying to reset
[So Jul 26 16:31:07 2026] usb 1-1: reset high-speed USB device number 8 using xhci_hcd
[So Jul 26 16:31:09 2026] iwlwifi 0000:03:00.0: Detected crf-id 0xbadcafe, cnv-id 0x3000000 wfpm id 0x80000000
[So Jul 26 16:31:09 2026] iwlwifi 0000:03:00.0: PCI dev 24f3/0130, rev=0x201, rfid=0xd55555d5
[So Jul 26 16:31:09 2026] iwlwifi 0000:03:00.0: Detected Intel(R) Dual Band Wireless-AC 8260
[So Jul 26 16:31:09 2026] iwlwifi 0000:03:00.0: loaded firmware version 36.c8e8e144.0 8000C-36.ucode op_mode iwlmvm
[So Jul 26 16:31:09 2026] usb 1-1: Dumping efuse for RTL8188EU (0x200 bytes):
[So Jul 26 16:31:09 2026] usb 1-1: RTL8188EU rev D (TSMC) romver 0, 1T1R, TX queues 2, WiFi=1, BT=0, GPS=0, HI PA=0
[So Jul 26 16:31:09 2026] usb 1-1: RTL8188EU MAC: bc:fc:e7:29:24:07
[So Jul 26 16:31:09 2026] usb 1-1: rtl8xxxu: Loading firmware rtlwifi/rtl8188eufw.bin
[So Jul 26 16:31:09 2026] iwlwifi 0000:03:00.0: base HW address: f4:8c:50:23:4a:74, OTP minor version: 0x4
[So Jul 26 16:31:09 2026] ieee80211 phy3: Selected rate control algorithm 'iwl-mvm-rs'
[So Jul 26 16:31:09 2026] iwlwifi 0000:03:00.0 wlp3s0: renamed from wlan0
[So Jul 26 16:31:10 2026] usbcore: registered new interface driver rtl8xxxu
[So Jul 26 16:31:10 2026] rtl8xxxu 1-1:1.0 wlxbcfce7292407: renamed from wlan0
[So Jul 26 16:31:11 2026] wlxbcfce7292407: authenticate with b8:ec:a3:dc:73:f5 (local address=bc:fc:e7:29:24:07)
[So Jul 26 16:31:11 2026] wlxbcfce7292407: send auth to b8:ec:a3:dc:73:f5 (try 1/3)
[So Jul 26 16:31:11 2026] wlxbcfce7292407: authenticated
[So Jul 26 16:31:11 2026] wlxbcfce7292407: associate with b8:ec:a3:dc:73:f5 (try 1/3)
[So Jul 26 16:31:12 2026] wlxbcfce7292407: associate with b8:ec:a3:dc:73:f5 (try 2/3)
[So Jul 26 16:31:12 2026] wlxbcfce7292407: associate with b8:ec:a3:dc:73:f5 (try 3/3)
[So Jul 26 16:31:12 2026] wlxbcfce7292407: association with b8:ec:a3:dc:73:f5 timed out
[So Jul 26 16:31:13 2026] wlxbcfce7292407: authenticate with b8:ec:a3:dc:73:f5 (local address=bc:fc:e7:29:24:07)
[So Jul 26 16:31:13 2026] wlxbcfce7292407: send auth to b8:ec:a3:dc:73:f5 (try 1/3)
[So Jul 26 16:31:13 2026] wlxbcfce7292407: authenticated
[So Jul 26 16:31:13 2026] wlxbcfce7292407: associate with b8:ec:a3:dc:73:f5 (try 1/3)
[So Jul 26 16:31:13 2026] wlxbcfce7292407: associate with b8:ec:a3:dc:73:f5 (try 2/3)
[So Jul 26 16:31:13 2026] wlxbcfce7292407: associate with b8:ec:a3:dc:73:f5 (try 3/3)
[So Jul 26 16:31:14 2026] wlxbcfce7292407: association with b8:ec:a3:dc:73:f5 timed out
[So Jul 26 16:31:21 2026] wlxbcfce7292407: authenticate with b8:ec:a3:dc:73:f5 (local address=bc:fc:e7:29:24:07)
[So Jul 26 16:31:21 2026] wlxbcfce7292407: send auth to b8:ec:a3:dc:73:f5 (try 1/3)
[So Jul 26 16:31:21 2026] wlxbcfce7292407: authenticated
[So Jul 26 16:31:21 2026] wlxbcfce7292407: associate with b8:ec:a3:dc:73:f5 (try 1/3)
[So Jul 26 16:31:21 2026] wlxbcfce7292407: RX AssocResp from b8:ec:a3:dc:73:f5 (capab=0x411 status=0 aid=40)
[So Jul 26 16:31:21 2026] usb 1-1: rtl8xxxu_bss_info_changed: HT supported
[So Jul 26 16:31:21 2026] wlxbcfce7292407: associated
[So Jul 26 16:34:08 2026] wlxbcfce7292407: deauthenticating from b8:ec:a3:dc:73:f5 by local choice (Reason: 3=DEAUTH_LEAVING)
[So Jul 26 16:34:15 2026] usb 1-1: Dumping efuse for RTL8188EU (0x200 bytes):
[So Jul 26 16:34:15 2026] usb 1-1: RTL8188EU rev D (TSMC) romver 0, 1T1R, TX queues 2, WiFi=1, BT=0, GPS=0, HI PA=0
[So Jul 26 16:34:15 2026] usb 1-1: RTL8188EU MAC: bc:fc:e7:29:24:07
[So Jul 26 16:34:15 2026] usb 1-1: rtl8xxxu: Loading firmware rtlwifi/rtl8188eufw.bin
[So Jul 26 16:34:16 2026] rtl8xxxu 1-1:1.0 wlxbcfce7292407: renamed from wlan0
[So Jul 26 16:34:26 2026] wlxbcfce7292407: authenticate with b8:ec:a3:dc:73:f5 (local address=bc:fc:e7:29:24:07)
[So Jul 26 16:34:26 2026] wlxbcfce7292407: send auth to b8:ec:a3:dc:73:f5 (try 1/3)
[So Jul 26 16:34:26 2026] wlxbcfce7292407: authenticated
[So Jul 26 16:34:26 2026] wlxbcfce7292407: associate with b8:ec:a3:dc:73:f5 (try 1/3)
[So Jul 26 16:34:26 2026] wlxbcfce7292407: associate with b8:ec:a3:dc:73:f5 (try 2/3)
[So Jul 26 16:34:27 2026] wlxbcfce7292407: associate with b8:ec:a3:dc:73:f5 (try 3/3)
[So Jul 26 16:34:27 2026] wlxbcfce7292407: association with b8:ec:a3:dc:73:f5 timed out
[So Jul 26 16:34:34 2026] wlxbcfce7292407: authenticate with b8:ec:a3:dc:73:f5 (local address=bc:fc:e7:29:24:07)
[So Jul 26 16:34:34 2026] wlxbcfce7292407: send auth to b8:ec:a3:dc:73:f5 (try 1/3)
[So Jul 26 16:34:34 2026] wlxbcfce7292407: authenticated
[So Jul 26 16:34:34 2026] wlxbcfce7292407: associate with b8:ec:a3:dc:73:f5 (try 1/3)
[So Jul 26 16:34:34 2026] wlxbcfce7292407: RX AssocResp from b8:ec:a3:dc:73:f5 (capab=0x411 status=0 aid=40)
[So Jul 26 16:34:34 2026] usb 1-1: rtl8xxxu_bss_info_changed: HT supported
[So Jul 26 16:34:34 2026] wlxbcfce7292407: associated
[So Jul 26 16:45:57 2026] wlxbcfce7292407: deauthenticating from b8:ec:a3:dc:73:f5 by local choice (Reason: 3=DEAUTH_LEAVING)
[So Jul 26 16:45:58 2026] usb 1-1: Device still attached, trying to reset
[So Jul 26 16:45:58 2026] usb 1-1: reset high-speed USB device number 9 using xhci_hcd
[So Jul 26 16:45:59 2026] usb 1-7: reset high-speed USB device number 5 using xhci_hcd
[So Jul 26 16:45:59 2026] usb 1-2: reset high-speed USB device number 3 using xhci_hcd
[So Jul 26 16:45:59 2026] usb 1-6: reset full-speed USB device number 4 using xhci_hcd
[So Jul 26 16:46:00 2026] usb 1-1: Dumping efuse for RTL8188EU (0x200 bytes):
[So Jul 26 16:46:00 2026] usb 1-1: RTL8188EU rev D (TSMC) romver 0, 1T1R, TX queues 2, WiFi=1, BT=0, GPS=0, HI PA=0
[So Jul 26 16:46:00 2026] usb 1-1: RTL8188EU MAC: bc:fc:e7:29:24:07
[So Jul 26 16:46:00 2026] usb 1-1: rtl8xxxu: Loading firmware rtlwifi/rtl8188eufw.bin
[So Jul 26 16:46:01 2026] rtl8xxxu 1-1:1.0 wlxbcfce7292407: renamed from wlan0
[So Jul 26 16:46:02 2026] wlxbcfce7292407: authenticate with b8:ec:a3:dc:73:f5 (local address=bc:fc:e7:29:24:07)
[So Jul 26 16:46:02 2026] wlxbcfce7292407: send auth to b8:ec:a3:dc:73:f5 (try 1/3)
[So Jul 26 16:46:02 2026] wlxbcfce7292407: authenticated
[So Jul 26 16:46:02 2026] wlxbcfce7292407: associate with b8:ec:a3:dc:73:f5 (try 1/3)
[So Jul 26 16:46:02 2026] wlxbcfce7292407: RX AssocResp from b8:ec:a3:dc:73:f5 (capab=0x411 status=0 aid=46)
[So Jul 26 16:46:02 2026] usb 1-1: rtl8xxxu_bss_info_changed: HT supported
[So Jul 26 16:46:02 2026] wlxbcfce7292407: associated
[So Jul 26 16:49:04 2026] ata1.00: failed command: WRITE FPDMA QUEUED
[So Jul 26 16:49:04 2026] ata1.00: failed command: READ FPDMA QUEUED
[So Jul 26 16:49:04 2026] ata1.00: failed command: WRITE FPDMA QUEUED
[So Jul 26 16:49:04 2026] ata1: hard resetting link
[So Jul 26 16:51:10 2026] ata1.00: failed command: WRITE FPDMA QUEUED
[So Jul 26 16:51:10 2026] ata1.00: failed command: WRITE FPDMA QUEUED
[So Jul 26 16:51:10 2026] ata1.00: failed command: WRITE FPDMA QUEUED
[So Jul 26 16:51:10 2026] ata1.00: failed command: WRITE FPDMA QUEUED
[So Jul 26 16:51:10 2026] ata1: hard resetting link
[So Jul 26 16:55:11 2026] ata1.00: failed command: WRITE FPDMA QUEUED
[So Jul 26 16:55:11 2026] ata1.00: failed command: WRITE FPDMA QUEUED
[So Jul 26 16:55:11 2026] ata1.00: failed command: WRITE FPDMA QUEUED
[So Jul 26 16:55:11 2026] ata1: hard resetting link
[So Jul 26 17:02:36 2026] ata1.00: failed command: WRITE FPDMA QUEUED
[So Jul 26 17:02:36 2026] ata1: hard resetting link
[So Jul 26 17:02:36 2026] ata1.00: failed command: WRITE FPDMA QUEUED
[So Jul 26 17:02:36 2026] ata1: hard resetting link
[So Jul 26 15:53:33 2026] systemd[1]: Listening on systemd-factory-reset.socket - Factory Reset Management.
[So Jul 26 15:53:36 2026] Bluetooth: hci0: Reading supported features failed (-16)
[So Jul 26 16:10:37 2026] cfg80211: Loading compiled-in X.509 certificates for regulatory database
[So Jul 26 16:10:37 2026] usb 1-1: Dumping efuse for RTL8188EU (0x200 bytes):
[So Jul 26 16:10:37 2026] usb 1-1: RTL8188EU rev D (TSMC) romver 0, 1T1R, TX queues 2, WiFi=1, BT=0, GPS=0, HI PA=0
[So Jul 26 16:10:37 2026] usb 1-1: RTL8188EU MAC: bc:fc:e7:29:24:07
[So Jul 26 16:10:37 2026] usb 1-1: rtl8xxxu: Loading firmware rtlwifi/rtl8188eufw.bin
[So Jul 26 16:10:38 2026] usbcore: registered new interface driver rtl8xxxu
[So Jul 26 16:10:38 2026] rtl8xxxu 1-1:1.0 wlxbcfce7292407: renamed from wlan0
[So Jul 26 16:10:43 2026] wlxbcfce7292407: authenticate with b8:ec:a3:dc:73:f5 (local address=bc:fc:e7:29:24:07)
[So Jul 26 16:10:43 2026] wlxbcfce7292407: send auth to b8:ec:a3:dc:73:f5 (try 1/3)
[So Jul 26 16:10:43 2026] wlxbcfce7292407: authenticated
[So Jul 26 16:10:43 2026] wlxbcfce7292407: associate with b8:ec:a3:dc:73:f5 (try 1/3)
[So Jul 26 16:10:43 2026] wlxbcfce7292407: RX AssocResp from b8:ec:a3:dc:73:f5 (capab=0x411 status=0 aid=40)
[So Jul 26 16:10:43 2026] usb 1-1: rtl8xxxu_bss_info_changed: HT supported
[So Jul 26 16:10:43 2026] wlxbcfce7292407: associated
[So Jul 26 16:10:47 2026] iwlwifi 0000:03:00.0: enabling device (0000 -> 0002)
[So Jul 26 16:10:47 2026] iwlwifi 0000:03:00.0: Detected crf-id 0xbadcafe, cnv-id 0x3000000 wfpm id 0x80000000
[So Jul 26 16:10:47 2026] iwlwifi 0000:03:00.0: PCI dev 24f3/0130, rev=0x201, rfid=0xd55555d5
[So Jul 26 16:10:47 2026] iwlwifi 0000:03:00.0: Detected Intel(R) Dual Band Wireless-AC 8260
[So Jul 26 16:10:47 2026] iwlwifi 0000:03:00.0: loaded firmware version 36.c8e8e144.0 8000C-36.ucode op_mode iwlmvm
[So Jul 26 16:10:47 2026] iwlwifi 0000:03:00.0: base HW address: f4:8c:50:23:4a:74, OTP minor version: 0x4
[So Jul 26 16:10:48 2026] ieee80211 phy1: Selected rate control algorithm 'iwl-mvm-rs'
[So Jul 26 16:10:48 2026] iwlwifi 0000:03:00.0 wlp3s0: renamed from wlan0
[So Jul 26 16:11:10 2026] wlxbcfce7292407: deauthenticating from b8:ec:a3:dc:73:f5 by local choice (Reason: 3=DEAUTH_LEAVING)
[So Jul 26 16:11:12 2026] wlxbcfce7292407: authenticate with b8:ec:a3:dc:73:f5 (local address=bc:fc:e7:29:24:07)
[So Jul 26 16:11:12 2026] wlxbcfce7292407: send auth to b8:ec:a3:dc:73:f5 (try 1/3)
[So Jul 26 16:11:12 2026] wlxbcfce7292407: authenticated
[So Jul 26 16:11:12 2026] wlxbcfce7292407: associate with b8:ec:a3:dc:73:f5 (try 1/3)
[So Jul 26 16:11:12 2026] wlxbcfce7292407: RX AssocResp from b8:ec:a3:dc:73:f5 (capab=0x411 status=0 aid=40)
[So Jul 26 16:11:12 2026] usb 1-1: rtl8xxxu_bss_info_changed: HT supported
[So Jul 26 16:11:12 2026] wlxbcfce7292407: associated
[So Jul 26 16:11:15 2026] wlp3s0: authenticate with b8:ec:a3:dc:73:f5 (local address=f4:8c:50:23:4a:74)
[So Jul 26 16:11:15 2026] wlp3s0: send auth to b8:ec:a3:dc:73:f5 (try 1/3)
[So Jul 26 16:11:15 2026] wlp3s0: authenticated
[So Jul 26 16:11:15 2026] wlp3s0: associate with b8:ec:a3:dc:73:f5 (try 1/3)
[So Jul 26 16:11:15 2026] wlp3s0: RX AssocResp from b8:ec:a3:dc:73:f5 (capab=0x411 status=0 aid=45)
[So Jul 26 16:11:15 2026] wlp3s0: associated
[So Jul 26 16:11:29 2026] wlp3s0: authenticate with b8:ec:a3:dc:73:f5 (local address=f4:8c:50:23:4a:74)
[So Jul 26 16:11:29 2026] wlp3s0: send auth to b8:ec:a3:dc:73:f5 (try 1/3)
[So Jul 26 16:11:29 2026] wlp3s0: authenticated
[So Jul 26 16:11:29 2026] wlp3s0: associate with b8:ec:a3:dc:73:f5 (try 1/3)
[So Jul 26 16:11:29 2026] wlp3s0: associate with b8:ec:a3:dc:73:f5 (try 2/3)
[So Jul 26 16:11:29 2026] wlp3s0: associate with b8:ec:a3:dc:73:f5 (try 3/3)
[So Jul 26 16:11:29 2026] wlp3s0: association with b8:ec:a3:dc:73:f5 timed out
[So Jul 26 16:12:16 2026] wlp3s0: authenticate with b8:ec:a3:dc:73:f5 (local address=f4:8c:50:23:4a:74)
[So Jul 26 16:12:16 2026] wlp3s0: send auth to b8:ec:a3:dc:73:f5 (try 1/3)
[So Jul 26 16:12:16 2026] wlp3s0: authenticated
[So Jul 26 16:12:16 2026] wlp3s0: associate with b8:ec:a3:dc:73:f5 (try 1/3)
[So Jul 26 16:12:16 2026] wlp3s0: RX AssocResp from b8:ec:a3:dc:73:f5 (capab=0x411 status=0 aid=45)
[So Jul 26 16:12:16 2026] wlp3s0: associated
[So Jul 26 16:12:23 2026] wlp3s0: Connection to AP b8:ec:a3:dc:73:f5 lost
[So Jul 26 16:20:45 2026] ata1.00: failed command: WRITE FPDMA QUEUED
[So Jul 26 16:20:45 2026] ata1: hard resetting link
[So Jul 26 16:27:35 2026] wlxbcfce7292407: authenticate with b8:ec:a3:dc:73:f5 (local address=bc:fc:e7:29:24:07)
[So Jul 26 16:27:35 2026] wlxbcfce7292407: send auth to b8:ec:a3:dc:73:f5 (try 1/3)
[So Jul 26 16:27:35 2026] wlxbcfce7292407: authenticated
[So Jul 26 16:27:35 2026] wlxbcfce7292407: associate with b8:ec:a3:dc:73:f5 (try 1/3)
[So Jul 26 16:27:35 2026] wlxbcfce7292407: associate with b8:ec:a3:dc:73:f5 (try 2/3)
[So Jul 26 16:27:35 2026] wlxbcfce7292407: associate with b8:ec:a3:dc:73:f5 (try 3/3)
[So Jul 26 16:27:35 2026] wlxbcfce7292407: association with b8:ec:a3:dc:73:f5 timed out
[So Jul 26 16:27:43 2026] wlxbcfce7292407: authenticate with b8:ec:a3:dc:73:f5 (local address=bc:fc:e7:29:24:07)
[So Jul 26 16:27:43 2026] wlxbcfce7292407: send auth to b8:ec:a3:dc:73:f5 (try 1/3)
[So Jul 26 16:27:43 2026] wlxbcfce7292407: authenticated
[So Jul 26 16:27:43 2026] wlxbcfce7292407: associate with b8:ec:a3:dc:73:f5 (try 1/3)
[So Jul 26 16:27:43 2026] wlxbcfce7292407: RX AssocResp from b8:ec:a3:dc:73:f5 (capab=0x411 status=0 aid=40)
[So Jul 26 16:27:43 2026] usb 1-1: rtl8xxxu_bss_info_changed: HT supported
[So Jul 26 16:27:43 2026] wlxbcfce7292407: associated
[So Jul 26 16:31:03 2026] ata1.00: failed command: WRITE FPDMA QUEUED
[So Jul 26 16:31:03 2026] ata1.00: failed command: WRITE FPDMA QUEUED
[So Jul 26 16:31:03 2026] ata1: hard resetting link
[So Jul 26 16:31:07 2026] usbcore: deregistering interface driver rtl8xxxu
[So Jul 26 16:31:07 2026] wlxbcfce7292407: deauthenticating from b8:ec:a3:dc:73:f5 by local choice (Reason: 3=DEAUTH_LEAVING)
[So Jul 26 16:31:07 2026] usb 1-1: Device still attached, trying to reset
[So Jul 26 16:31:07 2026] usb 1-1: reset high-speed USB device number 8 using xhci_hcd
[So Jul 26 16:31:09 2026] iwlwifi 0000:03:00.0: Detected crf-id 0xbadcafe, cnv-id 0x3000000 wfpm id 0x80000000
[So Jul 26 16:31:09 2026] iwlwifi 0000:03:00.0: PCI dev 24f3/0130, rev=0x201, rfid=0xd55555d5
[So Jul 26 16:31:09 2026] iwlwifi 0000:03:00.0: Detected Intel(R) Dual Band Wireless-AC 8260
[So Jul 26 16:31:09 2026] iwlwifi 0000:03:00.0: loaded firmware version 36.c8e8e144.0 8000C-36.ucode op_mode iwlmvm
[So Jul 26 16:31:09 2026] usb 1-1: Dumping efuse for RTL8188EU (0x200 bytes):
[So Jul 26 16:31:09 2026] usb 1-1: RTL8188EU rev D (TSMC) romver 0, 1T1R, TX queues 2, WiFi=1, BT=0, GPS=0, HI PA=0
[So Jul 26 16:31:09 2026] usb 1-1: RTL8188EU MAC: bc:fc:e7:29:24:07
[So Jul 26 16:31:09 2026] usb 1-1: rtl8xxxu: Loading firmware rtlwifi/rtl8188eufw.bin
[So Jul 26 16:31:09 2026] iwlwifi 0000:03:00.0: base HW address: f4:8c:50:23:4a:74, OTP minor version: 0x4
[So Jul 26 16:31:09 2026] ieee80211 phy3: Selected rate control algorithm 'iwl-mvm-rs'
[So Jul 26 16:31:09 2026] iwlwifi 0000:03:00.0 wlp3s0: renamed from wlan0
[So Jul 26 16:31:10 2026] usbcore: registered new interface driver rtl8xxxu
[So Jul 26 16:31:10 2026] rtl8xxxu 1-1:1.0 wlxbcfce7292407: renamed from wlan0
[So Jul 26 16:31:11 2026] wlxbcfce7292407: authenticate with b8:ec:a3:dc:73:f5 (local address=bc:fc:e7:29:24:07)
[So Jul 26 16:31:11 2026] wlxbcfce7292407: send auth to b8:ec:a3:dc:73:f5 (try 1/3)
[So Jul 26 16:31:11 2026] wlxbcfce7292407: authenticated
[So Jul 26 16:31:11 2026] wlxbcfce7292407: associate with b8:ec:a3:dc:73:f5 (try 1/3)
[So Jul 26 16:31:12 2026] wlxbcfce7292407: associate with b8:ec:a3:dc:73:f5 (try 2/3)
[So Jul 26 16:31:12 2026] wlxbcfce7292407: associate with b8:ec:a3:dc:73:f5 (try 3/3)
[So Jul 26 16:31:12 2026] wlxbcfce7292407: association with b8:ec:a3:dc:73:f5 timed out
[So Jul 26 16:31:13 2026] wlxbcfce7292407: authenticate with b8:ec:a3:dc:73:f5 (local address=bc:fc:e7:29:24:07)
[So Jul 26 16:31:13 2026] wlxbcfce7292407: send auth to b8:ec:a3:dc:73:f5 (try 1/3)
[So Jul 26 16:31:13 2026] wlxbcfce7292407: authenticated
[So Jul 26 16:31:13 2026] wlxbcfce7292407: associate with b8:ec:a3:dc:73:f5 (try 1/3)
[So Jul 26 16:31:13 2026] wlxbcfce7292407: associate with b8:ec:a3:dc:73:f5 (try 2/3)
[So Jul 26 16:31:13 2026] wlxbcfce7292407: associate with b8:ec:a3:dc:73:f5 (try 3/3)
[So Jul 26 16:31:14 2026] wlxbcfce7292407: association with b8:ec:a3:dc:73:f5 timed out
[So Jul 26 16:31:21 2026] wlxbcfce7292407: authenticate with b8:ec:a3:dc:73:f5 (local address=bc:fc:e7:29:24:07)
[So Jul 26 16:31:21 2026] wlxbcfce7292407: send auth to b8:ec:a3:dc:73:f5 (try 1/3)
[So Jul 26 16:31:21 2026] wlxbcfce7292407: authenticated
[So Jul 26 16:31:21 2026] wlxbcfce7292407: associate with b8:ec:a3:dc:73:f5 (try 1/3)
[So Jul 26 16:31:21 2026] wlxbcfce7292407: RX AssocResp from b8:ec:a3:dc:73:f5 (capab=0x411 status=0 aid=40)
[So Jul 26 16:31:21 2026] usb 1-1: rtl8xxxu_bss_info_changed: HT supported
[So Jul 26 16:31:21 2026] wlxbcfce7292407: associated
[So Jul 26 16:34:08 2026] wlxbcfce7292407: deauthenticating from b8:ec:a3:dc:73:f5 by local choice (Reason: 3=DEAUTH_LEAVING)
[So Jul 26 16:34:15 2026] usb 1-1: Dumping efuse for RTL8188EU (0x200 bytes):
[So Jul 26 16:34:15 2026] usb 1-1: RTL8188EU rev D (TSMC) romver 0, 1T1R, TX queues 2, WiFi=1, BT=0, GPS=0, HI PA=0
[So Jul 26 16:34:15 2026] usb 1-1: RTL8188EU MAC: bc:fc:e7:29:24:07
[So Jul 26 16:34:15 2026] usb 1-1: rtl8xxxu: Loading firmware rtlwifi/rtl8188eufw.bin
[So Jul 26 16:34:16 2026] rtl8xxxu 1-1:1.0 wlxbcfce7292407: renamed from wlan0
[So Jul 26 16:34:26 2026] wlxbcfce7292407: authenticate with b8:ec:a3:dc:73:f5 (local address=bc:fc:e7:29:24:07)
[So Jul 26 16:34:26 2026] wlxbcfce7292407: send auth to b8:ec:a3:dc:73:f5 (try 1/3)
[So Jul 26 16:34:26 2026] wlxbcfce7292407: authenticated
[So Jul 26 16:34:26 2026] wlxbcfce7292407: associate with b8:ec:a3:dc:73:f5 (try 1/3)
[So Jul 26 16:34:26 2026] wlxbcfce7292407: associate with b8:ec:a3:dc:73:f5 (try 2/3)
[So Jul 26 16:34:27 2026] wlxbcfce7292407: associate with b8:ec:a3:dc:73:f5 (try 3/3)
[So Jul 26 16:34:27 2026] wlxbcfce7292407: association with b8:ec:a3:dc:73:f5 timed out
[So Jul 26 16:34:34 2026] wlxbcfce7292407: authenticate with b8:ec:a3:dc:73:f5 (local address=bc:fc:e7:29:24:07)
[So Jul 26 16:34:34 2026] wlxbcfce7292407: send auth to b8:ec:a3:dc:73:f5 (try 1/3)
[So Jul 26 16:34:34 2026] wlxbcfce7292407: authenticated
[So Jul 26 16:34:34 2026] wlxbcfce7292407: associate with b8:ec:a3:dc:73:f5 (try 1/3)
[So Jul 26 16:34:34 2026] wlxbcfce7292407: RX AssocResp from b8:ec:a3:dc:73:f5 (capab=0x411 status=0 aid=40)
[So Jul 26 16:34:34 2026] usb 1-1: rtl8xxxu_bss_info_changed: HT supported
[So Jul 26 16:34:34 2026] wlxbcfce7292407: associated
[So Jul 26 16:45:57 2026] wlxbcfce7292407: deauthenticating from b8:ec:a3:dc:73:f5 by local choice (Reason: 3=DEAUTH_LEAVING)
[So Jul 26 16:45:58 2026] usb 1-1: Device still attached, trying to reset
[So Jul 26 16:45:58 2026] usb 1-1: reset high-speed USB device number 9 using xhci_hcd
[So Jul 26 16:45:59 2026] usb 1-7: reset high-speed USB device number 5 using xhci_hcd
[So Jul 26 16:45:59 2026] usb 1-2: reset high-speed USB device number 3 using xhci_hcd
[So Jul 26 16:45:59 2026] usb 1-6: reset full-speed USB device number 4 using xhci_hcd
[So Jul 26 16:46:00 2026] usb 1-1: Dumping efuse for RTL8188EU (0x200 bytes):
[So Jul 26 16:46:00 2026] usb 1-1: RTL8188EU rev D (TSMC) romver 0, 1T1R, TX queues 2, WiFi=1, BT=0, GPS=0, HI PA=0
[So Jul 26 16:46:00 2026] usb 1-1: RTL8188EU MAC: bc:fc:e7:29:24:07
[So Jul 26 16:46:00 2026] usb 1-1: rtl8xxxu: Loading firmware rtlwifi/rtl8188eufw.bin
[So Jul 26 16:46:01 2026] rtl8xxxu 1-1:1.0 wlxbcfce7292407: renamed from wlan0
[So Jul 26 16:46:02 2026] wlxbcfce7292407: authenticate with b8:ec:a3:dc:73:f5 (local address=bc:fc:e7:29:24:07)
[So Jul 26 16:46:02 2026] wlxbcfce7292407: send auth to b8:ec:a3:dc:73:f5 (try 1/3)
[So Jul 26 16:46:02 2026] wlxbcfce7292407: authenticated
[So Jul 26 16:46:02 2026] wlxbcfce7292407: associate with b8:ec:a3:dc:73:f5 (try 1/3)
[So Jul 26 16:46:02 2026] wlxbcfce7292407: RX AssocResp from b8:ec:a3:dc:73:f5 (capab=0x411 status=0 aid=46)
[So Jul 26 16:46:02 2026] usb 1-1: rtl8xxxu_bss_info_changed: HT supported
[So Jul 26 16:46:02 2026] wlxbcfce7292407: associated
[So Jul 26 16:49:04 2026] ata1.00: failed command: WRITE FPDMA QUEUED
[So Jul 26 16:49:04 2026] ata1.00: failed command: READ FPDMA QUEUED
[So Jul 26 16:49:04 2026] ata1.00: failed command: WRITE FPDMA QUEUED
[So Jul 26 16:49:04 2026] ata1: hard resetting link
[So Jul 26 16:51:10 2026] ata1.00: failed command: WRITE FPDMA QUEUED
[So Jul 26 16:51:10 2026] ata1.00: failed command: WRITE FPDMA QUEUED
[So Jul 26 16:51:10 2026] ata1.00: failed command: WRITE FPDMA QUEUED
[So Jul 26 16:51:10 2026] ata1.00: failed command: WRITE FPDMA QUEUED
[So Jul 26 16:51:10 2026] ata1: hard resetting link
[So Jul 26 16:55:11 2026] ata1.00: failed command: WRITE FPDMA QUEUED
[So Jul 26 16:55:11 2026] ata1.00: failed command: WRITE FPDMA QUEUED
[So Jul 26 16:55:11 2026] ata1.00: failed command: WRITE FPDMA QUEUED
[So Jul 26 16:55:11 2026] ata1: hard resetting link
[So Jul 26 17:02:36 2026] ata1.00: failed command: WRITE FPDMA QUEUED
[So Jul 26 17:02:36 2026] ata1: hard resetting link
[So Jul 26 17:02:36 2026] ata1.00: failed command: WRITE FPDMA QUEUED
[So Jul 26 17:02:36 2026] ata1: hard resetting link
[So Jul 26 15:53:33 2026] systemd[1]: Listening on systemd-factory-reset.socket - Factory Reset Management.
[So Jul 26 15:53:36 2026] Bluetooth: hci0: Reading supported features failed (-16)
[So Jul 26 16:10:37 2026] cfg80211: Loading compiled-in X.509 certificates for regulatory database
[So Jul 26 16:10:37 2026] usb 1-1: Dumping efuse for RTL8188EU (0x200 bytes):
[So Jul 26 16:10:37 2026] usb 1-1: RTL8188EU rev D (TSMC) romver 0, 1T1R, TX queues 2, WiFi=1, BT=0, GPS=0, HI PA=0
[So Jul 26 16:10:37 2026] usb 1-1: RTL8188EU MAC: bc:fc:e7:29:24:07
[So Jul 26 16:10:37 2026] usb 1-1: rtl8xxxu: Loading firmware rtlwifi/rtl8188eufw.bin
[So Jul 26 16:10:38 2026] usbcore: registered new interface driver rtl8xxxu
[So Jul 26 16:10:38 2026] rtl8xxxu 1-1:1.0 wlxbcfce7292407: renamed from wlan0
[So Jul 26 16:10:43 2026] wlxbcfce7292407: authenticate with b8:ec:a3:dc:73:f5 (local address=bc:fc:e7:29:24:07)
[So Jul 26 16:10:43 2026] wlxbcfce7292407: send auth to b8:ec:a3:dc:73:f5 (try 1/3)
[So Jul 26 16:10:43 2026] wlxbcfce7292407: authenticated
[So Jul 26 16:10:43 2026] wlxbcfce7292407: associate with b8:ec:a3:dc:73:f5 (try 1/3)
[So Jul 26 16:10:43 2026] wlxbcfce7292407: RX AssocResp from b8:ec:a3:dc:73:f5 (capab=0x411 status=0 aid=40)
[So Jul 26 16:10:43 2026] usb 1-1: rtl8xxxu_bss_info_changed: HT supported
[So Jul 26 16:10:43 2026] wlxbcfce7292407: associated
[So Jul 26 16:10:47 2026] iwlwifi 0000:03:00.0: enabling device (0000 -> 0002)
[So Jul 26 16:10:47 2026] iwlwifi 0000:03:00.0: Detected crf-id 0xbadcafe, cnv-id 0x3000000 wfpm id 0x80000000
[So Jul 26 16:10:47 2026] iwlwifi 0000:03:00.0: PCI dev 24f3/0130, rev=0x201, rfid=0xd55555d5
[So Jul 26 16:10:47 2026] iwlwifi 0000:03:00.0: Detected Intel(R) Dual Band Wireless-AC 8260
[So Jul 26 16:10:47 2026] iwlwifi 0000:03:00.0: loaded firmware version 36.c8e8e144.0 8000C-36.ucode op_mode iwlmvm
[So Jul 26 16:10:47 2026] iwlwifi 0000:03:00.0: base HW address: f4:8c:50:23:4a:74, OTP minor version: 0x4
[So Jul 26 16:10:48 2026] ieee80211 phy1: Selected rate control algorithm 'iwl-mvm-rs'
[So Jul 26 16:10:48 2026] iwlwifi 0000:03:00.0 wlp3s0: renamed from wlan0
[So Jul 26 16:11:10 2026] wlxbcfce7292407: deauthenticating from b8:ec:a3:dc:73:f5 by local choice (Reason: 3=DEAUTH_LEAVING)
[So Jul 26 16:11:12 2026] wlxbcfce7292407: authenticate with b8:ec:a3:dc:73:f5 (local address=bc:fc:e7:29:24:07)
[So Jul 26 16:11:12 2026] wlxbcfce7292407: send auth to b8:ec:a3:dc:73:f5 (try 1/3)
[So Jul 26 16:11:12 2026] wlxbcfce7292407: authenticated
[So Jul 26 16:11:12 2026] wlxbcfce7292407: associate with b8:ec:a3:dc:73:f5 (try 1/3)
[So Jul 26 16:11:12 2026] wlxbcfce7292407: RX AssocResp from b8:ec:a3:dc:73:f5 (capab=0x411 status=0 aid=40)
[So Jul 26 16:11:12 2026] usb 1-1: rtl8xxxu_bss_info_changed: HT supported
[So Jul 26 16:11:12 2026] wlxbcfce7292407: associated
[So Jul 26 16:11:15 2026] wlp3s0: authenticate with b8:ec:a3:dc:73:f5 (local address=f4:8c:50:23:4a:74)
[So Jul 26 16:11:15 2026] wlp3s0: send auth to b8:ec:a3:dc:73:f5 (try 1/3)
[So Jul 26 16:11:15 2026] wlp3s0: authenticated
[So Jul 26 16:11:15 2026] wlp3s0: associate with b8:ec:a3:dc:73:f5 (try 1/3)
[So Jul 26 16:11:15 2026] wlp3s0: RX AssocResp from b8:ec:a3:dc:73:f5 (capab=0x411 status=0 aid=45)
[So Jul 26 16:11:15 2026] wlp3s0: associated
[So Jul 26 16:11:29 2026] wlp3s0: authenticate with b8:ec:a3:dc:73:f5 (local address=f4:8c:50:23:4a:74)
[So Jul 26 16:11:29 2026] wlp3s0: send auth to b8:ec:a3:dc:73:f5 (try 1/3)
[So Jul 26 16:11:29 2026] wlp3s0: authenticated
[So Jul 26 16:11:29 2026] wlp3s0: associate with b8:ec:a3:dc:73:f5 (try 1/3)
[So Jul 26 16:11:29 2026] wlp3s0: associate with b8:ec:a3:dc:73:f5 (try 2/3)
[So Jul 26 16:11:29 2026] wlp3s0: associate with b8:ec:a3:dc:73:f5 (try 3/3)
[So Jul 26 16:11:29 2026] wlp3s0: association with b8:ec:a3:dc:73:f5 timed out
[So Jul 26 16:12:16 2026] wlp3s0: authenticate with b8:ec:a3:dc:73:f5 (local address=f4:8c:50:23:4a:74)
[So Jul 26 16:12:16 2026] wlp3s0: send auth to b8:ec:a3:dc:73:f5 (try 1/3)
[So Jul 26 16:12:16 2026] wlp3s0: authenticated
[So Jul 26 16:12:16 2026] wlp3s0: associate with b8:ec:a3:dc:73:f5 (try 1/3)
[So Jul 26 16:12:16 2026] wlp3s0: RX AssocResp from b8:ec:a3:dc:73:f5 (capab=0x411 status=0 aid=45)
[So Jul 26 16:12:16 2026] wlp3s0: associated
[So Jul 26 16:12:23 2026] wlp3s0: Connection to AP b8:ec:a3:dc:73:f5 lost
[So Jul 26 16:20:45 2026] ata1.00: failed command: WRITE FPDMA QUEUED
[So Jul 26 16:20:45 2026] ata1: hard resetting link
[So Jul 26 16:27:35 2026] wlxbcfce7292407: authenticate with b8:ec:a3:dc:73:f5 (local address=bc:fc:e7:29:24:07)
[So Jul 26 16:27:35 2026] wlxbcfce7292407: send auth to b8:ec:a3:dc:73:f5 (try 1/3)
[So Jul 26 16:27:35 2026] wlxbcfce7292407: authenticated
[So Jul 26 16:27:35 2026] wlxbcfce7292407: associate with b8:ec:a3:dc:73:f5 (try 1/3)
[So Jul 26 16:27:35 2026] wlxbcfce7292407: associate with b8:ec:a3:dc:73:f5 (try 2/3)
[So Jul 26 16:27:35 2026] wlxbcfce7292407: associate with b8:ec:a3:dc:73:f5 (try 3/3)
[So Jul 26 16:27:35 2026] wlxbcfce7292407: association with b8:ec:a3:dc:73:f5 timed out
[So Jul 26 16:27:43 2026] wlxbcfce7292407: authenticate with b8:ec:a3:dc:73:f5 (local address=bc:fc:e7:29:24:07)
[So Jul 26 16:27:43 2026] wlxbcfce7292407: send auth to b8:ec:a3:dc:73:f5 (try 1/3)
[So Jul 26 16:27:43 2026] wlxbcfce7292407: authenticated
[So Jul 26 16:27:43 2026] wlxbcfce7292407: associate with b8:ec:a3:dc:73:f5 (try 1/3)
[So Jul 26 16:27:43 2026] wlxbcfce7292407: RX AssocResp from b8:ec:a3:dc:73:f5 (capab=0x411 status=0 aid=40)
[So Jul 26 16:27:43 2026] usb 1-1: rtl8xxxu_bss_info_changed: HT supported
[So Jul 26 16:27:43 2026] wlxbcfce7292407: associated
[So Jul 26 16:31:03 2026] ata1.00: failed command: WRITE FPDMA QUEUED
[So Jul 26 16:31:03 2026] ata1.00: failed command: WRITE FPDMA QUEUED
[So Jul 26 16:31:03 2026] ata1: hard resetting link
[So Jul 26 16:31:07 2026] usbcore: deregistering interface driver rtl8xxxu
[So Jul 26 16:31:07 2026] wlxbcfce7292407: deauthenticating from b8:ec:a3:dc:73:f5 by local choice (Reason: 3=DEAUTH_LEAVING)
[So Jul 26 16:31:07 2026] usb 1-1: Device still attached, trying to reset
[So Jul 26 16:31:07 2026] usb 1-1: reset high-speed USB device number 8 using xhci_hcd
[So Jul 26 16:31:09 2026] iwlwifi 0000:03:00.0: Detected crf-id 0xbadcafe, cnv-id 0x3000000 wfpm id 0x80000000
[So Jul 26 16:31:09 2026] iwlwifi 0000:03:00.0: PCI dev 24f3/0130, rev=0x201, rfid=0xd55555d5
[So Jul 26 16:31:09 2026] iwlwifi 0000:03:00.0: Detected Intel(R) Dual Band Wireless-AC 8260
[So Jul 26 16:31:09 2026] iwlwifi 0000:03:00.0: loaded firmware version 36.c8e8e144.0 8000C-36.ucode op_mode iwlmvm
[So Jul 26 16:31:09 2026] usb 1-1: Dumping efuse for RTL8188EU (0x200 bytes):
[So Jul 26 16:31:09 2026] usb 1-1: RTL8188EU rev D (TSMC) romver 0, 1T1R, TX queues 2, WiFi=1, BT=0, GPS=0, HI PA=0
[So Jul 26 16:31:09 2026] usb 1-1: RTL8188EU MAC: bc:fc:e7:29:24:07
[So Jul 26 16:31:09 2026] usb 1-1: rtl8xxxu: Loading firmware rtlwifi/rtl8188eufw.bin
[So Jul 26 16:31:09 2026] iwlwifi 0000:03:00.0: base HW address: f4:8c:50:23:4a:74, OTP minor version: 0x4
[So Jul 26 16:31:09 2026] ieee80211 phy3: Selected rate control algorithm 'iwl-mvm-rs'
[So Jul 26 16:31:09 2026] iwlwifi 0000:03:00.0 wlp3s0: renamed from wlan0
[So Jul 26 16:31:10 2026] usbcore: registered new interface driver rtl8xxxu
[So Jul 26 16:31:10 2026] rtl8xxxu 1-1:1.0 wlxbcfce7292407: renamed from wlan0
[So Jul 26 16:31:11 2026] wlxbcfce7292407: authenticate with b8:ec:a3:dc:73:f5 (local address=bc:fc:e7:29:24:07)
[So Jul 26 16:31:11 2026] wlxbcfce7292407: send auth to b8:ec:a3:dc:73:f5 (try 1/3)
[So Jul 26 16:31:11 2026] wlxbcfce7292407: authenticated
[So Jul 26 16:31:11 2026] wlxbcfce7292407: associate with b8:ec:a3:dc:73:f5 (try 1/3)
[So Jul 26 16:31:12 2026] wlxbcfce7292407: associate with b8:ec:a3:dc:73:f5 (try 2/3)
[So Jul 26 16:31:12 2026] wlxbcfce7292407: associate with b8:ec:a3:dc:73:f5 (try 3/3)
[So Jul 26 16:31:12 2026] wlxbcfce7292407: association with b8:ec:a3:dc:73:f5 timed out
[So Jul 26 16:31:13 2026] wlxbcfce7292407: authenticate with b8:ec:a3:dc:73:f5 (local address=bc:fc:e7:29:24:07)
[So Jul 26 16:31:13 2026] wlxbcfce7292407: send auth to b8:ec:a3:dc:73:f5 (try 1/3)
[So Jul 26 16:31:13 2026] wlxbcfce7292407: authenticated
[So Jul 26 16:31:13 2026] wlxbcfce7292407: associate with b8:ec:a3:dc:73:f5 (try 1/3)
[So Jul 26 16:31:13 2026] wlxbcfce7292407: associate with b8:ec:a3:dc:73:f5 (try 2/3)
[So Jul 26 16:31:13 2026] wlxbcfce7292407: associate with b8:ec:a3:dc:73:f5 (try 3/3)
[So Jul 26 16:31:14 2026] wlxbcfce7292407: association with b8:ec:a3:dc:73:f5 timed out
[So Jul 26 16:31:21 2026] wlxbcfce7292407: authenticate with b8:ec:a3:dc:73:f5 (local address=bc:fc:e7:29:24:07)
[So Jul 26 16:31:21 2026] wlxbcfce7292407: send auth to b8:ec:a3:dc:73:f5 (try 1/3)
[So Jul 26 16:31:21 2026] wlxbcfce7292407: authenticated
[So Jul 26 16:31:21 2026] wlxbcfce7292407: associate with b8:ec:a3:dc:73:f5 (try 1/3)
[So Jul 26 16:31:21 2026] wlxbcfce7292407: RX AssocResp from b8:ec:a3:dc:73:f5 (capab=0x411 status=0 aid=40)
[So Jul 26 16:31:21 2026] usb 1-1: rtl8xxxu_bss_info_changed: HT supported
[So Jul 26 16:31:21 2026] wlxbcfce7292407: associated
[So Jul 26 16:34:08 2026] wlxbcfce7292407: deauthenticating from b8:ec:a3:dc:73:f5 by local choice (Reason: 3=DEAUTH_LEAVING)
[So Jul 26 16:34:15 2026] usb 1-1: Dumping efuse for RTL8188EU (0x200 bytes):
[So Jul 26 16:34:15 2026] usb 1-1: RTL8188EU rev D (TSMC) romver 0, 1T1R, TX queues 2, WiFi=1, BT=0, GPS=0, HI PA=0
[So Jul 26 16:34:15 2026] usb 1-1: RTL8188EU MAC: bc:fc:e7:29:24:07
[So Jul 26 16:34:15 2026] usb 1-1: rtl8xxxu: Loading firmware rtlwifi/rtl8188eufw.bin
[So Jul 26 16:34:16 2026] rtl8xxxu 1-1:1.0 wlxbcfce7292407: renamed from wlan0
[So Jul 26 16:34:26 2026] wlxbcfce7292407: authenticate with b8:ec:a3:dc:73:f5 (local address=bc:fc:e7:29:24:07)
[So Jul 26 16:34:26 2026] wlxbcfce7292407: send auth to b8:ec:a3:dc:73:f5 (try 1/3)
[So Jul 26 16:34:26 2026] wlxbcfce7292407: authenticated
[So Jul 26 16:34:26 2026] wlxbcfce7292407: associate with b8:ec:a3:dc:73:f5 (try 1/3)
[So Jul 26 16:34:26 2026] wlxbcfce7292407: associate with b8:ec:a3:dc:73:f5 (try 2/3)
[So Jul 26 16:34:27 2026] wlxbcfce7292407: associate with b8:ec:a3:dc:73:f5 (try 3/3)
[So Jul 26 16:34:27 2026] wlxbcfce7292407: association with b8:ec:a3:dc:73:f5 timed out
[So Jul 26 16:34:34 2026] wlxbcfce7292407: authenticate with b8:ec:a3:dc:73:f5 (local address=bc:fc:e7:29:24:07)
[So Jul 26 16:34:34 2026] wlxbcfce7292407: send auth to b8:ec:a3:dc:73:f5 (try 1/3)
[So Jul 26 16:34:34 2026] wlxbcfce7292407: authenticated
[So Jul 26 16:34:34 2026] wlxbcfce7292407: associate with b8:ec:a3:dc:73:f5 (try 1/3)
[So Jul 26 16:34:34 2026] wlxbcfce7292407: RX AssocResp from b8:ec:a3:dc:73:f5 (capab=0x411 status=0 aid=40)
[So Jul 26 16:34:34 2026] usb 1-1: rtl8xxxu_bss_info_changed: HT supported
[So Jul 26 16:34:34 2026] wlxbcfce7292407: associated
[So Jul 26 16:45:57 2026] wlxbcfce7292407: deauthenticating from b8:ec:a3:dc:73:f5 by local choice (Reason: 3=DEAUTH_LEAVING)
[So Jul 26 16:45:58 2026] usb 1-1: Device still attached, trying to reset
[So Jul 26 16:45:58 2026] usb 1-1: reset high-speed USB device number 9 using xhci_hcd
[So Jul 26 16:45:59 2026] usb 1-7: reset high-speed USB device number 5 using xhci_hcd
[So Jul 26 16:45:59 2026] usb 1-2: reset high-speed USB device number 3 using xhci_hcd
[So Jul 26 16:45:59 2026] usb 1-6: reset full-speed USB device number 4 using xhci_hcd
[So Jul 26 16:46:00 2026] usb 1-1: Dumping efuse for RTL8188EU (0x200 bytes):
[So Jul 26 16:46:00 2026] usb 1-1: RTL8188EU rev D (TSMC) romver 0, 1T1R, TX queues 2, WiFi=1, BT=0, GPS=0, HI PA=0
[So Jul 26 16:46:00 2026] usb 1-1: RTL8188EU MAC: bc:fc:e7:29:24:07
[So Jul 26 16:46:00 2026] usb 1-1: rtl8xxxu: Loading firmware rtlwifi/rtl8188eufw.bin
[So Jul 26 16:46:01 2026] rtl8xxxu 1-1:1.0 wlxbcfce7292407: renamed from wlan0
[So Jul 26 16:46:02 2026] wlxbcfce7292407: authenticate with b8:ec:a3:dc:73:f5 (local address=bc:fc:e7:29:24:07)
[So Jul 26 16:46:02 2026] wlxbcfce7292407: send auth to b8:ec:a3:dc:73:f5 (try 1/3)
[So Jul 26 16:46:02 2026] wlxbcfce7292407: authenticated
[So Jul 26 16:46:02 2026] wlxbcfce7292407: associate with b8:ec:a3:dc:73:f5 (try 1/3)
[So Jul 26 16:46:02 2026] wlxbcfce7292407: RX AssocResp from b8:ec:a3:dc:73:f5 (capab=0x411 status=0 aid=46)
[So Jul 26 16:46:02 2026] usb 1-1: rtl8xxxu_bss_info_changed: HT supported
[So Jul 26 16:46:02 2026] wlxbcfce7292407: associated
[So Jul 26 16:49:04 2026] ata1.00: failed command: WRITE FPDMA QUEUED
[So Jul 26 16:49:04 2026] ata1.00: failed command: READ FPDMA QUEUED
[So Jul 26 16:49:04 2026] ata1.00: failed command: WRITE FPDMA QUEUED
[So Jul 26 16:49:04 2026] ata1: hard resetting link
[So Jul 26 16:51:10 2026] ata1.00: failed command: WRITE FPDMA QUEUED
[So Jul 26 16:51:10 2026] ata1.00: failed command: WRITE FPDMA QUEUED
[So Jul 26 16:51:10 2026] ata1.00: failed command: WRITE FPDMA QUEUED
[So Jul 26 16:51:10 2026] ata1.00: failed command: WRITE FPDMA QUEUED
[So Jul 26 16:51:10 2026] ata1: hard resetting link
[So Jul 26 16:55:11 2026] ata1.00: failed command: WRITE FPDMA QUEUED
[So Jul 26 16:55:11 2026] ata1.00: failed command: WRITE FPDMA QUEUED
[So Jul 26 16:55:11 2026] ata1.00: failed command: WRITE FPDMA QUEUED
[So Jul 26 16:55:11 2026] ata1: hard resetting link
[So Jul 26 17:02:36 2026] ata1.00: failed command: WRITE FPDMA QUEUED
[So Jul 26 17:02:36 2026] ata1: hard resetting link
[So Jul 26 17:02:36 2026] ata1.00: failed command: WRITE FPDMA QUEUED
[So Jul 26 17:02:36 2026] ata1: hard resetting link
[So Jul 26 15:53:33 2026] systemd[1]: Listening on systemd-factory-reset.socket - Factory Reset Management.
[So Jul 26 15:53:36 2026] Bluetooth: hci0: Reading supported features failed (-16)
[So Jul 26 16:10:37 2026] cfg80211: Loading compiled-in X.509 certificates for regulatory database
[So Jul 26 16:10:37 2026] usb 1-1: Dumping efuse for RTL8188EU (0x200 bytes):
[So Jul 26 16:10:37 2026] usb 1-1: RTL8188EU rev D (TSMC) romver 0, 1T1R, TX queues 2, WiFi=1, BT=0, GPS=0, HI PA=0
[So Jul 26 16:10:37 2026] usb 1-1: RTL8188EU MAC: bc:fc:e7:29:24:07
[So Jul 26 16:10:37 2026] usb 1-1: rtl8xxxu: Loading firmware rtlwifi/rtl8188eufw.bin
[So Jul 26 16:10:38 2026] usbcore: registered new interface driver rtl8xxxu
[So Jul 26 16:10:38 2026] rtl8xxxu 1-1:1.0 wlxbcfce7292407: renamed from wlan0
[So Jul 26 16:10:43 2026] wlxbcfce7292407: authenticate with b8:ec:a3:dc:73:f5 (local address=bc:fc:e7:29:24:07)
[So Jul 26 16:10:43 2026] wlxbcfce7292407: send auth to b8:ec:a3:dc:73:f5 (try 1/3)
[So Jul 26 16:10:43 2026] wlxbcfce7292407: authenticated
[So Jul 26 16:10:43 2026] wlxbcfce7292407: associate with b8:ec:a3:dc:73:f5 (try 1/3)
[So Jul 26 16:10:43 2026] wlxbcfce7292407: RX AssocResp from b8:ec:a3:dc:73:f5 (capab=0x411 status=0 aid=40)
[So Jul 26 16:10:43 2026] usb 1-1: rtl8xxxu_bss_info_changed: HT supported
[So Jul 26 16:10:43 2026] wlxbcfce7292407: associated
[So Jul 26 16:10:47 2026] iwlwifi 0000:03:00.0: enabling device (0000 -> 0002)
[So Jul 26 16:10:47 2026] iwlwifi 0000:03:00.0: Detected crf-id 0xbadcafe, cnv-id 0x3000000 wfpm id 0x80000000
[So Jul 26 16:10:47 2026] iwlwifi 0000:03:00.0: PCI dev 24f3/0130, rev=0x201, rfid=0xd55555d5
[So Jul 26 16:10:47 2026] iwlwifi 0000:03:00.0: Detected Intel(R) Dual Band Wireless-AC 8260
[So Jul 26 16:10:47 2026] iwlwifi 0000:03:00.0: loaded firmware version 36.c8e8e144.0 8000C-36.ucode op_mode iwlmvm
[So Jul 26 16:10:47 2026] iwlwifi 0000:03:00.0: base HW address: f4:8c:50:23:4a:74, OTP minor version: 0x4
[So Jul 26 16:10:48 2026] ieee80211 phy1: Selected rate control algorithm 'iwl-mvm-rs'
[So Jul 26 16:10:48 2026] iwlwifi 0000:03:00.0 wlp3s0: renamed from wlan0
[So Jul 26 16:11:10 2026] wlxbcfce7292407: deauthenticating from b8:ec:a3:dc:73:f5 by local choice (Reason: 3=DEAUTH_LEAVING)
[So Jul 26 16:11:12 2026] wlxbcfce7292407: authenticate with b8:ec:a3:dc:73:f5 (local address=bc:fc:e7:29:24:07)
[So Jul 26 16:11:12 2026] wlxbcfce7292407: send auth to b8:ec:a3:dc:73:f5 (try 1/3)
[So Jul 26 16:11:12 2026] wlxbcfce7292407: authenticated
[So Jul 26 16:11:12 2026] wlxbcfce7292407: associate with b8:ec:a3:dc:73:f5 (try 1/3)
[So Jul 26 16:11:12 2026] wlxbcfce7292407: RX AssocResp from b8:ec:a3:dc:73:f5 (capab=0x411 status=0 aid=40)
[So Jul 26 16:11:12 2026] usb 1-1: rtl8xxxu_bss_info_changed: HT supported
[So Jul 26 16:11:12 2026] wlxbcfce7292407: associated
[So Jul 26 16:11:15 2026] wlp3s0: authenticate with b8:ec:a3:dc:73:f5 (local address=f4:8c:50:23:4a:74)
[So Jul 26 16:11:15 2026] wlp3s0: send auth to b8:ec:a3:dc:73:f5 (try 1/3)
[So Jul 26 16:11:15 2026] wlp3s0: authenticated
[So Jul 26 16:11:15 2026] wlp3s0: associate with b8:ec:a3:dc:73:f5 (try 1/3)
[So Jul 26 16:11:15 2026] wlp3s0: RX AssocResp from b8:ec:a3:dc:73:f5 (capab=0x411 status=0 aid=45)
[So Jul 26 16:11:15 2026] wlp3s0: associated
[So Jul 26 16:11:29 2026] wlp3s0: authenticate with b8:ec:a3:dc:73:f5 (local address=f4:8c:50:23:4a:74)
[So Jul 26 16:11:29 2026] wlp3s0: send auth to b8:ec:a3:dc:73:f5 (try 1/3)
[So Jul 26 16:11:29 2026] wlp3s0: authenticated
[So Jul 26 16:11:29 2026] wlp3s0: associate with b8:ec:a3:dc:73:f5 (try 1/3)
[So Jul 26 16:11:29 2026] wlp3s0: associate with b8:ec:a3:dc:73:f5 (try 2/3)
[So Jul 26 16:11:29 2026] wlp3s0: associate with b8:ec:a3:dc:73:f5 (try 3/3)
[So Jul 26 16:11:29 2026] wlp3s0: association with b8:ec:a3:dc:73:f5 timed out
[So Jul 26 16:12:16 2026] wlp3s0: authenticate with b8:ec:a3:dc:73:f5 (local address=f4:8c:50:23:4a:74)
[So Jul 26 16:12:16 2026] wlp3s0: send auth to b8:ec:a3:dc:73:f5 (try 1/3)
[So Jul 26 16:12:16 2026] wlp3s0: authenticated
[So Jul 26 16:12:16 2026] wlp3s0: associate with b8:ec:a3:dc:73:f5 (try 1/3)
[So Jul 26 16:12:16 2026] wlp3s0: RX AssocResp from b8:ec:a3:dc:73:f5 (capab=0x411 status=0 aid=45)
[So Jul 26 16:12:16 2026] wlp3s0: associated
[So Jul 26 16:12:23 2026] wlp3s0: Connection to AP b8:ec:a3:dc:73:f5 lost
[So Jul 26 16:20:45 2026] ata1.00: failed command: WRITE FPDMA QUEUED
[So Jul 26 16:20:45 2026] ata1: hard resetting link
[So Jul 26 16:27:35 2026] wlxbcfce7292407: authenticate with b8:ec:a3:dc:73:f5 (local address=bc:fc:e7:29:24:07)
[So Jul 26 16:27:35 2026] wlxbcfce7292407: send auth to b8:ec:a3:dc:73:f5 (try 1/3)
[So Jul 26 16:27:35 2026] wlxbcfce7292407: authenticated
[So Jul 26 16:27:35 2026] wlxbcfce7292407: associate with b8:ec:a3:dc:73:f5 (try 1/3)
[So Jul 26 16:27:35 2026] wlxbcfce7292407: associate with b8:ec:a3:dc:73:f5 (try 2/3)
[So Jul 26 16:27:35 2026] wlxbcfce7292407: associate with b8:ec:a3:dc:73:f5 (try 3/3)
[So Jul 26 16:27:35 2026] wlxbcfce7292407: association with b8:ec:a3:dc:73:f5 timed out
[So Jul 26 16:27:43 2026] wlxbcfce7292407: authenticate with b8:ec:a3:dc:73:f5 (local address=bc:fc:e7:29:24:07)
[So Jul 26 16:27:43 2026] wlxbcfce7292407: send auth to b8:ec:a3:dc:73:f5 (try 1/3)
[So Jul 26 16:27:43 2026] wlxbcfce7292407: authenticated
[So Jul 26 16:27:43 2026] wlxbcfce7292407: associate with b8:ec:a3:dc:73:f5 (try 1/3)
[So Jul 26 16:27:43 2026] wlxbcfce7292407: RX AssocResp from b8:ec:a3:dc:73:f5 (capab=0x411 status=0 aid=40)
[So Jul 26 16:27:43 2026] usb 1-1: rtl8xxxu_bss_info_changed: HT supported
[So Jul 26 16:27:43 2026] wlxbcfce7292407: associated
[So Jul 26 16:31:03 2026] ata1.00: failed command: WRITE FPDMA QUEUED
[So Jul 26 16:31:03 2026] ata1.00: failed command: WRITE FPDMA QUEUED
[So Jul 26 16:31:03 2026] ata1: hard resetting link
[So Jul 26 16:31:07 2026] usbcore: deregistering interface driver rtl8xxxu
[So Jul 26 16:31:07 2026] wlxbcfce7292407: deauthenticating from b8:ec:a3:dc:73:f5 by local choice (Reason: 3=DEAUTH_LEAVING)
[So Jul 26 16:31:07 2026] usb 1-1: Device still attached, trying to reset
[So Jul 26 16:31:07 2026] usb 1-1: reset high-speed USB device number 8 using xhci_hcd
[So Jul 26 16:31:09 2026] iwlwifi 0000:03:00.0: Detected crf-id 0xbadcafe, cnv-id 0x3000000 wfpm id 0x80000000
[So Jul 26 16:31:09 2026] iwlwifi 0000:03:00.0: PCI dev 24f3/0130, rev=0x201, rfid=0xd55555d5
[So Jul 26 16:31:09 2026] iwlwifi 0000:03:00.0: Detected Intel(R) Dual Band Wireless-AC 8260
[So Jul 26 16:31:09 2026] iwlwifi 0000:03:00.0: loaded firmware version 36.c8e8e144.0 8000C-36.ucode op_mode iwlmvm
[So Jul 26 16:31:09 2026] usb 1-1: Dumping efuse for RTL8188EU (0x200 bytes):
[So Jul 26 16:31:09 2026] usb 1-1: RTL8188EU rev D (TSMC) romver 0, 1T1R, TX queues 2, WiFi=1, BT=0, GPS=0, HI PA=0
[So Jul 26 16:31:09 2026] usb 1-1: RTL8188EU MAC: bc:fc:e7:29:24:07
[So Jul 26 16:31:09 2026] usb 1-1: rtl8xxxu: Loading firmware rtlwifi/rtl8188eufw.bin
[So Jul 26 16:31:09 2026] iwlwifi 0000:03:00.0: base HW address: f4:8c:50:23:4a:74, OTP minor version: 0x4
[So Jul 26 16:31:09 2026] ieee80211 phy3: Selected rate control algorithm 'iwl-mvm-rs'
[So Jul 26 16:31:09 2026] iwlwifi 0000:03:00.0 wlp3s0: renamed from wlan0
[So Jul 26 16:31:10 2026] usbcore: registered new interface driver rtl8xxxu
[So Jul 26 16:31:10 2026] rtl8xxxu 1-1:1.0 wlxbcfce7292407: renamed from wlan0
[So Jul 26 16:31:11 2026] wlxbcfce7292407: authenticate with b8:ec:a3:dc:73:f5 (local address=bc:fc:e7:29:24:07)
[So Jul 26 16:31:11 2026] wlxbcfce7292407: send auth to b8:ec:a3:dc:73:f5 (try 1/3)
[So Jul 26 16:31:11 2026] wlxbcfce7292407: authenticated
[So Jul 26 16:31:11 2026] wlxbcfce7292407: associate with b8:ec:a3:dc:73:f5 (try 1/3)
[So Jul 26 16:31:12 2026] wlxbcfce7292407: associate with b8:ec:a3:dc:73:f5 (try 2/3)
[So Jul 26 16:31:12 2026] wlxbcfce7292407: associate with b8:ec:a3:dc:73:f5 (try 3/3)
[So Jul 26 16:31:12 2026] wlxbcfce7292407: association with b8:ec:a3:dc:73:f5 timed out
[So Jul 26 16:31:13 2026] wlxbcfce7292407: authenticate with b8:ec:a3:dc:73:f5 (local address=bc:fc:e7:29:24:07)
[So Jul 26 16:31:13 2026] wlxbcfce7292407: send auth to b8:ec:a3:dc:73:f5 (try 1/3)
[So Jul 26 16:31:13 2026] wlxbcfce7292407: authenticated
[So Jul 26 16:31:13 2026] wlxbcfce7292407: associate with b8:ec:a3:dc:73:f5 (try 1/3)
[So Jul 26 16:31:13 2026] wlxbcfce7292407: associate with b8:ec:a3:dc:73:f5 (try 2/3)
[So Jul 26 16:31:13 2026] wlxbcfce7292407: associate with b8:ec:a3:dc:73:f5 (try 3/3)
[So Jul 26 16:31:14 2026] wlxbcfce7292407: association with b8:ec:a3:dc:73:f5 timed out
[So Jul 26 16:31:21 2026] wlxbcfce7292407: authenticate with b8:ec:a3:dc:73:f5 (local address=bc:fc:e7:29:24:07)
[So Jul 26 16:31:21 2026] wlxbcfce7292407: send auth to b8:ec:a3:dc:73:f5 (try 1/3)
[So Jul 26 16:31:21 2026] wlxbcfce7292407: authenticated
[So Jul 26 16:31:21 2026] wlxbcfce7292407: associate with b8:ec:a3:dc:73:f5 (try 1/3)
[So Jul 26 16:31:21 2026] wlxbcfce7292407: RX AssocResp from b8:ec:a3:dc:73:f5 (capab=0x411 status=0 aid=40)
[So Jul 26 16:31:21 2026] usb 1-1: rtl8xxxu_bss_info_changed: HT supported
[So Jul 26 16:31:21 2026] wlxbcfce7292407: associated
[So Jul 26 16:34:08 2026] wlxbcfce7292407: deauthenticating from b8:ec:a3:dc:73:f5 by local choice (Reason: 3=DEAUTH_LEAVING)
[So Jul 26 16:34:15 2026] usb 1-1: Dumping efuse for RTL8188EU (0x200 bytes):
[So Jul 26 16:34:15 2026] usb 1-1: RTL8188EU rev D (TSMC) romver 0, 1T1R, TX queues 2, WiFi=1, BT=0, GPS=0, HI PA=0
[So Jul 26 16:34:15 2026] usb 1-1: RTL8188EU MAC: bc:fc:e7:29:24:07
[So Jul 26 16:34:15 2026] usb 1-1: rtl8xxxu: Loading firmware rtlwifi/rtl8188eufw.bin
[So Jul 26 16:34:16 2026] rtl8xxxu 1-1:1.0 wlxbcfce7292407: renamed from wlan0
[So Jul 26 16:34:26 2026] wlxbcfce7292407: authenticate with b8:ec:a3:dc:73:f5 (local address=bc:fc:e7:29:24:07)
[So Jul 26 16:34:26 2026] wlxbcfce7292407: send auth to b8:ec:a3:dc:73:f5 (try 1/3)
[So Jul 26 16:34:26 2026] wlxbcfce7292407: authenticated
[So Jul 26 16:34:26 2026] wlxbcfce7292407: associate with b8:ec:a3:dc:73:f5 (try 1/3)
[So Jul 26 16:34:26 2026] wlxbcfce7292407: associate with b8:ec:a3:dc:73:f5 (try 2/3)
[So Jul 26 16:34:27 2026] wlxbcfce7292407: associate with b8:ec:a3:dc:73:f5 (try 3/3)
[So Jul 26 16:34:27 2026] wlxbcfce7292407: association with b8:ec:a3:dc:73:f5 timed out
[So Jul 26 16:34:34 2026] wlxbcfce7292407: authenticate with b8:ec:a3:dc:73:f5 (local address=bc:fc:e7:29:24:07)
[So Jul 26 16:34:34 2026] wlxbcfce7292407: send auth to b8:ec:a3:dc:73:f5 (try 1/3)
[So Jul 26 16:34:34 2026] wlxbcfce7292407: authenticated
[So Jul 26 16:34:34 2026] wlxbcfce7292407: associate with b8:ec:a3:dc:73:f5 (try 1/3)
[So Jul 26 16:34:34 2026] wlxbcfce7292407: RX AssocResp from b8:ec:a3:dc:73:f5 (capab=0x411 status=0 aid=40)
[So Jul 26 16:34:34 2026] usb 1-1: rtl8xxxu_bss_info_changed: HT supported
[So Jul 26 16:34:34 2026] wlxbcfce7292407: associated
[So Jul 26 16:45:57 2026] wlxbcfce7292407: deauthenticating from b8:ec:a3:dc:73:f5 by local choice (Reason: 3=DEAUTH_LEAVING)
[So Jul 26 16:45:58 2026] usb 1-1: Device still attached, trying to reset
[So Jul 26 16:45:58 2026] usb 1-1: reset high-speed USB device number 9 using xhci_hcd
[So Jul 26 16:45:59 2026] usb 1-7: reset high-speed USB device number 5 using xhci_hcd
[So Jul 26 16:45:59 2026] usb 1-2: reset high-speed USB device number 3 using xhci_hcd
[So Jul 26 16:45:59 2026] usb 1-6: reset full-speed USB device number 4 using xhci_hcd
[So Jul 26 16:46:00 2026] usb 1-1: Dumping efuse for RTL8188EU (0x200 bytes):
[So Jul 26 16:46:00 2026] usb 1-1: RTL8188EU rev D (TSMC) romver 0, 1T1R, TX queues 2, WiFi=1, BT=0, GPS=0, HI PA=0
[So Jul 26 16:46:00 2026] usb 1-1: RTL8188EU MAC: bc:fc:e7:29:24:07
[So Jul 26 16:46:00 2026] usb 1-1: rtl8xxxu: Loading firmware rtlwifi/rtl8188eufw.bin
[So Jul 26 16:46:01 2026] rtl8xxxu 1-1:1.0 wlxbcfce7292407: renamed from wlan0
[So Jul 26 16:46:02 2026] wlxbcfce7292407: authenticate with b8:ec:a3:dc:73:f5 (local address=bc:fc:e7:29:24:07)
[So Jul 26 16:46:02 2026] wlxbcfce7292407: send auth to b8:ec:a3:dc:73:f5 (try 1/3)
[So Jul 26 16:46:02 2026] wlxbcfce7292407: authenticated
[So Jul 26 16:46:02 2026] wlxbcfce7292407: associate with b8:ec:a3:dc:73:f5 (try 1/3)
[So Jul 26 16:46:02 2026] wlxbcfce7292407: RX AssocResp from b8:ec:a3:dc:73:f5 (capab=0x411 status=0 aid=46)
[So Jul 26 16:46:02 2026] usb 1-1: rtl8xxxu_bss_info_changed: HT supported
[So Jul 26 16:46:02 2026] wlxbcfce7292407: associated
[So Jul 26 16:49:04 2026] ata1.00: failed command: WRITE FPDMA QUEUED
[So Jul 26 16:49:04 2026] ata1.00: failed command: READ FPDMA QUEUED
[So Jul 26 16:49:04 2026] ata1.00: failed command: WRITE FPDMA QUEUED
[So Jul 26 16:49:04 2026] ata1: hard resetting link
[So Jul 26 16:51:10 2026] ata1.00: failed command: WRITE FPDMA QUEUED
[So Jul 26 16:51:10 2026] ata1.00: failed command: WRITE FPDMA QUEUED
[So Jul 26 16:51:10 2026] ata1.00: failed command: WRITE FPDMA QUEUED
[So Jul 26 16:51:10 2026] ata1.00: failed command: WRITE FPDMA QUEUED
[So Jul 26 16:51:10 2026] ata1: hard resetting link
[So Jul 26 16:55:11 2026] ata1.00: failed command: WRITE FPDMA QUEUED
[So Jul 26 16:55:11 2026] ata1.00: failed command: WRITE FPDMA QUEUED
[So Jul 26 16:55:11 2026] ata1.00: failed command: WRITE FPDMA QUEUED
[So Jul 26 16:55:11 2026] ata1: hard resetting link
[So Jul 26 17:02:36 2026] ata1.00: failed command: WRITE FPDMA QUEUED
[So Jul 26 17:02:36 2026] ata1: hard resetting link
[So Jul 26 17:02:36 2026] ata1.00: failed command: WRITE FPDMA QUEUED
[So Jul 26 17:02:36 2026] ata1: hard resetting link
[So Jul 26 15:53:33 2026] systemd[1]: Listening on systemd-factory-reset.socket - Factory Reset Management.
[So Jul 26 15:53:36 2026] Bluetooth: hci0: Reading supported features failed (-16)
[So Jul 26 16:10:37 2026] cfg80211: Loading compiled-in X.509 certificates for regulatory database
[So Jul 26 16:10:37 2026] usb 1-1: Dumping efuse for RTL8188EU (0x200 bytes):
[So Jul 26 16:10:37 2026] usb 1-1: RTL8188EU rev D (TSMC) romver 0, 1T1R, TX queues 2, WiFi=1, BT=0, GPS=0, HI PA=0
[So Jul 26 16:10:37 2026] usb 1-1: RTL8188EU MAC: bc:fc:e7:29:24:07
[So Jul 26 16:10:37 2026] usb 1-1: rtl8xxxu: Loading firmware rtlwifi/rtl8188eufw.bin
[So Jul 26 16:10:38 2026] usbcore: registered new interface driver rtl8xxxu
[So Jul 26 16:10:38 2026] rtl8xxxu 1-1:1.0 wlxbcfce7292407: renamed from wlan0
[So Jul 26 16:10:43 2026] wlxbcfce7292407: authenticate with b8:ec:a3:dc:73:f5 (local address=bc:fc:e7:29:24:07)
[So Jul 26 16:10:43 2026] wlxbcfce7292407: send auth to b8:ec:a3:dc:73:f5 (try 1/3)
[So Jul 26 16:10:43 2026] wlxbcfce7292407: authenticated
[So Jul 26 16:10:43 2026] wlxbcfce7292407: associate with b8:ec:a3:dc:73:f5 (try 1/3)
[So Jul 26 16:10:43 2026] wlxbcfce7292407: RX AssocResp from b8:ec:a3:dc:73:f5 (capab=0x411 status=0 aid=40)
[So Jul 26 16:10:43 2026] usb 1-1: rtl8xxxu_bss_info_changed: HT supported
[So Jul 26 16:10:43 2026] wlxbcfce7292407: associated
[So Jul 26 16:10:47 2026] iwlwifi 0000:03:00.0: enabling device (0000 -> 0002)
[So Jul 26 16:10:47 2026] iwlwifi 0000:03:00.0: Detected crf-id 0xbadcafe, cnv-id 0x3000000 wfpm id 0x80000000
[So Jul 26 16:10:47 2026] iwlwifi 0000:03:00.0: PCI dev 24f3/0130, rev=0x201, rfid=0xd55555d5
[So Jul 26 16:10:47 2026] iwlwifi 0000:03:00.0: Detected Intel(R) Dual Band Wireless-AC 8260
[So Jul 26 16:10:47 2026] iwlwifi 0000:03:00.0: loaded firmware version 36.c8e8e144.0 8000C-36.ucode op_mode iwlmvm
[So Jul 26 16:10:47 2026] iwlwifi 0000:03:00.0: base HW address: f4:8c:50:23:4a:74, OTP minor version: 0x4
[So Jul 26 16:10:48 2026] ieee80211 phy1: Selected rate control algorithm 'iwl-mvm-rs'
[So Jul 26 16:10:48 2026] iwlwifi 0000:03:00.0 wlp3s0: renamed from wlan0
[So Jul 26 16:11:10 2026] wlxbcfce7292407: deauthenticating from b8:ec:a3:dc:73:f5 by local choice (Reason: 3=DEAUTH_LEAVING)
[So Jul 26 16:11:12 2026] wlxbcfce7292407: authenticate with b8:ec:a3:dc:73:f5 (local address=bc:fc:e7:29:24:07)
[So Jul 26 16:11:12 2026] wlxbcfce7292407: send auth to b8:ec:a3:dc:73:f5 (try 1/3)
[So Jul 26 16:11:12 2026] wlxbcfce7292407: authenticated
[So Jul 26 16:11:12 2026] wlxbcfce7292407: associate with b8:ec:a3:dc:73:f5 (try 1/3)
[So Jul 26 16:11:12 2026] wlxbcfce7292407: RX AssocResp from b8:ec:a3:dc:73:f5 (capab=0x411 status=0 aid=40)
[So Jul 26 16:11:12 2026] usb 1-1: rtl8xxxu_bss_info_changed: HT supported
[So Jul 26 16:11:12 2026] wlxbcfce7292407: associated
[So Jul 26 16:11:15 2026] wlp3s0: authenticate with b8:ec:a3:dc:73:f5 (local address=f4:8c:50:23:4a:74)
[So Jul 26 16:11:15 2026] wlp3s0: send auth to b8:ec:a3:dc:73:f5 (try 1/3)
[So Jul 26 16:11:15 2026] wlp3s0: authenticated
[So Jul 26 16:11:15 2026] wlp3s0: associate with b8:ec:a3:dc:73:f5 (try 1/3)
[So Jul 26 16:11:15 2026] wlp3s0: RX AssocResp from b8:ec:a3:dc:73:f5 (capab=0x411 status=0 aid=45)
[So Jul 26 16:11:15 2026] wlp3s0: associated
[So Jul 26 16:11:29 2026] wlp3s0: authenticate with b8:ec:a3:dc:73:f5 (local address=f4:8c:50:23:4a:74)
[So Jul 26 16:11:29 2026] wlp3s0: send auth to b8:ec:a3:dc:73:f5 (try 1/3)
[So Jul 26 16:11:29 2026] wlp3s0: authenticated
[So Jul 26 16:11:29 2026] wlp3s0: associate with b8:ec:a3:dc:73:f5 (try 1/3)
[So Jul 26 16:11:29 2026] wlp3s0: associate with b8:ec:a3:dc:73:f5 (try 2/3)
[So Jul 26 16:11:29 2026] wlp3s0: associate with b8:ec:a3:dc:73:f5 (try 3/3)
[So Jul 26 16:11:29 2026] wlp3s0: association with b8:ec:a3:dc:73:f5 timed out
[So Jul 26 16:12:16 2026] wlp3s0: authenticate with b8:ec:a3:dc:73:f5 (local address=f4:8c:50:23:4a:74)
[So Jul 26 16:12:16 2026] wlp3s0: send auth to b8:ec:a3:dc:73:f5 (try 1/3)
[So Jul 26 16:12:16 2026] wlp3s0: authenticated
[So Jul 26 16:12:16 2026] wlp3s0: associate with b8:ec:a3:dc:73:f5 (try 1/3)
[So Jul 26 16:12:16 2026] wlp3s0: RX AssocResp from b8:ec:a3:dc:73:f5 (capab=0x411 status=0 aid=45)
[So Jul 26 16:12:16 2026] wlp3s0: associated
[So Jul 26 16:12:23 2026] wlp3s0: Connection to AP b8:ec:a3:dc:73:f5 lost
[So Jul 26 16:20:45 2026] ata1.00: failed command: WRITE FPDMA QUEUED
[So Jul 26 16:20:45 2026] ata1: hard resetting link
[So Jul 26 16:27:35 2026] wlxbcfce7292407: authenticate with b8:ec:a3:dc:73:f5 (local address=bc:fc:e7:29:24:07)
[So Jul 26 16:27:35 2026] wlxbcfce7292407: send auth to b8:ec:a3:dc:73:f5 (try 1/3)
[So Jul 26 16:27:35 2026] wlxbcfce7292407: authenticated
[So Jul 26 16:27:35 2026] wlxbcfce7292407: associate with b8:ec:a3:dc:73:f5 (try 1/3)
[So Jul 26 16:27:35 2026] wlxbcfce7292407: associate with b8:ec:a3:dc:73:f5 (try 2/3)
[So Jul 26 16:27:35 2026] wlxbcfce7292407: associate with b8:ec:a3:dc:73:f5 (try 3/3)
[So Jul 26 16:27:35 2026] wlxbcfce7292407: association with b8:ec:a3:dc:73:f5 timed out
[So Jul 26 16:27:43 2026] wlxbcfce7292407: authenticate with b8:ec:a3:dc:73:f5 (local address=bc:fc:e7:29:24:07)
[So Jul 26 16:27:43 2026] wlxbcfce7292407: send auth to b8:ec:a3:dc:73:f5 (try 1/3)
[So Jul 26 16:27:43 2026] wlxbcfce7292407: authenticated
[So Jul 26 16:27:43 2026] wlxbcfce7292407: associate with b8:ec:a3:dc:73:f5 (try 1/3)
[So Jul 26 16:27:43 2026] wlxbcfce7292407: RX AssocResp from b8:ec:a3:dc:73:f5 (capab=0x411 status=0 aid=40)
[So Jul 26 16:27:43 2026] usb 1-1: rtl8xxxu_bss_info_changed: HT supported
[So Jul 26 16:27:43 2026] wlxbcfce7292407: associated
[So Jul 26 16:31:03 2026] ata1.00: failed command: WRITE FPDMA QUEUED
[So Jul 26 16:31:03 2026] ata1.00: failed command: WRITE FPDMA QUEUED
[So Jul 26 16:31:03 2026] ata1: hard resetting link
[So Jul 26 16:31:07 2026] usbcore: deregistering interface driver rtl8xxxu
[So Jul 26 16:31:07 2026] wlxbcfce7292407: deauthenticating from b8:ec:a3:dc:73:f5 by local choice (Reason: 3=DEAUTH_LEAVING)
[So Jul 26 16:31:07 2026] usb 1-1: Device still attached, trying to reset
[So Jul 26 16:31:07 2026] usb 1-1: reset high-speed USB device number 8 using xhci_hcd
[So Jul 26 16:31:09 2026] iwlwifi 0000:03:00.0: Detected crf-id 0xbadcafe, cnv-id 0x3000000 wfpm id 0x80000000
[So Jul 26 16:31:09 2026] iwlwifi 0000:03:00.0: PCI dev 24f3/0130, rev=0x201, rfid=0xd55555d5
[So Jul 26 16:31:09 2026] iwlwifi 0000:03:00.0: Detected Intel(R) Dual Band Wireless-AC 8260
[So Jul 26 16:31:09 2026] iwlwifi 0000:03:00.0: loaded firmware version 36.c8e8e144.0 8000C-36.ucode op_mode iwlmvm
[So Jul 26 16:31:09 2026] usb 1-1: Dumping efuse for RTL8188EU (0x200 bytes):
[So Jul 26 16:31:09 2026] usb 1-1: RTL8188EU rev D (TSMC) romver 0, 1T1R, TX queues 2, WiFi=1, BT=0, GPS=0, HI PA=0
[So Jul 26 16:31:09 2026] usb 1-1: RTL8188EU MAC: bc:fc:e7:29:24:07
[So Jul 26 16:31:09 2026] usb 1-1: rtl8xxxu: Loading firmware rtlwifi/rtl8188eufw.bin
[So Jul 26 16:31:09 2026] iwlwifi 0000:03:00.0: base HW address: f4:8c:50:23:4a:74, OTP minor version: 0x4
[So Jul 26 16:31:09 2026] ieee80211 phy3: Selected rate control algorithm 'iwl-mvm-rs'
[So Jul 26 16:31:09 2026] iwlwifi 0000:03:00.0 wlp3s0: renamed from wlan0
[So Jul 26 16:31:10 2026] usbcore: registered new interface driver rtl8xxxu
[So Jul 26 16:31:10 2026] rtl8xxxu 1-1:1.0 wlxbcfce7292407: renamed from wlan0
[So Jul 26 16:31:11 2026] wlxbcfce7292407: authenticate with b8:ec:a3:dc:73:f5 (local address=bc:fc:e7:29:24:07)
[So Jul 26 16:31:11 2026] wlxbcfce7292407: send auth to b8:ec:a3:dc:73:f5 (try 1/3)
[So Jul 26 16:31:11 2026] wlxbcfce7292407: authenticated
[So Jul 26 16:31:11 2026] wlxbcfce7292407: associate with b8:ec:a3:dc:73:f5 (try 1/3)
[So Jul 26 16:31:12 2026] wlxbcfce7292407: associate with b8:ec:a3:dc:73:f5 (try 2/3)
[So Jul 26 16:31:12 2026] wlxbcfce7292407: associate with b8:ec:a3:dc:73:f5 (try 3/3)
[So Jul 26 16:31:12 2026] wlxbcfce7292407: association with b8:ec:a3:dc:73:f5 timed out
[So Jul 26 16:31:13 2026] wlxbcfce7292407: authenticate with b8:ec:a3:dc:73:f5 (local address=bc:fc:e7:29:24:07)
[So Jul 26 16:31:13 2026] wlxbcfce7292407: send auth to b8:ec:a3:dc:73:f5 (try 1/3)
[So Jul 26 16:31:13 2026] wlxbcfce7292407: authenticated
[So Jul 26 16:31:13 2026] wlxbcfce7292407: associate with b8:ec:a3:dc:73:f5 (try 1/3)
[So Jul 26 16:31:13 2026] wlxbcfce7292407: associate with b8:ec:a3:dc:73:f5 (try 2/3)
[So Jul 26 16:31:13 2026] wlxbcfce7292407: associate with b8:ec:a3:dc:73:f5 (try 3/3)
[So Jul 26 16:31:14 2026] wlxbcfce7292407: association with b8:ec:a3:dc:73:f5 timed out
[So Jul 26 16:31:21 2026] wlxbcfce7292407: authenticate with b8:ec:a3:dc:73:f5 (local address=bc:fc:e7:29:24:07)
[So Jul 26 16:31:21 2026] wlxbcfce7292407: send auth to b8:ec:a3:dc:73:f5 (try 1/3)
[So Jul 26 16:31:21 2026] wlxbcfce7292407: authenticated
[So Jul 26 16:31:21 2026] wlxbcfce7292407: associate with b8:ec:a3:dc:73:f5 (try 1/3)
[So Jul 26 16:31:21 2026] wlxbcfce7292407: RX AssocResp from b8:ec:a3:dc:73:f5 (capab=0x411 status=0 aid=40)
[So Jul 26 16:31:21 2026] usb 1-1: rtl8xxxu_bss_info_changed: HT supported
[So Jul 26 16:31:21 2026] wlxbcfce7292407: associated
[So Jul 26 16:34:08 2026] wlxbcfce7292407: deauthenticating from b8:ec:a3:dc:73:f5 by local choice (Reason: 3=DEAUTH_LEAVING)
[So Jul 26 16:34:15 2026] usb 1-1: Dumping efuse for RTL8188EU (0x200 bytes):
[So Jul 26 16:34:15 2026] usb 1-1: RTL8188EU rev D (TSMC) romver 0, 1T1R, TX queues 2, WiFi=1, BT=0, GPS=0, HI PA=0
[So Jul 26 16:34:15 2026] usb 1-1: RTL8188EU MAC: bc:fc:e7:29:24:07
[So Jul 26 16:34:15 2026] usb 1-1: rtl8xxxu: Loading firmware rtlwifi/rtl8188eufw.bin
[So Jul 26 16:34:16 2026] rtl8xxxu 1-1:1.0 wlxbcfce7292407: renamed from wlan0
[So Jul 26 16:34:26 2026] wlxbcfce7292407: authenticate with b8:ec:a3:dc:73:f5 (local address=bc:fc:e7:29:24:07)
[So Jul 26 16:34:26 2026] wlxbcfce7292407: send auth to b8:ec:a3:dc:73:f5 (try 1/3)
[So Jul 26 16:34:26 2026] wlxbcfce7292407: authenticated
[So Jul 26 16:34:26 2026] wlxbcfce7292407: associate with b8:ec:a3:dc:73:f5 (try 1/3)
[So Jul 26 16:34:26 2026] wlxbcfce7292407: associate with b8:ec:a3:dc:73:f5 (try 2/3)
[So Jul 26 16:34:27 2026] wlxbcfce7292407: associate with b8:ec:a3:dc:73:f5 (try 3/3)
[So Jul 26 16:34:27 2026] wlxbcfce7292407: association with b8:ec:a3:dc:73:f5 timed out
[So Jul 26 16:34:34 2026] wlxbcfce7292407: authenticate with b8:ec:a3:dc:73:f5 (local address=bc:fc:e7:29:24:07)
[So Jul 26 16:34:34 2026] wlxbcfce7292407: send auth to b8:ec:a3:dc:73:f5 (try 1/3)
[So Jul 26 16:34:34 2026] wlxbcfce7292407: authenticated
[So Jul 26 16:34:34 2026] wlxbcfce7292407: associate with b8:ec:a3:dc:73:f5 (try 1/3)
[So Jul 26 16:34:34 2026] wlxbcfce7292407: RX AssocResp from b8:ec:a3:dc:73:f5 (capab=0x411 status=0 aid=40)
[So Jul 26 16:34:34 2026] usb 1-1: rtl8xxxu_bss_info_changed: HT supported
[So Jul 26 16:34:34 2026] wlxbcfce7292407: associated
[So Jul 26 16:45:57 2026] wlxbcfce7292407: deauthenticating from b8:ec:a3:dc:73:f5 by local choice (Reason: 3=DEAUTH_LEAVING)
[So Jul 26 16:45:58 2026] usb 1-1: Device still attached, trying to reset
[So Jul 26 16:45:58 2026] usb 1-1: reset high-speed USB device number 9 using xhci_hcd
[So Jul 26 16:45:59 2026] usb 1-7: reset high-speed USB device number 5 using xhci_hcd
[So Jul 26 16:45:59 2026] usb 1-2: reset high-speed USB device number 3 using xhci_hcd
[So Jul 26 16:45:59 2026] usb 1-6: reset full-speed USB device number 4 using xhci_hcd
[So Jul 26 16:46:00 2026] usb 1-1: Dumping efuse for RTL8188EU (0x200 bytes):
[So Jul 26 16:46:00 2026] usb 1-1: RTL8188EU rev D (TSMC) romver 0, 1T1R, TX queues 2, WiFi=1, BT=0, GPS=0, HI PA=0
[So Jul 26 16:46:00 2026] usb 1-1: RTL8188EU MAC: bc:fc:e7:29:24:07
[So Jul 26 16:46:00 2026] usb 1-1: rtl8xxxu: Loading firmware rtlwifi/rtl8188eufw.bin
[So Jul 26 16:46:01 2026] rtl8xxxu 1-1:1.0 wlxbcfce7292407: renamed from wlan0
[So Jul 26 16:46:02 2026] wlxbcfce7292407: authenticate with b8:ec:a3:dc:73:f5 (local address=bc:fc:e7:29:24:07)
[So Jul 26 16:46:02 2026] wlxbcfce7292407: send auth to b8:ec:a3:dc:73:f5 (try 1/3)
[So Jul 26 16:46:02 2026] wlxbcfce7292407: authenticated
[So Jul 26 16:46:02 2026] wlxbcfce7292407: associate with b8:ec:a3:dc:73:f5 (try 1/3)
[So Jul 26 16:46:02 2026] wlxbcfce7292407: RX AssocResp from b8:ec:a3:dc:73:f5 (capab=0x411 status=0 aid=46)
[So Jul 26 16:46:02 2026] usb 1-1: rtl8xxxu_bss_info_changed: HT supported
[So Jul 26 16:46:02 2026] wlxbcfce7292407: associated
[So Jul 26 16:49:04 2026] ata1.00: failed command: WRITE FPDMA QUEUED
[So Jul 26 16:49:04 2026] ata1.00: failed command: READ FPDMA QUEUED
[So Jul 26 16:49:04 2026] ata1.00: failed command: WRITE FPDMA QUEUED
[So Jul 26 16:49:04 2026] ata1: hard resetting link
[So Jul 26 16:51:10 2026] ata1.00: failed command: WRITE FPDMA QUEUED
[So Jul 26 16:51:10 2026] ata1.00: failed command: WRITE FPDMA QUEUED
[So Jul 26 16:51:10 2026] ata1.00: failed command: WRITE FPDMA QUEUED
[So Jul 26 16:51:10 2026] ata1.00: failed command: WRITE FPDMA QUEUED
[So Jul 26 16:51:10 2026] ata1: hard resetting link
[So Jul 26 16:55:11 2026] ata1.00: failed command: WRITE FPDMA QUEUED
[So Jul 26 16:55:11 2026] ata1.00: failed command: WRITE FPDMA QUEUED
[So Jul 26 16:55:11 2026] ata1.00: failed command: WRITE FPDMA QUEUED
[So Jul 26 16:55:11 2026] ata1: hard resetting link
[So Jul 26 17:02:36 2026] ata1.00: failed command: WRITE FPDMA QUEUED
[So Jul 26 17:02:36 2026] ata1: hard resetting link
[So Jul 26 17:02:36 2026] ata1.00: failed command: WRITE FPDMA QUEUED
[So Jul 26 17:02:36 2026] ata1: hard resetting link
[So Jul 26 15:53:33 2026] systemd[1]: Listening on systemd-factory-reset.socket - Factory Reset Management.
[So Jul 26 15:53:36 2026] Bluetooth: hci0: Reading supported features failed (-16)
[So Jul 26 16:10:37 2026] cfg80211: Loading compiled-in X.509 certificates for regulatory database
[So Jul 26 16:10:37 2026] usb 1-1: Dumping efuse for RTL8188EU (0x200 bytes):
[So Jul 26 16:10:37 2026] usb 1-1: RTL8188EU rev D (TSMC) romver 0, 1T1R, TX queues 2, WiFi=1, BT=0, GPS=0, HI PA=0
[So Jul 26 16:10:37 2026] usb 1-1: RTL8188EU MAC: bc:fc:e7:29:24:07
[So Jul 26 16:10:37 2026] usb 1-1: rtl8xxxu: Loading firmware rtlwifi/rtl8188eufw.bin
[So Jul 26 16:10:38 2026] usbcore: registered new interface driver rtl8xxxu
[So Jul 26 16:10:38 2026] rtl8xxxu 1-1:1.0 wlxbcfce7292407: renamed from wlan0
[So Jul 26 16:10:43 2026] wlxbcfce7292407: authenticate with b8:ec:a3:dc:73:f5 (local address=bc:fc:e7:29:24:07)
[So Jul 26 16:10:43 2026] wlxbcfce7292407: send auth to b8:ec:a3:dc:73:f5 (try 1/3)
[So Jul 26 16:10:43 2026] wlxbcfce7292407: authenticated
[So Jul 26 16:10:43 2026] wlxbcfce7292407: associate with b8:ec:a3:dc:73:f5 (try 1/3)
[So Jul 26 16:10:43 2026] wlxbcfce7292407: RX AssocResp from b8:ec:a3:dc:73:f5 (capab=0x411 status=0 aid=40)
[So Jul 26 16:10:43 2026] usb 1-1: rtl8xxxu_bss_info_changed: HT supported
[So Jul 26 16:10:43 2026] wlxbcfce7292407: associated
[So Jul 26 16:10:47 2026] iwlwifi 0000:03:00.0: enabling device (0000 -> 0002)
[So Jul 26 16:10:47 2026] iwlwifi 0000:03:00.0: Detected crf-id 0xbadcafe, cnv-id 0x3000000 wfpm id 0x80000000
[So Jul 26 16:10:47 2026] iwlwifi 0000:03:00.0: PCI dev 24f3/0130, rev=0x201, rfid=0xd55555d5
[So Jul 26 16:10:47 2026] iwlwifi 0000:03:00.0: Detected Intel(R) Dual Band Wireless-AC 8260
[So Jul 26 16:10:47 2026] iwlwifi 0000:03:00.0: loaded firmware version 36.c8e8e144.0 8000C-36.ucode op_mode iwlmvm
[So Jul 26 16:10:47 2026] iwlwifi 0000:03:00.0: base HW address: f4:8c:50:23:4a:74, OTP minor version: 0x4
[So Jul 26 16:10:48 2026] ieee80211 phy1: Selected rate control algorithm 'iwl-mvm-rs'
[So Jul 26 16:10:48 2026] iwlwifi 0000:03:00.0 wlp3s0: renamed from wlan0
[So Jul 26 16:11:10 2026] wlxbcfce7292407: deauthenticating from b8:ec:a3:dc:73:f5 by local choice (Reason: 3=DEAUTH_LEAVING)
[So Jul 26 16:11:12 2026] wlxbcfce7292407: authenticate with b8:ec:a3:dc:73:f5 (local address=bc:fc:e7:29:24:07)
[So Jul 26 16:11:12 2026] wlxbcfce7292407: send auth to b8:ec:a3:dc:73:f5 (try 1/3)
[So Jul 26 16:11:12 2026] wlxbcfce7292407: authenticated
[So Jul 26 16:11:12 2026] wlxbcfce7292407: associate with b8:ec:a3:dc:73:f5 (try 1/3)
[So Jul 26 16:11:12 2026] wlxbcfce7292407: RX AssocResp from b8:ec:a3:dc:73:f5 (capab=0x411 status=0 aid=40)
[So Jul 26 16:11:12 2026] usb 1-1: rtl8xxxu_bss_info_changed: HT supported
[So Jul 26 16:11:12 2026] wlxbcfce7292407: associated
[So Jul 26 16:11:15 2026] wlp3s0: authenticate with b8:ec:a3:dc:73:f5 (local address=f4:8c:50:23:4a:74)
[So Jul 26 16:11:15 2026] wlp3s0: send auth to b8:ec:a3:dc:73:f5 (try 1/3)
[So Jul 26 16:11:15 2026] wlp3s0: authenticated
[So Jul 26 16:11:15 2026] wlp3s0: associate with b8:ec:a3:dc:73:f5 (try 1/3)
[So Jul 26 16:11:15 2026] wlp3s0: RX AssocResp from b8:ec:a3:dc:73:f5 (capab=0x411 status=0 aid=45)
[So Jul 26 16:11:15 2026] wlp3s0: associated
[So Jul 26 16:11:29 2026] wlp3s0: authenticate with b8:ec:a3:dc:73:f5 (local address=f4:8c:50:23:4a:74)
[So Jul 26 16:11:29 2026] wlp3s0: send auth to b8:ec:a3:dc:73:f5 (try 1/3)
[So Jul 26 16:11:29 2026] wlp3s0: authenticated
[So Jul 26 16:11:29 2026] wlp3s0: associate with b8:ec:a3:dc:73:f5 (try 1/3)
[So Jul 26 16:11:29 2026] wlp3s0: associate with b8:ec:a3:dc:73:f5 (try 2/3)
[So Jul 26 16:11:29 2026] wlp3s0: associate with b8:ec:a3:dc:73:f5 (try 3/3)
[So Jul 26 16:11:29 2026] wlp3s0: association with b8:ec:a3:dc:73:f5 timed out
[So Jul 26 16:12:16 2026] wlp3s0: authenticate with b8:ec:a3:dc:73:f5 (local address=f4:8c:50:23:4a:74)
[So Jul 26 16:12:16 2026] wlp3s0: send auth to b8:ec:a3:dc:73:f5 (try 1/3)
[So Jul 26 16:12:16 2026] wlp3s0: authenticated
[So Jul 26 16:12:16 2026] wlp3s0: associate with b8:ec:a3:dc:73:f5 (try 1/3)
[So Jul 26 16:12:16 2026] wlp3s0: RX AssocResp from b8:ec:a3:dc:73:f5 (capab=0x411 status=0 aid=45)
[So Jul 26 16:12:16 2026] wlp3s0: associated
[So Jul 26 16:12:23 2026] wlp3s0: Connection to AP b8:ec:a3:dc:73:f5 lost
[So Jul 26 16:20:45 2026] ata1.00: failed command: WRITE FPDMA QUEUED
[So Jul 26 16:20:45 2026] ata1: hard resetting link
[So Jul 26 16:27:35 2026] wlxbcfce7292407: authenticate with b8:ec:a3:dc:73:f5 (local address=bc:fc:e7:29:24:07)
[So Jul 26 16:27:35 2026] wlxbcfce7292407: send auth to b8:ec:a3:dc:73:f5 (try 1/3)
[So Jul 26 16:27:35 2026] wlxbcfce7292407: authenticated
[So Jul 26 16:27:35 2026] wlxbcfce7292407: associate with b8:ec:a3:dc:73:f5 (try 1/3)
[So Jul 26 16:27:35 2026] wlxbcfce7292407: associate with b8:ec:a3:dc:73:f5 (try 2/3)
[So Jul 26 16:27:35 2026] wlxbcfce7292407: associate with b8:ec:a3:dc:73:f5 (try 3/3)
[So Jul 26 16:27:35 2026] wlxbcfce7292407: association with b8:ec:a3:dc:73:f5 timed out
[So Jul 26 16:27:43 2026] wlxbcfce7292407: authenticate with b8:ec:a3:dc:73:f5 (local address=bc:fc:e7:29:24:07)
[So Jul 26 16:27:43 2026] wlxbcfce7292407: send auth to b8:ec:a3:dc:73:f5 (try 1/3)
[So Jul 26 16:27:43 2026] wlxbcfce7292407: authenticated
[So Jul 26 16:27:43 2026] wlxbcfce7292407: associate with b8:ec:a3:dc:73:f5 (try 1/3)
[So Jul 26 16:27:43 2026] wlxbcfce7292407: RX AssocResp from b8:ec:a3:dc:73:f5 (capab=0x411 status=0 aid=40)
[So Jul 26 16:27:43 2026] usb 1-1: rtl8xxxu_bss_info_changed: HT supported
[So Jul 26 16:27:43 2026] wlxbcfce7292407: associated
[So Jul 26 16:31:03 2026] ata1.00: failed command: WRITE FPDMA QUEUED
[So Jul 26 16:31:03 2026] ata1.00: failed command: WRITE FPDMA QUEUED
[So Jul 26 16:31:03 2026] ata1: hard resetting link
[So Jul 26 16:31:07 2026] usbcore: deregistering interface driver rtl8xxxu
[So Jul 26 16:31:07 2026] wlxbcfce7292407: deauthenticating from b8:ec:a3:dc:73:f5 by local choice (Reason: 3=DEAUTH_LEAVING)
[So Jul 26 16:31:07 2026] usb 1-1: Device still attached, trying to reset
[So Jul 26 16:31:07 2026] usb 1-1: reset high-speed USB device number 8 using xhci_hcd
[So Jul 26 16:31:09 2026] iwlwifi 0000:03:00.0: Detected crf-id 0xbadcafe, cnv-id 0x3000000 wfpm id 0x80000000
[So Jul 26 16:31:09 2026] iwlwifi 0000:03:00.0: PCI dev 24f3/0130, rev=0x201, rfid=0xd55555d5
[So Jul 26 16:31:09 2026] iwlwifi 0000:03:00.0: Detected Intel(R) Dual Band Wireless-AC 8260
[So Jul 26 16:31:09 2026] iwlwifi 0000:03:00.0: loaded firmware version 36.c8e8e144.0 8000C-36.ucode op_mode iwlmvm
[So Jul 26 16:31:09 2026] usb 1-1: Dumping efuse for RTL8188EU (0x200 bytes):
[So Jul 26 16:31:09 2026] usb 1-1: RTL8188EU rev D (TSMC) romver 0, 1T1R, TX queues 2, WiFi=1, BT=0, GPS=0, HI PA=0
[So Jul 26 16:31:09 2026] usb 1-1: RTL8188EU MAC: bc:fc:e7:29:24:07
[So Jul 26 16:31:09 2026] usb 1-1: rtl8xxxu: Loading firmware rtlwifi/rtl8188eufw.bin
[So Jul 26 16:31:09 2026] iwlwifi 0000:03:00.0: base HW address: f4:8c:50:23:4a:74, OTP minor version: 0x4
[So Jul 26 16:31:09 2026] ieee80211 phy3: Selected rate control algorithm 'iwl-mvm-rs'
[So Jul 26 16:31:09 2026] iwlwifi 0000:03:00.0 wlp3s0: renamed from wlan0
[So Jul 26 16:31:10 2026] usbcore: registered new interface driver rtl8xxxu
[So Jul 26 16:31:10 2026] rtl8xxxu 1-1:1.0 wlxbcfce7292407: renamed from wlan0
[So Jul 26 16:31:11 2026] wlxbcfce7292407: authenticate with b8:ec:a3:dc:73:f5 (local address=bc:fc:e7:29:24:07)
[So Jul 26 16:31:11 2026] wlxbcfce7292407: send auth to b8:ec:a3:dc:73:f5 (try 1/3)
[So Jul 26 16:31:11 2026] wlxbcfce7292407: authenticated
[So Jul 26 16:31:11 2026] wlxbcfce7292407: associate with b8:ec:a3:dc:73:f5 (try 1/3)
[So Jul 26 16:31:12 2026] wlxbcfce7292407: associate with b8:ec:a3:dc:73:f5 (try 2/3)
[So Jul 26 16:31:12 2026] wlxbcfce7292407: associate with b8:ec:a3:dc:73:f5 (try 3/3)
[So Jul 26 16:31:12 2026] wlxbcfce7292407: association with b8:ec:a3:dc:73:f5 timed out
[So Jul 26 16:31:13 2026] wlxbcfce7292407: authenticate with b8:ec:a3:dc:73:f5 (local address=bc:fc:e7:29:24:07)
[So Jul 26 16:31:13 2026] wlxbcfce7292407: send auth to b8:ec:a3:dc:73:f5 (try 1/3)
[So Jul 26 16:31:13 2026] wlxbcfce7292407: authenticated
[So Jul 26 16:31:13 2026] wlxbcfce7292407: associate with b8:ec:a3:dc:73:f5 (try 1/3)
[So Jul 26 16:31:13 2026] wlxbcfce7292407: associate with b8:ec:a3:dc:73:f5 (try 2/3)
[So Jul 26 16:31:13 2026] wlxbcfce7292407: associate with b8:ec:a3:dc:73:f5 (try 3/3)
[So Jul 26 16:31:14 2026] wlxbcfce7292407: association with b8:ec:a3:dc:73:f5 timed out
[So Jul 26 16:31:21 2026] wlxbcfce7292407: authenticate with b8:ec:a3:dc:73:f5 (local address=bc:fc:e7:29:24:07)
[So Jul 26 16:31:21 2026] wlxbcfce7292407: send auth to b8:ec:a3:dc:73:f5 (try 1/3)
[So Jul 26 16:31:21 2026] wlxbcfce7292407: authenticated
[So Jul 26 16:31:21 2026] wlxbcfce7292407: associate with b8:ec:a3:dc:73:f5 (try 1/3)
[So Jul 26 16:31:21 2026] wlxbcfce7292407: RX AssocResp from b8:ec:a3:dc:73:f5 (capab=0x411 status=0 aid=40)
[So Jul 26 16:31:21 2026] usb 1-1: rtl8xxxu_bss_info_changed: HT supported
[So Jul 26 16:31:21 2026] wlxbcfce7292407: associated
[So Jul 26 16:34:08 2026] wlxbcfce7292407: deauthenticating from b8:ec:a3:dc:73:f5 by local choice (Reason: 3=DEAUTH_LEAVING)
[So Jul 26 16:34:15 2026] usb 1-1: Dumping efuse for RTL8188EU (0x200 bytes):
[So Jul 26 16:34:15 2026] usb 1-1: RTL8188EU rev D (TSMC) romver 0, 1T1R, TX queues 2, WiFi=1, BT=0, GPS=0, HI PA=0
[So Jul 26 16:34:15 2026] usb 1-1: RTL8188EU MAC: bc:fc:e7:29:24:07
[So Jul 26 16:34:15 2026] usb 1-1: rtl8xxxu: Loading firmware rtlwifi/rtl8188eufw.bin
[So Jul 26 16:34:16 2026] rtl8xxxu 1-1:1.0 wlxbcfce7292407: renamed from wlan0
[So Jul 26 16:34:26 2026] wlxbcfce7292407: authenticate with b8:ec:a3:dc:73:f5 (local address=bc:fc:e7:29:24:07)
[So Jul 26 16:34:26 2026] wlxbcfce7292407: send auth to b8:ec:a3:dc:73:f5 (try 1/3)
[So Jul 26 16:34:26 2026] wlxbcfce7292407: authenticated
[So Jul 26 16:34:26 2026] wlxbcfce7292407: associate with b8:ec:a3:dc:73:f5 (try 1/3)
[So Jul 26 16:34:26 2026] wlxbcfce7292407: associate with b8:ec:a3:dc:73:f5 (try 2/3)
[So Jul 26 16:34:27 2026] wlxbcfce7292407: associate with b8:ec:a3:dc:73:f5 (try 3/3)
[So Jul 26 16:34:27 2026] wlxbcfce7292407: association with b8:ec:a3:dc:73:f5 timed out
[So Jul 26 16:34:34 2026] wlxbcfce7292407: authenticate with b8:ec:a3:dc:73:f5 (local address=bc:fc:e7:29:24:07)
[So Jul 26 16:34:34 2026] wlxbcfce7292407: send auth to b8:ec:a3:dc:73:f5 (try 1/3)
[So Jul 26 16:34:34 2026] wlxbcfce7292407: authenticated
[So Jul 26 16:34:34 2026] wlxbcfce7292407: associate with b8:ec:a3:dc:73:f5 (try 1/3)
[So Jul 26 16:34:34 2026] wlxbcfce7292407: RX AssocResp from b8:ec:a3:dc:73:f5 (capab=0x411 status=0 aid=40)
[So Jul 26 16:34:34 2026] usb 1-1: rtl8xxxu_bss_info_changed: HT supported
[So Jul 26 16:34:34 2026] wlxbcfce7292407: associated
[So Jul 26 16:45:57 2026] wlxbcfce7292407: deauthenticating from b8:ec:a3:dc:73:f5 by local choice (Reason: 3=DEAUTH_LEAVING)
[So Jul 26 16:45:58 2026] usb 1-1: Device still attached, trying to reset
[So Jul 26 16:45:58 2026] usb 1-1: reset high-speed USB device number 9 using xhci_hcd
[So Jul 26 16:45:59 2026] usb 1-7: reset high-speed USB device number 5 using xhci_hcd
[So Jul 26 16:45:59 2026] usb 1-2: reset high-speed USB device number 3 using xhci_hcd
[So Jul 26 16:45:59 2026] usb 1-6: reset full-speed USB device number 4 using xhci_hcd
[So Jul 26 16:46:00 2026] usb 1-1: Dumping efuse for RTL8188EU (0x200 bytes):
[So Jul 26 16:46:00 2026] usb 1-1: RTL8188EU rev D (TSMC) romver 0, 1T1R, TX queues 2, WiFi=1, BT=0, GPS=0, HI PA=0
[So Jul 26 16:46:00 2026] usb 1-1: RTL8188EU MAC: bc:fc:e7:29:24:07
[So Jul 26 16:46:00 2026] usb 1-1: rtl8xxxu: Loading firmware rtlwifi/rtl8188eufw.bin
[So Jul 26 16:46:01 2026] rtl8xxxu 1-1:1.0 wlxbcfce7292407: renamed from wlan0
[So Jul 26 16:46:02 2026] wlxbcfce7292407: authenticate with b8:ec:a3:dc:73:f5 (local address=bc:fc:e7:29:24:07)
[So Jul 26 16:46:02 2026] wlxbcfce7292407: send auth to b8:ec:a3:dc:73:f5 (try 1/3)
[So Jul 26 16:46:02 2026] wlxbcfce7292407: authenticated
[So Jul 26 16:46:02 2026] wlxbcfce7292407: associate with b8:ec:a3:dc:73:f5 (try 1/3)
[So Jul 26 16:46:02 2026] wlxbcfce7292407: RX AssocResp from b8:ec:a3:dc:73:f5 (capab=0x411 status=0 aid=46)
[So Jul 26 16:46:02 2026] usb 1-1: rtl8xxxu_bss_info_changed: HT supported
[So Jul 26 16:46:02 2026] wlxbcfce7292407: associated
[So Jul 26 16:49:04 2026] ata1.00: failed command: WRITE FPDMA QUEUED
[So Jul 26 16:49:04 2026] ata1.00: failed command: READ FPDMA QUEUED
[So Jul 26 16:49:04 2026] ata1.00: failed command: WRITE FPDMA QUEUED
[So Jul 26 16:49:04 2026] ata1: hard resetting link
[So Jul 26 16:51:10 2026] ata1.00: failed command: WRITE FPDMA QUEUED
[So Jul 26 16:51:10 2026] ata1.00: failed command: WRITE FPDMA QUEUED
[So Jul 26 16:51:10 2026] ata1.00: failed command: WRITE FPDMA QUEUED
[So Jul 26 16:51:10 2026] ata1.00: failed command: WRITE FPDMA QUEUED
[So Jul 26 16:51:10 2026] ata1: hard resetting link
[So Jul 26 16:55:11 2026] ata1.00: failed command: WRITE FPDMA QUEUED
[So Jul 26 16:55:11 2026] ata1.00: failed command: WRITE FPDMA QUEUED
[So Jul 26 16:55:11 2026] ata1.00: failed command: WRITE FPDMA QUEUED
[So Jul 26 16:55:11 2026] ata1: hard resetting link
[So Jul 26 17:02:36 2026] ata1.00: failed command: WRITE FPDMA QUEUED
[So Jul 26 17:02:36 2026] ata1: hard resetting link
[So Jul 26 17:02:36 2026] ata1.00: failed command: WRITE FPDMA QUEUED
[So Jul 26 17:02:36 2026] ata1: hard resetting link
[So Jul 26 15:53:33 2026] systemd[1]: Listening on systemd-factory-reset.socket - Factory Reset Management.
[So Jul 26 15:53:36 2026] Bluetooth: hci0: Reading supported features failed (-16)
[So Jul 26 16:10:37 2026] cfg80211: Loading compiled-in X.509 certificates for regulatory database
[So Jul 26 16:10:37 2026] usb 1-1: Dumping efuse for RTL8188EU (0x200 bytes):
[So Jul 26 16:10:37 2026] usb 1-1: RTL8188EU rev D (TSMC) romver 0, 1T1R, TX queues 2, WiFi=1, BT=0, GPS=0, HI PA=0
[So Jul 26 16:10:37 2026] usb 1-1: RTL8188EU MAC: bc:fc:e7:29:24:07
[So Jul 26 16:10:37 2026] usb 1-1: rtl8xxxu: Loading firmware rtlwifi/rtl8188eufw.bin
[So Jul 26 16:10:38 2026] usbcore: registered new interface driver rtl8xxxu
[So Jul 26 16:10:38 2026] rtl8xxxu 1-1:1.0 wlxbcfce7292407: renamed from wlan0
[So Jul 26 16:10:43 2026] wlxbcfce7292407: authenticate with b8:ec:a3:dc:73:f5 (local address=bc:fc:e7:29:24:07)
[So Jul 26 16:10:43 2026] wlxbcfce7292407: send auth to b8:ec:a3:dc:73:f5 (try 1/3)
[So Jul 26 16:10:43 2026] wlxbcfce7292407: authenticated
[So Jul 26 16:10:43 2026] wlxbcfce7292407: associate with b8:ec:a3:dc:73:f5 (try 1/3)
[So Jul 26 16:10:43 2026] wlxbcfce7292407: RX AssocResp from b8:ec:a3:dc:73:f5 (capab=0x411 status=0 aid=40)
[So Jul 26 16:10:43 2026] usb 1-1: rtl8xxxu_bss_info_changed: HT supported
[So Jul 26 16:10:43 2026] wlxbcfce7292407: associated
[So Jul 26 16:10:47 2026] iwlwifi 0000:03:00.0: enabling device (0000 -> 0002)
[So Jul 26 16:10:47 2026] iwlwifi 0000:03:00.0: Detected crf-id 0xbadcafe, cnv-id 0x3000000 wfpm id 0x80000000
[So Jul 26 16:10:47 2026] iwlwifi 0000:03:00.0: PCI dev 24f3/0130, rev=0x201, rfid=0xd55555d5
[So Jul 26 16:10:47 2026] iwlwifi 0000:03:00.0: Detected Intel(R) Dual Band Wireless-AC 8260
[So Jul 26 16:10:47 2026] iwlwifi 0000:03:00.0: loaded firmware version 36.c8e8e144.0 8000C-36.ucode op_mode iwlmvm
[So Jul 26 16:10:47 2026] iwlwifi 0000:03:00.0: base HW address: f4:8c:50:23:4a:74, OTP minor version: 0x4
[So Jul 26 16:10:48 2026] ieee80211 phy1: Selected rate control algorithm 'iwl-mvm-rs'
[So Jul 26 16:10:48 2026] iwlwifi 0000:03:00.0 wlp3s0: renamed from wlan0
[So Jul 26 16:11:10 2026] wlxbcfce7292407: deauthenticating from b8:ec:a3:dc:73:f5 by local choice (Reason: 3=DEAUTH_LEAVING)
[So Jul 26 16:11:12 2026] wlxbcfce7292407: authenticate with b8:ec:a3:dc:73:f5 (local address=bc:fc:e7:29:24:07)
[So Jul 26 16:11:12 2026] wlxbcfce7292407: send auth to b8:ec:a3:dc:73:f5 (try 1/3)
[So Jul 26 16:11:12 2026] wlxbcfce7292407: authenticated
[So Jul 26 16:11:12 2026] wlxbcfce7292407: associate with b8:ec:a3:dc:73:f5 (try 1/3)
[So Jul 26 16:11:12 2026] wlxbcfce7292407: RX AssocResp from b8:ec:a3:dc:73:f5 (capab=0x411 status=0 aid=40)
[So Jul 26 16:11:12 2026] usb 1-1: rtl8xxxu_bss_info_changed: HT supported
[So Jul 26 16:11:12 2026] wlxbcfce7292407: associated
[So Jul 26 16:11:15 2026] wlp3s0: authenticate with b8:ec:a3:dc:73:f5 (local address=f4:8c:50:23:4a:74)
[So Jul 26 16:11:15 2026] wlp3s0: send auth to b8:ec:a3:dc:73:f5 (try 1/3)
[So Jul 26 16:11:15 2026] wlp3s0: authenticated
[So Jul 26 16:11:15 2026] wlp3s0: associate with b8:ec:a3:dc:73:f5 (try 1/3)
[So Jul 26 16:11:15 2026] wlp3s0: RX AssocResp from b8:ec:a3:dc:73:f5 (capab=0x411 status=0 aid=45)
[So Jul 26 16:11:15 2026] wlp3s0: associated
[So Jul 26 16:11:29 2026] wlp3s0: authenticate with b8:ec:a3:dc:73:f5 (local address=f4:8c:50:23:4a:74)
[So Jul 26 16:11:29 2026] wlp3s0: send auth to b8:ec:a3:dc:73:f5 (try 1/3)
[So Jul 26 16:11:29 2026] wlp3s0: authenticated
[So Jul 26 16:11:29 2026] wlp3s0: associate with b8:ec:a3:dc:73:f5 (try 1/3)
[So Jul 26 16:11:29 2026] wlp3s0: associate with b8:ec:a3:dc:73:f5 (try 2/3)
[So Jul 26 16:11:29 2026] wlp3s0: associate with b8:ec:a3:dc:73:f5 (try 3/3)
[So Jul 26 16:11:29 2026] wlp3s0: association with b8:ec:a3:dc:73:f5 timed out
[So Jul 26 16:12:16 2026] wlp3s0: authenticate with b8:ec:a3:dc:73:f5 (local address=f4:8c:50:23:4a:74)
[So Jul 26 16:12:16 2026] wlp3s0: send auth to b8:ec:a3:dc:73:f5 (try 1/3)
[So Jul 26 16:12:16 2026] wlp3s0: authenticated
[So Jul 26 16:12:16 2026] wlp3s0: associate with b8:ec:a3:dc:73:f5 (try 1/3)
[So Jul 26 16:12:16 2026] wlp3s0: RX AssocResp from b8:ec:a3:dc:73:f5 (capab=0x411 status=0 aid=45)
[So Jul 26 16:12:16 2026] wlp3s0: associated
[So Jul 26 16:12:23 2026] wlp3s0: Connection to AP b8:ec:a3:dc:73:f5 lost
[So Jul 26 16:20:45 2026] ata1.00: failed command: WRITE FPDMA QUEUED
[So Jul 26 16:20:45 2026] ata1: hard resetting link
[So Jul 26 16:27:35 2026] wlxbcfce7292407: authenticate with b8:ec:a3:dc:73:f5 (local address=bc:fc:e7:29:24:07)
[So Jul 26 16:27:35 2026] wlxbcfce7292407: send auth to b8:ec:a3:dc:73:f5 (try 1/3)
[So Jul 26 16:27:35 2026] wlxbcfce7292407: authenticated
[So Jul 26 16:27:35 2026] wlxbcfce7292407: associate with b8:ec:a3:dc:73:f5 (try 1/3)
[So Jul 26 16:27:35 2026] wlxbcfce7292407: associate with b8:ec:a3:dc:73:f5 (try 2/3)
[So Jul 26 16:27:35 2026] wlxbcfce7292407: associate with b8:ec:a3:dc:73:f5 (try 3/3)
[So Jul 26 16:27:35 2026] wlxbcfce7292407: association with b8:ec:a3:dc:73:f5 timed out
[So Jul 26 16:27:43 2026] wlxbcfce7292407: authenticate with b8:ec:a3:dc:73:f5 (local address=bc:fc:e7:29:24:07)
[So Jul 26 16:27:43 2026] wlxbcfce7292407: send auth to b8:ec:a3:dc:73:f5 (try 1/3)
[So Jul 26 16:27:43 2026] wlxbcfce7292407: authenticated
[So Jul 26 16:27:43 2026] wlxbcfce7292407: associate with b8:ec:a3:dc:73:f5 (try 1/3)
[So Jul 26 16:27:43 2026] wlxbcfce7292407: RX AssocResp from b8:ec:a3:dc:73:f5 (capab=0x411 status=0 aid=40)
[So Jul 26 16:27:43 2026] usb 1-1: rtl8xxxu_bss_info_changed: HT supported
[So Jul 26 16:27:43 2026] wlxbcfce7292407: associated
[So Jul 26 16:31:03 2026] ata1.00: failed command: WRITE FPDMA QUEUED
[So Jul 26 16:31:03 2026] ata1.00: failed command: WRITE FPDMA QUEUED
[So Jul 26 16:31:03 2026] ata1: hard resetting link
[So Jul 26 16:31:07 2026] usbcore: deregistering interface driver rtl8xxxu
[So Jul 26 16:31:07 2026] wlxbcfce7292407: deauthenticating from b8:ec:a3:dc:73:f5 by local choice (Reason: 3=DEAUTH_LEAVING)
[So Jul 26 16:31:07 2026] usb 1-1: Device still attached, trying to reset
[So Jul 26 16:31:07 2026] usb 1-1: reset high-speed USB device number 8 using xhci_hcd
[So Jul 26 16:31:09 2026] iwlwifi 0000:03:00.0: Detected crf-id 0xbadcafe, cnv-id 0x3000000 wfpm id 0x80000000
[So Jul 26 16:31:09 2026] iwlwifi 0000:03:00.0: PCI dev 24f3/0130, rev=0x201, rfid=0xd55555d5
[So Jul 26 16:31:09 2026] iwlwifi 0000:03:00.0: Detected Intel(R) Dual Band Wireless-AC 8260
[So Jul 26 16:31:09 2026] iwlwifi 0000:03:00.0: loaded firmware version 36.c8e8e144.0 8000C-36.ucode op_mode iwlmvm
[So Jul 26 16:31:09 2026] usb 1-1: Dumping efuse for RTL8188EU (0x200 bytes):
[So Jul 26 16:31:09 2026] usb 1-1: RTL8188EU rev D (TSMC) romver 0, 1T1R, TX queues 2, WiFi=1, BT=0, GPS=0, HI PA=0
[So Jul 26 16:31:09 2026] usb 1-1: RTL8188EU MAC: bc:fc:e7:29:24:07
[So Jul 26 16:31:09 2026] usb 1-1: rtl8xxxu: Loading firmware rtlwifi/rtl8188eufw.bin
[So Jul 26 16:31:09 2026] iwlwifi 0000:03:00.0: base HW address: f4:8c:50:23:4a:74, OTP minor version: 0x4
[So Jul 26 16:31:09 2026] ieee80211 phy3: Selected rate control algorithm 'iwl-mvm-rs'
[So Jul 26 16:31:09 2026] iwlwifi 0000:03:00.0 wlp3s0: renamed from wlan0
[So Jul 26 16:31:10 2026] usbcore: registered new interface driver rtl8xxxu
[So Jul 26 16:31:10 2026] rtl8xxxu 1-1:1.0 wlxbcfce7292407: renamed from wlan0
[So Jul 26 16:31:11 2026] wlxbcfce7292407: authenticate with b8:ec:a3:dc:73:f5 (local address=bc:fc:e7:29:24:07)
[So Jul 26 16:31:11 2026] wlxbcfce7292407: send auth to b8:ec:a3:dc:73:f5 (try 1/3)
[So Jul 26 16:31:11 2026] wlxbcfce7292407: authenticated
[So Jul 26 16:31:11 2026] wlxbcfce7292407: associate with b8:ec:a3:dc:73:f5 (try 1/3)
[So Jul 26 16:31:12 2026] wlxbcfce7292407: associate with b8:ec:a3:dc:73:f5 (try 2/3)
[So Jul 26 16:31:12 2026] wlxbcfce7292407: associate with b8:ec:a3:dc:73:f5 (try 3/3)
[So Jul 26 16:31:12 2026] wlxbcfce7292407: association with b8:ec:a3:dc:73:f5 timed out
[So Jul 26 16:31:13 2026] wlxbcfce7292407: authenticate with b8:ec:a3:dc:73:f5 (local address=bc:fc:e7:29:24:07)
[So Jul 26 16:31:13 2026] wlxbcfce7292407: send auth to b8:ec:a3:dc:73:f5 (try 1/3)
[So Jul 26 16:31:13 2026] wlxbcfce7292407: authenticated
[So Jul 26 16:31:13 2026] wlxbcfce7292407: associate with b8:ec:a3:dc:73:f5 (try 1/3)
[So Jul 26 16:31:13 2026] wlxbcfce7292407: associate with b8:ec:a3:dc:73:f5 (try 2/3)
[So Jul 26 16:31:13 2026] wlxbcfce7292407: associate with b8:ec:a3:dc:73:f5 (try 3/3)
[So Jul 26 16:31:14 2026] wlxbcfce7292407: association with b8:ec:a3:dc:73:f5 timed out
[So Jul 26 16:31:21 2026] wlxbcfce7292407: authenticate with b8:ec:a3:dc:73:f5 (local address=bc:fc:e7:29:24:07)
[So Jul 26 16:31:21 2026] wlxbcfce7292407: send auth to b8:ec:a3:dc:73:f5 (try 1/3)
[So Jul 26 16:31:21 2026] wlxbcfce7292407: authenticated
[So Jul 26 16:31:21 2026] wlxbcfce7292407: associate with b8:ec:a3:dc:73:f5 (try 1/3)
[So Jul 26 16:31:21 2026] wlxbcfce7292407: RX AssocResp from b8:ec:a3:dc:73:f5 (capab=0x411 status=0 aid=40)
[So Jul 26 16:31:21 2026] usb 1-1: rtl8xxxu_bss_info_changed: HT supported
[So Jul 26 16:31:21 2026] wlxbcfce7292407: associated
[So Jul 26 16:34:08 2026] wlxbcfce7292407: deauthenticating from b8:ec:a3:dc:73:f5 by local choice (Reason: 3=DEAUTH_LEAVING)
[So Jul 26 16:34:15 2026] usb 1-1: Dumping efuse for RTL8188EU (0x200 bytes):
[So Jul 26 16:34:15 2026] usb 1-1: RTL8188EU rev D (TSMC) romver 0, 1T1R, TX queues 2, WiFi=1, BT=0, GPS=0, HI PA=0
[So Jul 26 16:34:15 2026] usb 1-1: RTL8188EU MAC: bc:fc:e7:29:24:07
[So Jul 26 16:34:15 2026] usb 1-1: rtl8xxxu: Loading firmware rtlwifi/rtl8188eufw.bin
[So Jul 26 16:34:16 2026] rtl8xxxu 1-1:1.0 wlxbcfce7292407: renamed from wlan0
[So Jul 26 16:34:26 2026] wlxbcfce7292407: authenticate with b8:ec:a3:dc:73:f5 (local address=bc:fc:e7:29:24:07)
[So Jul 26 16:34:26 2026] wlxbcfce7292407: send auth to b8:ec:a3:dc:73:f5 (try 1/3)
[So Jul 26 16:34:26 2026] wlxbcfce7292407: authenticated
[So Jul 26 16:34:26 2026] wlxbcfce7292407: associate with b8:ec:a3:dc:73:f5 (try 1/3)
[So Jul 26 16:34:26 2026] wlxbcfce7292407: associate with b8:ec:a3:dc:73:f5 (try 2/3)
[So Jul 26 16:34:27 2026] wlxbcfce7292407: associate with b8:ec:a3:dc:73:f5 (try 3/3)
[So Jul 26 16:34:27 2026] wlxbcfce7292407: association with b8:ec:a3:dc:73:f5 timed out
[So Jul 26 16:34:34 2026] wlxbcfce7292407: authenticate with b8:ec:a3:dc:73:f5 (local address=bc:fc:e7:29:24:07)
[So Jul 26 16:34:34 2026] wlxbcfce7292407: send auth to b8:ec:a3:dc:73:f5 (try 1/3)
[So Jul 26 16:34:34 2026] wlxbcfce7292407: authenticated
[So Jul 26 16:34:34 2026] wlxbcfce7292407: associate with b8:ec:a3:dc:73:f5 (try 1/3)
[So Jul 26 16:34:34 2026] wlxbcfce7292407: RX AssocResp from b8:ec:a3:dc:73:f5 (capab=0x411 status=0 aid=40)
[So Jul 26 16:34:34 2026] usb 1-1: rtl8xxxu_bss_info_changed: HT supported
[So Jul 26 16:34:34 2026] wlxbcfce7292407: associated
[So Jul 26 16:45:57 2026] wlxbcfce7292407: deauthenticating from b8:ec:a3:dc:73:f5 by local choice (Reason: 3=DEAUTH_LEAVING)
[So Jul 26 16:45:58 2026] usb 1-1: Device still attached, trying to reset
[So Jul 26 16:45:58 2026] usb 1-1: reset high-speed USB device number 9 using xhci_hcd
[So Jul 26 16:45:59 2026] usb 1-7: reset high-speed USB device number 5 using xhci_hcd
[So Jul 26 16:45:59 2026] usb 1-2: reset high-speed USB device number 3 using xhci_hcd
[So Jul 26 16:45:59 2026] usb 1-6: reset full-speed USB device number 4 using xhci_hcd
[So Jul 26 16:46:00 2026] usb 1-1: Dumping efuse for RTL8188EU (0x200 bytes):
[So Jul 26 16:46:00 2026] usb 1-1: RTL8188EU rev D (TSMC) romver 0, 1T1R, TX queues 2, WiFi=1, BT=0, GPS=0, HI PA=0
[So Jul 26 16:46:00 2026] usb 1-1: RTL8188EU MAC: bc:fc:e7:29:24:07
[So Jul 26 16:46:00 2026] usb 1-1: rtl8xxxu: Loading firmware rtlwifi/rtl8188eufw.bin
[So Jul 26 16:46:01 2026] rtl8xxxu 1-1:1.0 wlxbcfce7292407: renamed from wlan0
[So Jul 26 16:46:02 2026] wlxbcfce7292407: authenticate with b8:ec:a3:dc:73:f5 (local address=bc:fc:e7:29:24:07)
[So Jul 26 16:46:02 2026] wlxbcfce7292407: send auth to b8:ec:a3:dc:73:f5 (try 1/3)
[So Jul 26 16:46:02 2026] wlxbcfce7292407: authenticated
[So Jul 26 16:46:02 2026] wlxbcfce7292407: associate with b8:ec:a3:dc:73:f5 (try 1/3)
[So Jul 26 16:46:02 2026] wlxbcfce7292407: RX AssocResp from b8:ec:a3:dc:73:f5 (capab=0x411 status=0 aid=46)
[So Jul 26 16:46:02 2026] usb 1-1: rtl8xxxu_bss_info_changed: HT supported
[So Jul 26 16:46:02 2026] wlxbcfce7292407: associated
[So Jul 26 16:49:04 2026] ata1.00: failed command: WRITE FPDMA QUEUED
[So Jul 26 16:49:04 2026] ata1.00: failed command: READ FPDMA QUEUED
[So Jul 26 16:49:04 2026] ata1.00: failed command: WRITE FPDMA QUEUED
[So Jul 26 16:49:04 2026] ata1: hard resetting link
[So Jul 26 16:51:10 2026] ata1.00: failed command: WRITE FPDMA QUEUED
[So Jul 26 16:51:10 2026] ata1.00: failed command: WRITE FPDMA QUEUED
[So Jul 26 16:51:10 2026] ata1.00: failed command: WRITE FPDMA QUEUED
[So Jul 26 16:51:10 2026] ata1.00: failed command: WRITE FPDMA QUEUED
[So Jul 26 16:51:10 2026] ata1: hard resetting link
[So Jul 26 16:55:11 2026] ata1.00: failed command: WRITE FPDMA QUEUED
[So Jul 26 16:55:11 2026] ata1.00: failed command: WRITE FPDMA QUEUED
[So Jul 26 16:55:11 2026] ata1.00: failed command: WRITE FPDMA QUEUED
[So Jul 26 16:55:11 2026] ata1: hard resetting link
[So Jul 26 17:02:36 2026] ata1.00: failed command: WRITE FPDMA QUEUED
[So Jul 26 17:02:36 2026] ata1: hard resetting link
[So Jul 26 17:02:36 2026] ata1.00: failed command: WRITE FPDMA QUEUED
[So Jul 26 17:02:36 2026] ata1: hard resetting link
[So Jul 26 15:53:33 2026] systemd[1]: Listening on systemd-factory-reset.socket - Factory Reset Management.
[So Jul 26 15:53:36 2026] Bluetooth: hci0: Reading supported features failed (-16)
[So Jul 26 16:10:37 2026] cfg80211: Loading compiled-in X.509 certificates for regulatory database
[So Jul 26 16:10:37 2026] usb 1-1: Dumping efuse for RTL8188EU (0x200 bytes):
[So Jul 26 16:10:37 2026] usb 1-1: RTL8188EU rev D (TSMC) romver 0, 1T1R, TX queues 2, WiFi=1, BT=0, GPS=0, HI PA=0
[So Jul 26 16:10:37 2026] usb 1-1: RTL8188EU MAC: bc:fc:e7:29:24:07
[So Jul 26 16:10:37 2026] usb 1-1: rtl8xxxu: Loading firmware rtlwifi/rtl8188eufw.bin
[So Jul 26 16:10:38 2026] usbcore: registered new interface driver rtl8xxxu
[So Jul 26 16:10:38 2026] rtl8xxxu 1-1:1.0 wlxbcfce7292407: renamed from wlan0
[So Jul 26 16:10:43 2026] wlxbcfce7292407: authenticate with b8:ec:a3:dc:73:f5 (local address=bc:fc:e7:29:24:07)
[So Jul 26 16:10:43 2026] wlxbcfce7292407: send auth to b8:ec:a3:dc:73:f5 (try 1/3)
[So Jul 26 16:10:43 2026] wlxbcfce7292407: authenticated
[So Jul 26 16:10:43 2026] wlxbcfce7292407: associate with b8:ec:a3:dc:73:f5 (try 1/3)
[So Jul 26 16:10:43 2026] wlxbcfce7292407: RX AssocResp from b8:ec:a3:dc:73:f5 (capab=0x411 status=0 aid=40)
[So Jul 26 16:10:43 2026] usb 1-1: rtl8xxxu_bss_info_changed: HT supported
[So Jul 26 16:10:43 2026] wlxbcfce7292407: associated
[So Jul 26 16:10:47 2026] iwlwifi 0000:03:00.0: enabling device (0000 -> 0002)
[So Jul 26 16:10:47 2026] iwlwifi 0000:03:00.0: Detected crf-id 0xbadcafe, cnv-id 0x3000000 wfpm id 0x80000000
[So Jul 26 16:10:47 2026] iwlwifi 0000:03:00.0: PCI dev 24f3/0130, rev=0x201, rfid=0xd55555d5
[So Jul 26 16:10:47 2026] iwlwifi 0000:03:00.0: Detected Intel(R) Dual Band Wireless-AC 8260
[So Jul 26 16:10:47 2026] iwlwifi 0000:03:00.0: loaded firmware version 36.c8e8e144.0 8000C-36.ucode op_mode iwlmvm
[So Jul 26 16:10:47 2026] iwlwifi 0000:03:00.0: base HW address: f4:8c:50:23:4a:74, OTP minor version: 0x4
[So Jul 26 16:10:48 2026] ieee80211 phy1: Selected rate control algorithm 'iwl-mvm-rs'
[So Jul 26 16:10:48 2026] iwlwifi 0000:03:00.0 wlp3s0: renamed from wlan0
[So Jul 26 16:11:10 2026] wlxbcfce7292407: deauthenticating from b8:ec:a3:dc:73:f5 by local choice (Reason: 3=DEAUTH_LEAVING)
[So Jul 26 16:11:12 2026] wlxbcfce7292407: authenticate with b8:ec:a3:dc:73:f5 (local address=bc:fc:e7:29:24:07)
[So Jul 26 16:11:12 2026] wlxbcfce7292407: send auth to b8:ec:a3:dc:73:f5 (try 1/3)
[So Jul 26 16:11:12 2026] wlxbcfce7292407: authenticated
[So Jul 26 16:11:12 2026] wlxbcfce7292407: associate with b8:ec:a3:dc:73:f5 (try 1/3)
[So Jul 26 16:11:12 2026] wlxbcfce7292407: RX AssocResp from b8:ec:a3:dc:73:f5 (capab=0x411 status=0 aid=40)
[So Jul 26 16:11:12 2026] usb 1-1: rtl8xxxu_bss_info_changed: HT supported
[So Jul 26 16:11:12 2026] wlxbcfce7292407: associated
[So Jul 26 16:11:15 2026] wlp3s0: authenticate with b8:ec:a3:dc:73:f5 (local address=f4:8c:50:23:4a:74)
[So Jul 26 16:11:15 2026] wlp3s0: send auth to b8:ec:a3:dc:73:f5 (try 1/3)
[So Jul 26 16:11:15 2026] wlp3s0: authenticated
[So Jul 26 16:11:15 2026] wlp3s0: associate with b8:ec:a3:dc:73:f5 (try 1/3)
[So Jul 26 16:11:15 2026] wlp3s0: RX AssocResp from b8:ec:a3:dc:73:f5 (capab=0x411 status=0 aid=45)
[So Jul 26 16:11:15 2026] wlp3s0: associated
[So Jul 26 16:11:29 2026] wlp3s0: authenticate with b8:ec:a3:dc:73:f5 (local address=f4:8c:50:23:4a:74)
[So Jul 26 16:11:29 2026] wlp3s0: send auth to b8:ec:a3:dc:73:f5 (try 1/3)
[So Jul 26 16:11:29 2026] wlp3s0: authenticated
[So Jul 26 16:11:29 2026] wlp3s0: associate with b8:ec:a3:dc:73:f5 (try 1/3)
[So Jul 26 16:11:29 2026] wlp3s0: associate with b8:ec:a3:dc:73:f5 (try 2/3)
[So Jul 26 16:11:29 2026] wlp3s0: associate with b8:ec:a3:dc:73:f5 (try 3/3)
[So Jul 26 16:11:29 2026] wlp3s0: association with b8:ec:a3:dc:73:f5 timed out
[So Jul 26 16:12:16 2026] wlp3s0: authenticate with b8:ec:a3:dc:73:f5 (local address=f4:8c:50:23:4a:74)
[So Jul 26 16:12:16 2026] wlp3s0: send auth to b8:ec:a3:dc:73:f5 (try 1/3)
[So Jul 26 16:12:16 2026] wlp3s0: authenticated
[So Jul 26 16:12:16 2026] wlp3s0: associate with b8:ec:a3:dc:73:f5 (try 1/3)
[So Jul 26 16:12:16 2026] wlp3s0: RX AssocResp from b8:ec:a3:dc:73:f5 (capab=0x411 status=0 aid=45)
[So Jul 26 16:12:16 2026] wlp3s0: associated
[So Jul 26 16:12:23 2026] wlp3s0: Connection to AP b8:ec:a3:dc:73:f5 lost
[So Jul 26 16:20:45 2026] ata1.00: failed command: WRITE FPDMA QUEUED
[So Jul 26 16:20:45 2026] ata1: hard resetting link
[So Jul 26 16:27:35 2026] wlxbcfce7292407: authenticate with b8:ec:a3:dc:73:f5 (local address=bc:fc:e7:29:24:07)
[So Jul 26 16:27:35 2026] wlxbcfce7292407: send auth to b8:ec:a3:dc:73:f5 (try 1/3)
[So Jul 26 16:27:35 2026] wlxbcfce7292407: authenticated
[So Jul 26 16:27:35 2026] wlxbcfce7292407: associate with b8:ec:a3:dc:73:f5 (try 1/3)
[So Jul 26 16:27:35 2026] wlxbcfce7292407: associate with b8:ec:a3:dc:73:f5 (try 2/3)
[So Jul 26 16:27:35 2026] wlxbcfce7292407: associate with b8:ec:a3:dc:73:f5 (try 3/3)
[So Jul 26 16:27:35 2026] wlxbcfce7292407: association with b8:ec:a3:dc:73:f5 timed out
[So Jul 26 16:27:43 2026] wlxbcfce7292407: authenticate with b8:ec:a3:dc:73:f5 (local address=bc:fc:e7:29:24:07)
[So Jul 26 16:27:43 2026] wlxbcfce7292407: send auth to b8:ec:a3:dc:73:f5 (try 1/3)
[So Jul 26 16:27:43 2026] wlxbcfce7292407: authenticated
[So Jul 26 16:27:43 2026] wlxbcfce7292407: associate with b8:ec:a3:dc:73:f5 (try 1/3)
[So Jul 26 16:27:43 2026] wlxbcfce7292407: RX AssocResp from b8:ec:a3:dc:73:f5 (capab=0x411 status=0 aid=40)
[So Jul 26 16:27:43 2026] usb 1-1: rtl8xxxu_bss_info_changed: HT supported
[So Jul 26 16:27:43 2026] wlxbcfce7292407: associated
[So Jul 26 16:31:03 2026] ata1.00: failed command: WRITE FPDMA QUEUED
[So Jul 26 16:31:03 2026] ata1.00: failed command: WRITE FPDMA QUEUED
[So Jul 26 16:31:03 2026] ata1: hard resetting link
[So Jul 26 16:31:07 2026] usbcore: deregistering interface driver rtl8xxxu
[So Jul 26 16:31:07 2026] wlxbcfce7292407: deauthenticating from b8:ec:a3:dc:73:f5 by local choice (Reason: 3=DEAUTH_LEAVING)
[So Jul 26 16:31:07 2026] usb 1-1: Device still attached, trying to reset
[So Jul 26 16:31:07 2026] usb 1-1: reset high-speed USB device number 8 using xhci_hcd
[So Jul 26 16:31:09 2026] iwlwifi 0000:03:00.0: Detected crf-id 0xbadcafe, cnv-id 0x3000000 wfpm id 0x80000000
[So Jul 26 16:31:09 2026] iwlwifi 0000:03:00.0: PCI dev 24f3/0130, rev=0x201, rfid=0xd55555d5
[So Jul 26 16:31:09 2026] iwlwifi 0000:03:00.0: Detected Intel(R) Dual Band Wireless-AC 8260
[So Jul 26 16:31:09 2026] iwlwifi 0000:03:00.0: loaded firmware version 36.c8e8e144.0 8000C-36.ucode op_mode iwlmvm
[So Jul 26 16:31:09 2026] usb 1-1: Dumping efuse for RTL8188EU (0x200 bytes):
[So Jul 26 16:31:09 2026] usb 1-1: RTL8188EU rev D (TSMC) romver 0, 1T1R, TX queues 2, WiFi=1, BT=0, GPS=0, HI PA=0
[So Jul 26 16:31:09 2026] usb 1-1: RTL8188EU MAC: bc:fc:e7:29:24:07
[So Jul 26 16:31:09 2026] usb 1-1: rtl8xxxu: Loading firmware rtlwifi/rtl8188eufw.bin
[So Jul 26 16:31:09 2026] iwlwifi 0000:03:00.0: base HW address: f4:8c:50:23:4a:74, OTP minor version: 0x4
[So Jul 26 16:31:09 2026] ieee80211 phy3: Selected rate control algorithm 'iwl-mvm-rs'
[So Jul 26 16:31:09 2026] iwlwifi 0000:03:00.0 wlp3s0: renamed from wlan0
[So Jul 26 16:31:10 2026] usbcore: registered new interface driver rtl8xxxu
[So Jul 26 16:31:10 2026] rtl8xxxu 1-1:1.0 wlxbcfce7292407: renamed from wlan0
[So Jul 26 16:31:11 2026] wlxbcfce7292407: authenticate with b8:ec:a3:dc:73:f5 (local address=bc:fc:e7:29:24:07)
[So Jul 26 16:31:11 2026] wlxbcfce7292407: send auth to b8:ec:a3:dc:73:f5 (try 1/3)
[So Jul 26 16:31:11 2026] wlxbcfce7292407: authenticated
[So Jul 26 16:31:11 2026] wlxbcfce7292407: associate with b8:ec:a3:dc:73:f5 (try 1/3)
[So Jul 26 16:31:12 2026] wlxbcfce7292407: associate with b8:ec:a3:dc:73:f5 (try 2/3)
[So Jul 26 16:31:12 2026] wlxbcfce7292407: associate with b8:ec:a3:dc:73:f5 (try 3/3)
[So Jul 26 16:31:12 2026] wlxbcfce7292407: association with b8:ec:a3:dc:73:f5 timed out
[So Jul 26 16:31:13 2026] wlxbcfce7292407: authenticate with b8:ec:a3:dc:73:f5 (local address=bc:fc:e7:29:24:07)
[So Jul 26 16:31:13 2026] wlxbcfce7292407: send auth to b8:ec:a3:dc:73:f5 (try 1/3)
[So Jul 26 16:31:13 2026] wlxbcfce7292407: authenticated
[So Jul 26 16:31:13 2026] wlxbcfce7292407: associate with b8:ec:a3:dc:73:f5 (try 1/3)
[So Jul 26 16:31:13 2026] wlxbcfce7292407: associate with b8:ec:a3:dc:73:f5 (try 2/3)
[So Jul 26 16:31:13 2026] wlxbcfce7292407: associate with b8:ec:a3:dc:73:f5 (try 3/3)
[So Jul 26 16:31:14 2026] wlxbcfce7292407: association with b8:ec:a3:dc:73:f5 timed out
[So Jul 26 16:31:21 2026] wlxbcfce7292407: authenticate with b8:ec:a3:dc:73:f5 (local address=bc:fc:e7:29:24:07)
[So Jul 26 16:31:21 2026] wlxbcfce7292407: send auth to b8:ec:a3:dc:73:f5 (try 1/3)
[So Jul 26 16:31:21 2026] wlxbcfce7292407: authenticated
[So Jul 26 16:31:21 2026] wlxbcfce7292407: associate with b8:ec:a3:dc:73:f5 (try 1/3)
[So Jul 26 16:31:21 2026] wlxbcfce7292407: RX AssocResp from b8:ec:a3:dc:73:f5 (capab=0x411 status=0 aid=40)
[So Jul 26 16:31:21 2026] usb 1-1: rtl8xxxu_bss_info_changed: HT supported
[So Jul 26 16:31:21 2026] wlxbcfce7292407: associated
[So Jul 26 16:34:08 2026] wlxbcfce7292407: deauthenticating from b8:ec:a3:dc:73:f5 by local choice (Reason: 3=DEAUTH_LEAVING)
[So Jul 26 16:34:15 2026] usb 1-1: Dumping efuse for RTL8188EU (0x200 bytes):
[So Jul 26 16:34:15 2026] usb 1-1: RTL8188EU rev D (TSMC) romver 0, 1T1R, TX queues 2, WiFi=1, BT=0, GPS=0, HI PA=0
[So Jul 26 16:34:15 2026] usb 1-1: RTL8188EU MAC: bc:fc:e7:29:24:07
[So Jul 26 16:34:15 2026] usb 1-1: rtl8xxxu: Loading firmware rtlwifi/rtl8188eufw.bin
[So Jul 26 16:34:16 2026] rtl8xxxu 1-1:1.0 wlxbcfce7292407: renamed from wlan0
[So Jul 26 16:34:26 2026] wlxbcfce7292407: authenticate with b8:ec:a3:dc:73:f5 (local address=bc:fc:e7:29:24:07)
[So Jul 26 16:34:26 2026] wlxbcfce7292407: send auth to b8:ec:a3:dc:73:f5 (try 1/3)
[So Jul 26 16:34:26 2026] wlxbcfce7292407: authenticated
[So Jul 26 16:34:26 2026] wlxbcfce7292407: associate with b8:ec:a3:dc:73:f5 (try 1/3)
[So Jul 26 16:34:26 2026] wlxbcfce7292407: associate with b8:ec:a3:dc:73:f5 (try 2/3)
[So Jul 26 16:34:27 2026] wlxbcfce7292407: associate with b8:ec:a3:dc:73:f5 (try 3/3)
[So Jul 26 16:34:27 2026] wlxbcfce7292407: association with b8:ec:a3:dc:73:f5 timed out
[So Jul 26 16:34:34 2026] wlxbcfce7292407: authenticate with b8:ec:a3:dc:73:f5 (local address=bc:fc:e7:29:24:07)
[So Jul 26 16:34:34 2026] wlxbcfce7292407: send auth to b8:ec:a3:dc:73:f5 (try 1/3)
[So Jul 26 16:34:34 2026] wlxbcfce7292407: authenticated
[So Jul 26 16:34:34 2026] wlxbcfce7292407: associate with b8:ec:a3:dc:73:f5 (try 1/3)
[So Jul 26 16:34:34 2026] wlxbcfce7292407: RX AssocResp from b8:ec:a3:dc:73:f5 (capab=0x411 status=0 aid=40)
[So Jul 26 16:34:34 2026] usb 1-1: rtl8xxxu_bss_info_changed: HT supported
[So Jul 26 16:34:34 2026] wlxbcfce7292407: associated
[So Jul 26 16:45:57 2026] wlxbcfce7292407: deauthenticating from b8:ec:a3:dc:73:f5 by local choice (Reason: 3=DEAUTH_LEAVING)
[So Jul 26 16:45:58 2026] usb 1-1: Device still attached, trying to reset
[So Jul 26 16:45:58 2026] usb 1-1: reset high-speed USB device number 9 using xhci_hcd
[So Jul 26 16:45:59 2026] usb 1-7: reset high-speed USB device number 5 using xhci_hcd
[So Jul 26 16:45:59 2026] usb 1-2: reset high-speed USB device number 3 using xhci_hcd
[So Jul 26 16:45:59 2026] usb 1-6: reset full-speed USB device number 4 using xhci_hcd
[So Jul 26 16:46:00 2026] usb 1-1: Dumping efuse for RTL8188EU (0x200 bytes):
[So Jul 26 16:46:00 2026] usb 1-1: RTL8188EU rev D (TSMC) romver 0, 1T1R, TX queues 2, WiFi=1, BT=0, GPS=0, HI PA=0
[So Jul 26 16:46:00 2026] usb 1-1: RTL8188EU MAC: bc:fc:e7:29:24:07
[So Jul 26 16:46:00 2026] usb 1-1: rtl8xxxu: Loading firmware rtlwifi/rtl8188eufw.bin
[So Jul 26 16:46:01 2026] rtl8xxxu 1-1:1.0 wlxbcfce7292407: renamed from wlan0
[So Jul 26 16:46:02 2026] wlxbcfce7292407: authenticate with b8:ec:a3:dc:73:f5 (local address=bc:fc:e7:29:24:07)
[So Jul 26 16:46:02 2026] wlxbcfce7292407: send auth to b8:ec:a3:dc:73:f5 (try 1/3)
[So Jul 26 16:46:02 2026] wlxbcfce7292407: authenticated
[So Jul 26 16:46:02 2026] wlxbcfce7292407: associate with b8:ec:a3:dc:73:f5 (try 1/3)
[So Jul 26 16:46:02 2026] wlxbcfce7292407: RX AssocResp from b8:ec:a3:dc:73:f5 (capab=0x411 status=0 aid=46)
[So Jul 26 16:46:02 2026] usb 1-1: rtl8xxxu_bss_info_changed: HT supported
[So Jul 26 16:46:02 2026] wlxbcfce7292407: associated
[So Jul 26 16:49:04 2026] ata1.00: failed command: WRITE FPDMA QUEUED
[So Jul 26 16:49:04 2026] ata1.00: failed command: READ FPDMA QUEUED
[So Jul 26 16:49:04 2026] ata1.00: failed command: WRITE FPDMA QUEUED
[So Jul 26 16:49:04 2026] ata1: hard resetting link
[So Jul 26 16:51:10 2026] ata1.00: failed command: WRITE FPDMA QUEUED
[So Jul 26 16:51:10 2026] ata1.00: failed command: WRITE FPDMA QUEUED
[So Jul 26 16:51:10 2026] ata1.00: failed command: WRITE FPDMA QUEUED
[So Jul 26 16:51:10 2026] ata1.00: failed command: WRITE FPDMA QUEUED
[So Jul 26 16:51:10 2026] ata1: hard resetting link
[So Jul 26 16:55:11 2026] ata1.00: failed command: WRITE FPDMA QUEUED
[So Jul 26 16:55:11 2026] ata1.00: failed command: WRITE FPDMA QUEUED
[So Jul 26 16:55:11 2026] ata1.00: failed command: WRITE FPDMA QUEUED
[So Jul 26 16:55:11 2026] ata1: hard resetting link
[So Jul 26 17:02:36 2026] ata1.00: failed command: WRITE FPDMA QUEUED
[So Jul 26 17:02:36 2026] ata1: hard resetting link
[So Jul 26 17:02:36 2026] ata1.00: failed command: WRITE FPDMA QUEUED
[So Jul 26 17:02:36 2026] ata1: hard resetting link
[So Jul 26 15:53:33 2026] systemd[1]: Listening on systemd-factory-reset.socket - Factory Reset Management.
[So Jul 26 15:53:36 2026] Bluetooth: hci0: Reading supported features failed (-16)
[So Jul 26 16:10:37 2026] cfg80211: Loading compiled-in X.509 certificates for regulatory database
[So Jul 26 16:10:37 2026] usb 1-1: Dumping efuse for RTL8188EU (0x200 bytes):
[So Jul 26 16:10:37 2026] usb 1-1: RTL8188EU rev D (TSMC) romver 0, 1T1R, TX queues 2, WiFi=1, BT=0, GPS=0, HI PA=0
[So Jul 26 16:10:37 2026] usb 1-1: RTL8188EU MAC: bc:fc:e7:29:24:07
[So Jul 26 16:10:37 2026] usb 1-1: rtl8xxxu: Loading firmware rtlwifi/rtl8188eufw.bin
[So Jul 26 16:10:38 2026] usbcore: registered new interface driver rtl8xxxu
[So Jul 26 16:10:38 2026] rtl8xxxu 1-1:1.0 wlxbcfce7292407: renamed from wlan0
[So Jul 26 16:10:43 2026] wlxbcfce7292407: authenticate with b8:ec:a3:dc:73:f5 (local address=bc:fc:e7:29:24:07)
[So Jul 26 16:10:43 2026] wlxbcfce7292407: send auth to b8:ec:a3:dc:73:f5 (try 1/3)
[So Jul 26 16:10:43 2026] wlxbcfce7292407: authenticated
[So Jul 26 16:10:43 2026] wlxbcfce7292407: associate with b8:ec:a3:dc:73:f5 (try 1/3)
[So Jul 26 16:10:43 2026] wlxbcfce7292407: RX AssocResp from b8:ec:a3:dc:73:f5 (capab=0x411 status=0 aid=40)
[So Jul 26 16:10:43 2026] usb 1-1: rtl8xxxu_bss_info_changed: HT supported
[So Jul 26 16:10:43 2026] wlxbcfce7292407: associated
[So Jul 26 16:10:47 2026] iwlwifi 0000:03:00.0: enabling device (0000 -> 0002)
[So Jul 26 16:10:47 2026] iwlwifi 0000:03:00.0: Detected crf-id 0xbadcafe, cnv-id 0x3000000 wfpm id 0x80000000
[So Jul 26 16:10:47 2026] iwlwifi 0000:03:00.0: PCI dev 24f3/0130, rev=0x201, rfid=0xd55555d5
[So Jul 26 16:10:47 2026] iwlwifi 0000:03:00.0: Detected Intel(R) Dual Band Wireless-AC 8260
[So Jul 26 16:10:47 2026] iwlwifi 0000:03:00.0: loaded firmware version 36.c8e8e144.0 8000C-36.ucode op_mode iwlmvm
[So Jul 26 16:10:47 2026] iwlwifi 0000:03:00.0: base HW address: f4:8c:50:23:4a:74, OTP minor version: 0x4
[So Jul 26 16:10:48 2026] ieee80211 phy1: Selected rate control algorithm 'iwl-mvm-rs'
[So Jul 26 16:10:48 2026] iwlwifi 0000:03:00.0 wlp3s0: renamed from wlan0
[So Jul 26 16:11:10 2026] wlxbcfce7292407: deauthenticating from b8:ec:a3:dc:73:f5 by local choice (Reason: 3=DEAUTH_LEAVING)
[So Jul 26 16:11:12 2026] wlxbcfce7292407: authenticate with b8:ec:a3:dc:73:f5 (local address=bc:fc:e7:29:24:07)
[So Jul 26 16:11:12 2026] wlxbcfce7292407: send auth to b8:ec:a3:dc:73:f5 (try 1/3)
[So Jul 26 16:11:12 2026] wlxbcfce7292407: authenticated
[So Jul 26 16:11:12 2026] wlxbcfce7292407: associate with b8:ec:a3:dc:73:f5 (try 1/3)
[So Jul 26 16:11:12 2026] wlxbcfce7292407: RX AssocResp from b8:ec:a3:dc:73:f5 (capab=0x411 status=0 aid=40)
[So Jul 26 16:11:12 2026] usb 1-1: rtl8xxxu_bss_info_changed: HT supported
[So Jul 26 16:11:12 2026] wlxbcfce7292407: associated
[So Jul 26 16:11:15 2026] wlp3s0: authenticate with b8:ec:a3:dc:73:f5 (local address=f4:8c:50:23:4a:74)
[So Jul 26 16:11:15 2026] wlp3s0: send auth to b8:ec:a3:dc:73:f5 (try 1/3)
[So Jul 26 16:11:15 2026] wlp3s0: authenticated
[So Jul 26 16:11:15 2026] wlp3s0: associate with b8:ec:a3:dc:73:f5 (try 1/3)
[So Jul 26 16:11:15 2026] wlp3s0: RX AssocResp from b8:ec:a3:dc:73:f5 (capab=0x411 status=0 aid=45)
[So Jul 26 16:11:15 2026] wlp3s0: associated
[So Jul 26 16:11:29 2026] wlp3s0: authenticate with b8:ec:a3:dc:73:f5 (local address=f4:8c:50:23:4a:74)
[So Jul 26 16:11:29 2026] wlp3s0: send auth to b8:ec:a3:dc:73:f5 (try 1/3)
[So Jul 26 16:11:29 2026] wlp3s0: authenticated
[So Jul 26 16:11:29 2026] wlp3s0: associate with b8:ec:a3:dc:73:f5 (try 1/3)
[So Jul 26 16:11:29 2026] wlp3s0: associate with b8:ec:a3:dc:73:f5 (try 2/3)
[So Jul 26 16:11:29 2026] wlp3s0: associate with b8:ec:a3:dc:73:f5 (try 3/3)
[So Jul 26 16:11:29 2026] wlp3s0: association with b8:ec:a3:dc:73:f5 timed out
[So Jul 26 16:12:16 2026] wlp3s0: authenticate with b8:ec:a3:dc:73:f5 (local address=f4:8c:50:23:4a:74)
[So Jul 26 16:12:16 2026] wlp3s0: send auth to b8:ec:a3:dc:73:f5 (try 1/3)
[So Jul 26 16:12:16 2026] wlp3s0: authenticated
[So Jul 26 16:12:16 2026] wlp3s0: associate with b8:ec:a3:dc:73:f5 (try 1/3)
[So Jul 26 16:12:16 2026] wlp3s0: RX AssocResp from b8:ec:a3:dc:73:f5 (capab=0x411 status=0 aid=45)
[So Jul 26 16:12:16 2026] wlp3s0: associated
[So Jul 26 16:12:23 2026] wlp3s0: Connection to AP b8:ec:a3:dc:73:f5 lost
[So Jul 26 16:20:45 2026] ata1.00: failed command: WRITE FPDMA QUEUED
[So Jul 26 16:20:45 2026] ata1: hard resetting link
[So Jul 26 16:27:35 2026] wlxbcfce7292407: authenticate with b8:ec:a3:dc:73:f5 (local address=bc:fc:e7:29:24:07)
[So Jul 26 16:27:35 2026] wlxbcfce7292407: send auth to b8:ec:a3:dc:73:f5 (try 1/3)
[So Jul 26 16:27:35 2026] wlxbcfce7292407: authenticated
[So Jul 26 16:27:35 2026] wlxbcfce7292407: associate with b8:ec:a3:dc:73:f5 (try 1/3)
[So Jul 26 16:27:35 2026] wlxbcfce7292407: associate with b8:ec:a3:dc:73:f5 (try 2/3)
[So Jul 26 16:27:35 2026] wlxbcfce7292407: associate with b8:ec:a3:dc:73:f5 (try 3/3)
[So Jul 26 16:27:35 2026] wlxbcfce7292407: association with b8:ec:a3:dc:73:f5 timed out
[So Jul 26 16:27:43 2026] wlxbcfce7292407: authenticate with b8:ec:a3:dc:73:f5 (local address=bc:fc:e7:29:24:07)
[So Jul 26 16:27:43 2026] wlxbcfce7292407: send auth to b8:ec:a3:dc:73:f5 (try 1/3)
[So Jul 26 16:27:43 2026] wlxbcfce7292407: authenticated
[So Jul 26 16:27:43 2026] wlxbcfce7292407: associate with b8:ec:a3:dc:73:f5 (try 1/3)
[So Jul 26 16:27:43 2026] wlxbcfce7292407: RX AssocResp from b8:ec:a3:dc:73:f5 (capab=0x411 status=0 aid=40)
[So Jul 26 16:27:43 2026] usb 1-1: rtl8xxxu_bss_info_changed: HT supported
[So Jul 26 16:27:43 2026] wlxbcfce7292407: associated
[So Jul 26 16:31:03 2026] ata1.00: failed command: WRITE FPDMA QUEUED
[So Jul 26 16:31:03 2026] ata1.00: failed command: WRITE FPDMA QUEUED
[So Jul 26 16:31:03 2026] ata1: hard resetting link
[So Jul 26 16:31:07 2026] usbcore: deregistering interface driver rtl8xxxu
[So Jul 26 16:31:07 2026] wlxbcfce7292407: deauthenticating from b8:ec:a3:dc:73:f5 by local choice (Reason: 3=DEAUTH_LEAVING)
[So Jul 26 16:31:07 2026] usb 1-1: Device still attached, trying to reset
[So Jul 26 16:31:07 2026] usb 1-1: reset high-speed USB device number 8 using xhci_hcd
[So Jul 26 16:31:09 2026] iwlwifi 0000:03:00.0: Detected crf-id 0xbadcafe, cnv-id 0x3000000 wfpm id 0x80000000
[So Jul 26 16:31:09 2026] iwlwifi 0000:03:00.0: PCI dev 24f3/0130, rev=0x201, rfid=0xd55555d5
[So Jul 26 16:31:09 2026] iwlwifi 0000:03:00.0: Detected Intel(R) Dual Band Wireless-AC 8260
[So Jul 26 16:31:09 2026] iwlwifi 0000:03:00.0: loaded firmware version 36.c8e8e144.0 8000C-36.ucode op_mode iwlmvm
[So Jul 26 16:31:09 2026] usb 1-1: Dumping efuse for RTL8188EU (0x200 bytes):
[So Jul 26 16:31:09 2026] usb 1-1: RTL8188EU rev D (TSMC) romver 0, 1T1R, TX queues 2, WiFi=1, BT=0, GPS=0, HI PA=0
[So Jul 26 16:31:09 2026] usb 1-1: RTL8188EU MAC: bc:fc:e7:29:24:07
[So Jul 26 16:31:09 2026] usb 1-1: rtl8xxxu: Loading firmware rtlwifi/rtl8188eufw.bin
[So Jul 26 16:31:09 2026] iwlwifi 0000:03:00.0: base HW address: f4:8c:50:23:4a:74, OTP minor version: 0x4
[So Jul 26 16:31:09 2026] ieee80211 phy3: Selected rate control algorithm 'iwl-mvm-rs'
[So Jul 26 16:31:09 2026] iwlwifi 0000:03:00.0 wlp3s0: renamed from wlan0
[So Jul 26 16:31:10 2026] usbcore: registered new interface driver rtl8xxxu
[So Jul 26 16:31:10 2026] rtl8xxxu 1-1:1.0 wlxbcfce7292407: renamed from wlan0
[So Jul 26 16:31:11 2026] wlxbcfce7292407: authenticate with b8:ec:a3:dc:73:f5 (local address=bc:fc:e7:29:24:07)
[So Jul 26 16:31:11 2026] wlxbcfce7292407: send auth to b8:ec:a3:dc:73:f5 (try 1/3)
[So Jul 26 16:31:11 2026] wlxbcfce7292407: authenticated
[So Jul 26 16:31:11 2026] wlxbcfce7292407: associate with b8:ec:a3:dc:73:f5 (try 1/3)
[So Jul 26 16:31:12 2026] wlxbcfce7292407: associate with b8:ec:a3:dc:73:f5 (try 2/3)
[So Jul 26 16:31:12 2026] wlxbcfce7292407: associate with b8:ec:a3:dc:73:f5 (try 3/3)
[So Jul 26 16:31:12 2026] wlxbcfce7292407: association with b8:ec:a3:dc:73:f5 timed out
[So Jul 26 16:31:13 2026] wlxbcfce7292407: authenticate with b8:ec:a3:dc:73:f5 (local address=bc:fc:e7:29:24:07)
[So Jul 26 16:31:13 2026] wlxbcfce7292407: send auth to b8:ec:a3:dc:73:f5 (try 1/3)
[So Jul 26 16:31:13 2026] wlxbcfce7292407: authenticated
[So Jul 26 16:31:13 2026] wlxbcfce7292407: associate with b8:ec:a3:dc:73:f5 (try 1/3)
[So Jul 26 16:31:13 2026] wlxbcfce7292407: associate with b8:ec:a3:dc:73:f5 (try 2/3)
[So Jul 26 16:31:13 2026] wlxbcfce7292407: associate with b8:ec:a3:dc:73:f5 (try 3/3)
[So Jul 26 16:31:14 2026] wlxbcfce7292407: association with b8:ec:a3:dc:73:f5 timed out
[So Jul 26 16:31:21 2026] wlxbcfce7292407: authenticate with b8:ec:a3:dc:73:f5 (local address=bc:fc:e7:29:24:07)
[So Jul 26 16:31:21 2026] wlxbcfce7292407: send auth to b8:ec:a3:dc:73:f5 (try 1/3)
[So Jul 26 16:31:21 2026] wlxbcfce7292407: authenticated
[So Jul 26 16:31:21 2026] wlxbcfce7292407: associate with b8:ec:a3:dc:73:f5 (try 1/3)
[So Jul 26 16:31:21 2026] wlxbcfce7292407: RX AssocResp from b8:ec:a3:dc:73:f5 (capab=0x411 status=0 aid=40)
[So Jul 26 16:31:21 2026] usb 1-1: rtl8xxxu_bss_info_changed: HT supported
[So Jul 26 16:31:21 2026] wlxbcfce7292407: associated
[So Jul 26 16:34:08 2026] wlxbcfce7292407: deauthenticating from b8:ec:a3:dc:73:f5 by local choice (Reason: 3=DEAUTH_LEAVING)
[So Jul 26 16:34:15 2026] usb 1-1: Dumping efuse for RTL8188EU (0x200 bytes):
[So Jul 26 16:34:15 2026] usb 1-1: RTL8188EU rev D (TSMC) romver 0, 1T1R, TX queues 2, WiFi=1, BT=0, GPS=0, HI PA=0
[So Jul 26 16:34:15 2026] usb 1-1: RTL8188EU MAC: bc:fc:e7:29:24:07
[So Jul 26 16:34:15 2026] usb 1-1: rtl8xxxu: Loading firmware rtlwifi/rtl8188eufw.bin
[So Jul 26 16:34:16 2026] rtl8xxxu 1-1:1.0 wlxbcfce7292407: renamed from wlan0
[So Jul 26 16:34:26 2026] wlxbcfce7292407: authenticate with b8:ec:a3:dc:73:f5 (local address=bc:fc:e7:29:24:07)
[So Jul 26 16:34:26 2026] wlxbcfce7292407: send auth to b8:ec:a3:dc:73:f5 (try 1/3)
[So Jul 26 16:34:26 2026] wlxbcfce7292407: authenticated
[So Jul 26 16:34:26 2026] wlxbcfce7292407: associate with b8:ec:a3:dc:73:f5 (try 1/3)
[So Jul 26 16:34:26 2026] wlxbcfce7292407: associate with b8:ec:a3:dc:73:f5 (try 2/3)
[So Jul 26 16:34:27 2026] wlxbcfce7292407: associate with b8:ec:a3:dc:73:f5 (try 3/3)
[So Jul 26 16:34:27 2026] wlxbcfce7292407: association with b8:ec:a3:dc:73:f5 timed out
[So Jul 26 16:34:34 2026] wlxbcfce7292407: authenticate with b8:ec:a3:dc:73:f5 (local address=bc:fc:e7:29:24:07)
[So Jul 26 16:34:34 2026] wlxbcfce7292407: send auth to b8:ec:a3:dc:73:f5 (try 1/3)
[So Jul 26 16:34:34 2026] wlxbcfce7292407: authenticated
[So Jul 26 16:34:34 2026] wlxbcfce7292407: associate with b8:ec:a3:dc:73:f5 (try 1/3)
[So Jul 26 16:34:34 2026] wlxbcfce7292407: RX AssocResp from b8:ec:a3:dc:73:f5 (capab=0x411 status=0 aid=40)
[So Jul 26 16:34:34 2026] usb 1-1: rtl8xxxu_bss_info_changed: HT supported
[So Jul 26 16:34:34 2026] wlxbcfce7292407: associated
[So Jul 26 16:45:57 2026] wlxbcfce7292407: deauthenticating from b8:ec:a3:dc:73:f5 by local choice (Reason: 3=DEAUTH_LEAVING)
[So Jul 26 16:45:58 2026] usb 1-1: Device still attached, trying to reset
[So Jul 26 16:45:58 2026] usb 1-1: reset high-speed USB device number 9 using xhci_hcd
[So Jul 26 16:45:59 2026] usb 1-7: reset high-speed USB device number 5 using xhci_hcd
[So Jul 26 16:45:59 2026] usb 1-2: reset high-speed USB device number 3 using xhci_hcd
[So Jul 26 16:45:59 2026] usb 1-6: reset full-speed USB device number 4 using xhci_hcd
[So Jul 26 16:46:00 2026] usb 1-1: Dumping efuse for RTL8188EU (0x200 bytes):
[So Jul 26 16:46:00 2026] usb 1-1: RTL8188EU rev D (TSMC) romver 0, 1T1R, TX queues 2, WiFi=1, BT=0, GPS=0, HI PA=0
[So Jul 26 16:46:00 2026] usb 1-1: RTL8188EU MAC: bc:fc:e7:29:24:07
[So Jul 26 16:46:00 2026] usb 1-1: rtl8xxxu: Loading firmware rtlwifi/rtl8188eufw.bin
[So Jul 26 16:46:01 2026] rtl8xxxu 1-1:1.0 wlxbcfce7292407: renamed from wlan0
[So Jul 26 16:46:02 2026] wlxbcfce7292407: authenticate with b8:ec:a3:dc:73:f5 (local address=bc:fc:e7:29:24:07)
[So Jul 26 16:46:02 2026] wlxbcfce7292407: send auth to b8:ec:a3:dc:73:f5 (try 1/3)
[So Jul 26 16:46:02 2026] wlxbcfce7292407: authenticated
[So Jul 26 16:46:02 2026] wlxbcfce7292407: associate with b8:ec:a3:dc:73:f5 (try 1/3)
[So Jul 26 16:46:02 2026] wlxbcfce7292407: RX AssocResp from b8:ec:a3:dc:73:f5 (capab=0x411 status=0 aid=46)
[So Jul 26 16:46:02 2026] usb 1-1: rtl8xxxu_bss_info_changed: HT supported
[So Jul 26 16:46:02 2026] wlxbcfce7292407: associated
[So Jul 26 16:49:04 2026] ata1.00: failed command: WRITE FPDMA QUEUED
[So Jul 26 16:49:04 2026] ata1.00: failed command: READ FPDMA QUEUED
[So Jul 26 16:49:04 2026] ata1.00: failed command: WRITE FPDMA QUEUED
[So Jul 26 16:49:04 2026] ata1: hard resetting link
[So Jul 26 16:51:10 2026] ata1.00: failed command: WRITE FPDMA QUEUED
[So Jul 26 16:51:10 2026] ata1.00: failed command: WRITE FPDMA QUEUED
[So Jul 26 16:51:10 2026] ata1.00: failed command: WRITE FPDMA QUEUED
[So Jul 26 16:51:10 2026] ata1.00: failed command: WRITE FPDMA QUEUED
[So Jul 26 16:51:10 2026] ata1: hard resetting link
[So Jul 26 16:55:11 2026] ata1.00: failed command: WRITE FPDMA QUEUED
[So Jul 26 16:55:11 2026] ata1.00: failed command: WRITE FPDMA QUEUED
[So Jul 26 16:55:11 2026] ata1.00: failed command: WRITE FPDMA QUEUED
[So Jul 26 16:55:11 2026] ata1: hard resetting link
[So Jul 26 17:02:36 2026] ata1.00: failed command: WRITE FPDMA QUEUED
[So Jul 26 17:02:36 2026] ata1: hard resetting link
[So Jul 26 17:02:36 2026] ata1.00: failed command: WRITE FPDMA QUEUED
[So Jul 26 17:02:36 2026] ata1: hard resetting link
[So Jul 26 15:53:33 2026] systemd[1]: Listening on systemd-factory-reset.socket - Factory Reset Management.
[So Jul 26 15:53:36 2026] Bluetooth: hci0: Reading supported features failed (-16)
[So Jul 26 16:10:37 2026] cfg80211: Loading compiled-in X.509 certificates for regulatory database
[So Jul 26 16:10:37 2026] usb 1-1: Dumping efuse for RTL8188EU (0x200 bytes):
[So Jul 26 16:10:37 2026] usb 1-1: RTL8188EU rev D (TSMC) romver 0, 1T1R, TX queues 2, WiFi=1, BT=0, GPS=0, HI PA=0
[So Jul 26 16:10:37 2026] usb 1-1: RTL8188EU MAC: bc:fc:e7:29:24:07
[So Jul 26 16:10:37 2026] usb 1-1: rtl8xxxu: Loading firmware rtlwifi/rtl8188eufw.bin
[So Jul 26 16:10:38 2026] usbcore: registered new interface driver rtl8xxxu
[So Jul 26 16:10:38 2026] rtl8xxxu 1-1:1.0 wlxbcfce7292407: renamed from wlan0
[So Jul 26 16:10:43 2026] wlxbcfce7292407: authenticate with b8:ec:a3:dc:73:f5 (local address=bc:fc:e7:29:24:07)
[So Jul 26 16:10:43 2026] wlxbcfce7292407: send auth to b8:ec:a3:dc:73:f5 (try 1/3)
[So Jul 26 16:10:43 2026] wlxbcfce7292407: authenticated
[So Jul 26 16:10:43 2026] wlxbcfce7292407: associate with b8:ec:a3:dc:73:f5 (try 1/3)
[So Jul 26 16:10:43 2026] wlxbcfce7292407: RX AssocResp from b8:ec:a3:dc:73:f5 (capab=0x411 status=0 aid=40)
[So Jul 26 16:10:43 2026] usb 1-1: rtl8xxxu_bss_info_changed: HT supported
[So Jul 26 16:10:43 2026] wlxbcfce7292407: associated
[So Jul 26 16:10:47 2026] iwlwifi 0000:03:00.0: enabling device (0000 -> 0002)
[So Jul 26 16:10:47 2026] iwlwifi 0000:03:00.0: Detected crf-id 0xbadcafe, cnv-id 0x3000000 wfpm id 0x80000000
[So Jul 26 16:10:47 2026] iwlwifi 0000:03:00.0: PCI dev 24f3/0130, rev=0x201, rfid=0xd55555d5
[So Jul 26 16:10:47 2026] iwlwifi 0000:03:00.0: Detected Intel(R) Dual Band Wireless-AC 8260
[So Jul 26 16:10:47 2026] iwlwifi 0000:03:00.0: loaded firmware version 36.c8e8e144.0 8000C-36.ucode op_mode iwlmvm
[So Jul 26 16:10:47 2026] iwlwifi 0000:03:00.0: base HW address: f4:8c:50:23:4a:74, OTP minor version: 0x4
[So Jul 26 16:10:48 2026] ieee80211 phy1: Selected rate control algorithm 'iwl-mvm-rs'
[So Jul 26 16:10:48 2026] iwlwifi 0000:03:00.0 wlp3s0: renamed from wlan0
[So Jul 26 16:11:10 2026] wlxbcfce7292407: deauthenticating from b8:ec:a3:dc:73:f5 by local choice (Reason: 3=DEAUTH_LEAVING)
[So Jul 26 16:11:12 2026] wlxbcfce7292407: authenticate with b8:ec:a3:dc:73:f5 (local address=bc:fc:e7:29:24:07)
[So Jul 26 16:11:12 2026] wlxbcfce7292407: send auth to b8:ec:a3:dc:73:f5 (try 1/3)
[So Jul 26 16:11:12 2026] wlxbcfce7292407: authenticated
[So Jul 26 16:11:12 2026] wlxbcfce7292407: associate with b8:ec:a3:dc:73:f5 (try 1/3)
[So Jul 26 16:11:12 2026] wlxbcfce7292407: RX AssocResp from b8:ec:a3:dc:73:f5 (capab=0x411 status=0 aid=40)
[So Jul 26 16:11:12 2026] usb 1-1: rtl8xxxu_bss_info_changed: HT supported
[So Jul 26 16:11:12 2026] wlxbcfce7292407: associated
[So Jul 26 16:11:15 2026] wlp3s0: authenticate with b8:ec:a3:dc:73:f5 (local address=f4:8c:50:23:4a:74)
[So Jul 26 16:11:15 2026] wlp3s0: send auth to b8:ec:a3:dc:73:f5 (try 1/3)
[So Jul 26 16:11:15 2026] wlp3s0: authenticated
[So Jul 26 16:11:15 2026] wlp3s0: associate with b8:ec:a3:dc:73:f5 (try 1/3)
[So Jul 26 16:11:15 2026] wlp3s0: RX AssocResp from b8:ec:a3:dc:73:f5 (capab=0x411 status=0 aid=45)
[So Jul 26 16:11:15 2026] wlp3s0: associated
[So Jul 26 16:11:29 2026] wlp3s0: authenticate with b8:ec:a3:dc:73:f5 (local address=f4:8c:50:23:4a:74)
[So Jul 26 16:11:29 2026] wlp3s0: send auth to b8:ec:a3:dc:73:f5 (try 1/3)
[So Jul 26 16:11:29 2026] wlp3s0: authenticated
[So Jul 26 16:11:29 2026] wlp3s0: associate with b8:ec:a3:dc:73:f5 (try 1/3)
[So Jul 26 16:11:29 2026] wlp3s0: associate with b8:ec:a3:dc:73:f5 (try 2/3)
[So Jul 26 16:11:29 2026] wlp3s0: associate with b8:ec:a3:dc:73:f5 (try 3/3)
[So Jul 26 16:11:29 2026] wlp3s0: association with b8:ec:a3:dc:73:f5 timed out
[So Jul 26 16:12:16 2026] wlp3s0: authenticate with b8:ec:a3:dc:73:f5 (local address=f4:8c:50:23:4a:74)
[So Jul 26 16:12:16 2026] wlp3s0: send auth to b8:ec:a3:dc:73:f5 (try 1/3)
[So Jul 26 16:12:16 2026] wlp3s0: authenticated
[So Jul 26 16:12:16 2026] wlp3s0: associate with b8:ec:a3:dc:73:f5 (try 1/3)
[So Jul 26 16:12:16 2026] wlp3s0: RX AssocResp from b8:ec:a3:dc:73:f5 (capab=0x411 status=0 aid=45)
[So Jul 26 16:12:16 2026] wlp3s0: associated
[So Jul 26 16:12:23 2026] wlp3s0: Connection to AP b8:ec:a3:dc:73:f5 lost
[So Jul 26 16:20:45 2026] ata1.00: failed command: WRITE FPDMA QUEUED
[So Jul 26 16:20:45 2026] ata1: hard resetting link
[So Jul 26 16:27:35 2026] wlxbcfce7292407: authenticate with b8:ec:a3:dc:73:f5 (local address=bc:fc:e7:29:24:07)
[So Jul 26 16:27:35 2026] wlxbcfce7292407: send auth to b8:ec:a3:dc:73:f5 (try 1/3)
[So Jul 26 16:27:35 2026] wlxbcfce7292407: authenticated
[So Jul 26 16:27:35 2026] wlxbcfce7292407: associate with b8:ec:a3:dc:73:f5 (try 1/3)
[So Jul 26 16:27:35 2026] wlxbcfce7292407: associate with b8:ec:a3:dc:73:f5 (try 2/3)
[So Jul 26 16:27:35 2026] wlxbcfce7292407: associate with b8:ec:a3:dc:73:f5 (try 3/3)
[So Jul 26 16:27:35 2026] wlxbcfce7292407: association with b8:ec:a3:dc:73:f5 timed out
[So Jul 26 16:27:43 2026] wlxbcfce7292407: authenticate with b8:ec:a3:dc:73:f5 (local address=bc:fc:e7:29:24:07)
[So Jul 26 16:27:43 2026] wlxbcfce7292407: send auth to b8:ec:a3:dc:73:f5 (try 1/3)
[So Jul 26 16:27:43 2026] wlxbcfce7292407: authenticated
[So Jul 26 16:27:43 2026] wlxbcfce7292407: associate with b8:ec:a3:dc:73:f5 (try 1/3)
[So Jul 26 16:27:43 2026] wlxbcfce7292407: RX AssocResp from b8:ec:a3:dc:73:f5 (capab=0x411 status=0 aid=40)
[So Jul 26 16:27:43 2026] usb 1-1: rtl8xxxu_bss_info_changed: HT supported
[So Jul 26 16:27:43 2026] wlxbcfce7292407: associated
[So Jul 26 16:31:03 2026] ata1.00: failed command: WRITE FPDMA QUEUED
[So Jul 26 16:31:03 2026] ata1.00: failed command: WRITE FPDMA QUEUED
[So Jul 26 16:31:03 2026] ata1: hard resetting link
[So Jul 26 16:31:07 2026] usbcore: deregistering interface driver rtl8xxxu
[So Jul 26 16:31:07 2026] wlxbcfce7292407: deauthenticating from b8:ec:a3:dc:73:f5 by local choice (Reason: 3=DEAUTH_LEAVING)
[So Jul 26 16:31:07 2026] usb 1-1: Device still attached, trying to reset
[So Jul 26 16:31:07 2026] usb 1-1: reset high-speed USB device number 8 using xhci_hcd
[So Jul 26 16:31:09 2026] iwlwifi 0000:03:00.0: Detected crf-id 0xbadcafe, cnv-id 0x3000000 wfpm id 0x80000000
[So Jul 26 16:31:09 2026] iwlwifi 0000:03:00.0: PCI dev 24f3/0130, rev=0x201, rfid=0xd55555d5
[So Jul 26 16:31:09 2026] iwlwifi 0000:03:00.0: Detected Intel(R) Dual Band Wireless-AC 8260
[So Jul 26 16:31:09 2026] iwlwifi 0000:03:00.0: loaded firmware version 36.c8e8e144.0 8000C-36.ucode op_mode iwlmvm
[So Jul 26 16:31:09 2026] usb 1-1: Dumping efuse for RTL8188EU (0x200 bytes):
[So Jul 26 16:31:09 2026] usb 1-1: RTL8188EU rev D (TSMC) romver 0, 1T1R, TX queues 2, WiFi=1, BT=0, GPS=0, HI PA=0
[So Jul 26 16:31:09 2026] usb 1-1: RTL8188EU MAC: bc:fc:e7:29:24:07
[So Jul 26 16:31:09 2026] usb 1-1: rtl8xxxu: Loading firmware rtlwifi/rtl8188eufw.bin
[So Jul 26 16:31:09 2026] iwlwifi 0000:03:00.0: base HW address: f4:8c:50:23:4a:74, OTP minor version: 0x4
[So Jul 26 16:31:09 2026] ieee80211 phy3: Selected rate control algorithm 'iwl-mvm-rs'
[So Jul 26 16:31:09 2026] iwlwifi 0000:03:00.0 wlp3s0: renamed from wlan0
[So Jul 26 16:31:10 2026] usbcore: registered new interface driver rtl8xxxu
[So Jul 26 16:31:10 2026] rtl8xxxu 1-1:1.0 wlxbcfce7292407: renamed from wlan0
[So Jul 26 16:31:11 2026] wlxbcfce7292407: authenticate with b8:ec:a3:dc:73:f5 (local address=bc:fc:e7:29:24:07)
[So Jul 26 16:31:11 2026] wlxbcfce7292407: send auth to b8:ec:a3:dc:73:f5 (try 1/3)
[So Jul 26 16:31:11 2026] wlxbcfce7292407: authenticated
[So Jul 26 16:31:11 2026] wlxbcfce7292407: associate with b8:ec:a3:dc:73:f5 (try 1/3)
[So Jul 26 16:31:12 2026] wlxbcfce7292407: associate with b8:ec:a3:dc:73:f5 (try 2/3)
[So Jul 26 16:31:12 2026] wlxbcfce7292407: associate with b8:ec:a3:dc:73:f5 (try 3/3)
[So Jul 26 16:31:12 2026] wlxbcfce7292407: association with b8:ec:a3:dc:73:f5 timed out
[So Jul 26 16:31:13 2026] wlxbcfce7292407: authenticate with b8:ec:a3:dc:73:f5 (local address=bc:fc:e7:29:24:07)
[So Jul 26 16:31:13 2026] wlxbcfce7292407: send auth to b8:ec:a3:dc:73:f5 (try 1/3)
[So Jul 26 16:31:13 2026] wlxbcfce7292407: authenticated
[So Jul 26 16:31:13 2026] wlxbcfce7292407: associate with b8:ec:a3:dc:73:f5 (try 1/3)
[So Jul 26 16:31:13 2026] wlxbcfce7292407: associate with b8:ec:a3:dc:73:f5 (try 2/3)
[So Jul 26 16:31:13 2026] wlxbcfce7292407: associate with b8:ec:a3:dc:73:f5 (try 3/3)
[So Jul 26 16:31:14 2026] wlxbcfce7292407: association with b8:ec:a3:dc:73:f5 timed out
[So Jul 26 16:31:21 2026] wlxbcfce7292407: authenticate with b8:ec:a3:dc:73:f5 (local address=bc:fc:e7:29:24:07)
[So Jul 26 16:31:21 2026] wlxbcfce7292407: send auth to b8:ec:a3:dc:73:f5 (try 1/3)
[So Jul 26 16:31:21 2026] wlxbcfce7292407: authenticated
[So Jul 26 16:31:21 2026] wlxbcfce7292407: associate with b8:ec:a3:dc:73:f5 (try 1/3)
[So Jul 26 16:31:21 2026] wlxbcfce7292407: RX AssocResp from b8:ec:a3:dc:73:f5 (capab=0x411 status=0 aid=40)
[So Jul 26 16:31:21 2026] usb 1-1: rtl8xxxu_bss_info_changed: HT supported
[So Jul 26 16:31:21 2026] wlxbcfce7292407: associated
[So Jul 26 16:34:08 2026] wlxbcfce7292407: deauthenticating from b8:ec:a3:dc:73:f5 by local choice (Reason: 3=DEAUTH_LEAVING)
[So Jul 26 16:34:15 2026] usb 1-1: Dumping efuse for RTL8188EU (0x200 bytes):
[So Jul 26 16:34:15 2026] usb 1-1: RTL8188EU rev D (TSMC) romver 0, 1T1R, TX queues 2, WiFi=1, BT=0, GPS=0, HI PA=0
[So Jul 26 16:34:15 2026] usb 1-1: RTL8188EU MAC: bc:fc:e7:29:24:07
[So Jul 26 16:34:15 2026] usb 1-1: rtl8xxxu: Loading firmware rtlwifi/rtl8188eufw.bin
[So Jul 26 16:34:16 2026] rtl8xxxu 1-1:1.0 wlxbcfce7292407: renamed from wlan0
[So Jul 26 16:34:26 2026] wlxbcfce7292407: authenticate with b8:ec:a3:dc:73:f5 (local address=bc:fc:e7:29:24:07)
[So Jul 26 16:34:26 2026] wlxbcfce7292407: send auth to b8:ec:a3:dc:73:f5 (try 1/3)
[So Jul 26 16:34:26 2026] wlxbcfce7292407: authenticated
[So Jul 26 16:34:26 2026] wlxbcfce7292407: associate with b8:ec:a3:dc:73:f5 (try 1/3)
[So Jul 26 16:34:26 2026] wlxbcfce7292407: associate with b8:ec:a3:dc:73:f5 (try 2/3)
[So Jul 26 16:34:27 2026] wlxbcfce7292407: associate with b8:ec:a3:dc:73:f5 (try 3/3)
[So Jul 26 16:34:27 2026] wlxbcfce7292407: association with b8:ec:a3:dc:73:f5 timed out
[So Jul 26 16:34:34 2026] wlxbcfce7292407: authenticate with b8:ec:a3:dc:73:f5 (local address=bc:fc:e7:29:24:07)
[So Jul 26 16:34:34 2026] wlxbcfce7292407: send auth to b8:ec:a3:dc:73:f5 (try 1/3)
[So Jul 26 16:34:34 2026] wlxbcfce7292407: authenticated
[So Jul 26 16:34:34 2026] wlxbcfce7292407: associate with b8:ec:a3:dc:73:f5 (try 1/3)
[So Jul 26 16:34:34 2026] wlxbcfce7292407: RX AssocResp from b8:ec:a3:dc:73:f5 (capab=0x411 status=0 aid=40)
[So Jul 26 16:34:34 2026] usb 1-1: rtl8xxxu_bss_info_changed: HT supported
[So Jul 26 16:34:34 2026] wlxbcfce7292407: associated
[So Jul 26 16:45:57 2026] wlxbcfce7292407: deauthenticating from b8:ec:a3:dc:73:f5 by local choice (Reason: 3=DEAUTH_LEAVING)
[So Jul 26 16:45:58 2026] usb 1-1: Device still attached, trying to reset
[So Jul 26 16:45:58 2026] usb 1-1: reset high-speed USB device number 9 using xhci_hcd
[So Jul 26 16:45:59 2026] usb 1-7: reset high-speed USB device number 5 using xhci_hcd
[So Jul 26 16:45:59 2026] usb 1-2: reset high-speed USB device number 3 using xhci_hcd
[So Jul 26 16:45:59 2026] usb 1-6: reset full-speed USB device number 4 using xhci_hcd
[So Jul 26 16:46:00 2026] usb 1-1: Dumping efuse for RTL8188EU (0x200 bytes):
[So Jul 26 16:46:00 2026] usb 1-1: RTL8188EU rev D (TSMC) romver 0, 1T1R, TX queues 2, WiFi=1, BT=0, GPS=0, HI PA=0
[So Jul 26 16:46:00 2026] usb 1-1: RTL8188EU MAC: bc:fc:e7:29:24:07
[So Jul 26 16:46:00 2026] usb 1-1: rtl8xxxu: Loading firmware rtlwifi/rtl8188eufw.bin
[So Jul 26 16:46:01 2026] rtl8xxxu 1-1:1.0 wlxbcfce7292407: renamed from wlan0
[So Jul 26 16:46:02 2026] wlxbcfce7292407: authenticate with b8:ec:a3:dc:73:f5 (local address=bc:fc:e7:29:24:07)
[So Jul 26 16:46:02 2026] wlxbcfce7292407: send auth to b8:ec:a3:dc:73:f5 (try 1/3)
[So Jul 26 16:46:02 2026] wlxbcfce7292407: authenticated
[So Jul 26 16:46:02 2026] wlxbcfce7292407: associate with b8:ec:a3:dc:73:f5 (try 1/3)
[So Jul 26 16:46:02 2026] wlxbcfce7292407: RX AssocResp from b8:ec:a3:dc:73:f5 (capab=0x411 status=0 aid=46)
[So Jul 26 16:46:02 2026] usb 1-1: rtl8xxxu_bss_info_changed: HT supported
[So Jul 26 16:46:02 2026] wlxbcfce7292407: associated
[So Jul 26 16:49:04 2026] ata1.00: failed command: WRITE FPDMA QUEUED
[So Jul 26 16:49:04 2026] ata1.00: failed command: READ FPDMA QUEUED
[So Jul 26 16:49:04 2026] ata1.00: failed command: WRITE FPDMA QUEUED
[So Jul 26 16:49:04 2026] ata1: hard resetting link
[So Jul 26 16:51:10 2026] ata1.00: failed command: WRITE FPDMA QUEUED
[So Jul 26 16:51:10 2026] ata1.00: failed command: WRITE FPDMA QUEUED
[So Jul 26 16:51:10 2026] ata1.00: failed command: WRITE FPDMA QUEUED
[So Jul 26 16:51:10 2026] ata1.00: failed command: WRITE FPDMA QUEUED
[So Jul 26 16:51:10 2026] ata1: hard resetting link
[So Jul 26 16:55:11 2026] ata1.00: failed command: WRITE FPDMA QUEUED
[So Jul 26 16:55:11 2026] ata1.00: failed command: WRITE FPDMA QUEUED
[So Jul 26 16:55:11 2026] ata1.00: failed command: WRITE FPDMA QUEUED
[So Jul 26 16:55:11 2026] ata1: hard resetting link
[So Jul 26 17:02:36 2026] ata1.00: failed command: WRITE FPDMA QUEUED
[So Jul 26 17:02:36 2026] ata1: hard resetting link
[So Jul 26 17:02:36 2026] ata1.00: failed command: WRITE FPDMA QUEUED
[So Jul 26 17:02:36 2026] ata1: hard resetting link
[So Jul 26 15:53:33 2026] systemd[1]: Listening on systemd-factory-reset.socket - Factory Reset Management.
[So Jul 26 15:53:36 2026] Bluetooth: hci0: Reading supported features failed (-16)
[So Jul 26 16:10:37 2026] cfg80211: Loading compiled-in X.509 certificates for regulatory database
[So Jul 26 16:10:37 2026] usb 1-1: Dumping efuse for RTL8188EU (0x200 bytes):
[So Jul 26 16:10:37 2026] usb 1-1: RTL8188EU rev D (TSMC) romver 0, 1T1R, TX queues 2, WiFi=1, BT=0, GPS=0, HI PA=0
[So Jul 26 16:10:37 2026] usb 1-1: RTL8188EU MAC: bc:fc:e7:29:24:07
[So Jul 26 16:10:37 2026] usb 1-1: rtl8xxxu: Loading firmware rtlwifi/rtl8188eufw.bin
[So Jul 26 16:10:38 2026] usbcore: registered new interface driver rtl8xxxu
[So Jul 26 16:10:38 2026] rtl8xxxu 1-1:1.0 wlxbcfce7292407: renamed from wlan0
[So Jul 26 16:10:43 2026] wlxbcfce7292407: authenticate with b8:ec:a3:dc:73:f5 (local address=bc:fc:e7:29:24:07)
[So Jul 26 16:10:43 2026] wlxbcfce7292407: send auth to b8:ec:a3:dc:73:f5 (try 1/3)
[So Jul 26 16:10:43 2026] wlxbcfce7292407: authenticated
[So Jul 26 16:10:43 2026] wlxbcfce7292407: associate with b8:ec:a3:dc:73:f5 (try 1/3)
[So Jul 26 16:10:43 2026] wlxbcfce7292407: RX AssocResp from b8:ec:a3:dc:73:f5 (capab=0x411 status=0 aid=40)
[So Jul 26 16:10:43 2026] usb 1-1: rtl8xxxu_bss_info_changed: HT supported
[So Jul 26 16:10:43 2026] wlxbcfce7292407: associated
[So Jul 26 16:10:47 2026] iwlwifi 0000:03:00.0: enabling device (0000 -> 0002)
[So Jul 26 16:10:47 2026] iwlwifi 0000:03:00.0: Detected crf-id 0xbadcafe, cnv-id 0x3000000 wfpm id 0x80000000
[So Jul 26 16:10:47 2026] iwlwifi 0000:03:00.0: PCI dev 24f3/0130, rev=0x201, rfid=0xd55555d5
[So Jul 26 16:10:47 2026] iwlwifi 0000:03:00.0: Detected Intel(R) Dual Band Wireless-AC 8260
[So Jul 26 16:10:47 2026] iwlwifi 0000:03:00.0: loaded firmware version 36.c8e8e144.0 8000C-36.ucode op_mode iwlmvm
[So Jul 26 16:10:47 2026] iwlwifi 0000:03:00.0: base HW address: f4:8c:50:23:4a:74, OTP minor version: 0x4
[So Jul 26 16:10:48 2026] ieee80211 phy1: Selected rate control algorithm 'iwl-mvm-rs'
[So Jul 26 16:10:48 2026] iwlwifi 0000:03:00.0 wlp3s0: renamed from wlan0
[So Jul 26 16:11:10 2026] wlxbcfce7292407: deauthenticating from b8:ec:a3:dc:73:f5 by local choice (Reason: 3=DEAUTH_LEAVING)
[So Jul 26 16:11:12 2026] wlxbcfce7292407: authenticate with b8:ec:a3:dc:73:f5 (local address=bc:fc:e7:29:24:07)
[So Jul 26 16:11:12 2026] wlxbcfce7292407: send auth to b8:ec:a3:dc:73:f5 (try 1/3)
[So Jul 26 16:11:12 2026] wlxbcfce7292407: authenticated
[So Jul 26 16:11:12 2026] wlxbcfce7292407: associate with b8:ec:a3:dc:73:f5 (try 1/3)
[So Jul 26 16:11:12 2026] wlxbcfce7292407: RX AssocResp from b8:ec:a3:dc:73:f5 (capab=0x411 status=0 aid=40)
[So Jul 26 16:11:12 2026] usb 1-1: rtl8xxxu_bss_info_changed: HT supported
[So Jul 26 16:11:12 2026] wlxbcfce7292407: associated
[So Jul 26 16:11:15 2026] wlp3s0: authenticate with b8:ec:a3:dc:73:f5 (local address=f4:8c:50:23:4a:74)
[So Jul 26 16:11:15 2026] wlp3s0: send auth to b8:ec:a3:dc:73:f5 (try 1/3)
[So Jul 26 16:11:15 2026] wlp3s0: authenticated
[So Jul 26 16:11:15 2026] wlp3s0: associate with b8:ec:a3:dc:73:f5 (try 1/3)
[So Jul 26 16:11:15 2026] wlp3s0: RX AssocResp from b8:ec:a3:dc:73:f5 (capab=0x411 status=0 aid=45)
[So Jul 26 16:11:15 2026] wlp3s0: associated
[So Jul 26 16:11:29 2026] wlp3s0: authenticate with b8:ec:a3:dc:73:f5 (local address=f4:8c:50:23:4a:74)
[So Jul 26 16:11:29 2026] wlp3s0: send auth to b8:ec:a3:dc:73:f5 (try 1/3)
[So Jul 26 16:11:29 2026] wlp3s0: authenticated
[So Jul 26 16:11:29 2026] wlp3s0: associate with b8:ec:a3:dc:73:f5 (try 1/3)
[So Jul 26 16:11:29 2026] wlp3s0: associate with b8:ec:a3:dc:73:f5 (try 2/3)
[So Jul 26 16:11:29 2026] wlp3s0: associate with b8:ec:a3:dc:73:f5 (try 3/3)
[So Jul 26 16:11:29 2026] wlp3s0: association with b8:ec:a3:dc:73:f5 timed out
[So Jul 26 16:12:16 2026] wlp3s0: authenticate with b8:ec:a3:dc:73:f5 (local address=f4:8c:50:23:4a:74)
[So Jul 26 16:12:16 2026] wlp3s0: send auth to b8:ec:a3:dc:73:f5 (try 1/3)
[So Jul 26 16:12:16 2026] wlp3s0: authenticated
[So Jul 26 16:12:16 2026] wlp3s0: associate with b8:ec:a3:dc:73:f5 (try 1/3)
[So Jul 26 16:12:16 2026] wlp3s0: RX AssocResp from b8:ec:a3:dc:73:f5 (capab=0x411 status=0 aid=45)
[So Jul 26 16:12:16 2026] wlp3s0: associated
[So Jul 26 16:12:23 2026] wlp3s0: Connection to AP b8:ec:a3:dc:73:f5 lost
[So Jul 26 16:20:45 2026] ata1.00: failed command: WRITE FPDMA QUEUED
[So Jul 26 16:20:45 2026] ata1: hard resetting link
[So Jul 26 16:27:35 2026] wlxbcfce7292407: authenticate with b8:ec:a3:dc:73:f5 (local address=bc:fc:e7:29:24:07)
[So Jul 26 16:27:35 2026] wlxbcfce7292407: send auth to b8:ec:a3:dc:73:f5 (try 1/3)
[So Jul 26 16:27:35 2026] wlxbcfce7292407: authenticated
[So Jul 26 16:27:35 2026] wlxbcfce7292407: associate with b8:ec:a3:dc:73:f5 (try 1/3)
[So Jul 26 16:27:35 2026] wlxbcfce7292407: associate with b8:ec:a3:dc:73:f5 (try 2/3)
[So Jul 26 16:27:35 2026] wlxbcfce7292407: associate with b8:ec:a3:dc:73:f5 (try 3/3)
[So Jul 26 16:27:35 2026] wlxbcfce7292407: association with b8:ec:a3:dc:73:f5 timed out
[So Jul 26 16:27:43 2026] wlxbcfce7292407: authenticate with b8:ec:a3:dc:73:f5 (local address=bc:fc:e7:29:24:07)
[So Jul 26 16:27:43 2026] wlxbcfce7292407: send auth to b8:ec:a3:dc:73:f5 (try 1/3)
[So Jul 26 16:27:43 2026] wlxbcfce7292407: authenticated
[So Jul 26 16:27:43 2026] wlxbcfce7292407: associate with b8:ec:a3:dc:73:f5 (try 1/3)
[So Jul 26 16:27:43 2026] wlxbcfce7292407: RX AssocResp from b8:ec:a3:dc:73:f5 (capab=0x411 status=0 aid=40)
[So Jul 26 16:27:43 2026] usb 1-1: rtl8xxxu_bss_info_changed: HT supported
[So Jul 26 16:27:43 2026] wlxbcfce7292407: associated
[So Jul 26 16:31:03 2026] ata1.00: failed command: WRITE FPDMA QUEUED
[So Jul 26 16:31:03 2026] ata1.00: failed command: WRITE FPDMA QUEUED
[So Jul 26 16:31:03 2026] ata1: hard resetting link
[So Jul 26 16:31:07 2026] usbcore: deregistering interface driver rtl8xxxu
[So Jul 26 16:31:07 2026] wlxbcfce7292407: deauthenticating from b8:ec:a3:dc:73:f5 by local choice (Reason: 3=DEAUTH_LEAVING)
[So Jul 26 16:31:07 2026] usb 1-1: Device still attached, trying to reset
[So Jul 26 16:31:07 2026] usb 1-1: reset high-speed USB device number 8 using xhci_hcd
[So Jul 26 16:31:09 2026] iwlwifi 0000:03:00.0: Detected crf-id 0xbadcafe, cnv-id 0x3000000 wfpm id 0x80000000
[So Jul 26 16:31:09 2026] iwlwifi 0000:03:00.0: PCI dev 24f3/0130, rev=0x201, rfid=0xd55555d5
[So Jul 26 16:31:09 2026] iwlwifi 0000:03:00.0: Detected Intel(R) Dual Band Wireless-AC 8260
[So Jul 26 16:31:09 2026] iwlwifi 0000:03:00.0: loaded firmware version 36.c8e8e144.0 8000C-36.ucode op_mode iwlmvm
[So Jul 26 16:31:09 2026] usb 1-1: Dumping efuse for RTL8188EU (0x200 bytes):
[So Jul 26 16:31:09 2026] usb 1-1: RTL8188EU rev D (TSMC) romver 0, 1T1R, TX queues 2, WiFi=1, BT=0, GPS=0, HI PA=0
[So Jul 26 16:31:09 2026] usb 1-1: RTL8188EU MAC: bc:fc:e7:29:24:07
[So Jul 26 16:31:09 2026] usb 1-1: rtl8xxxu: Loading firmware rtlwifi/rtl8188eufw.bin
[So Jul 26 16:31:09 2026] iwlwifi 0000:03:00.0: base HW address: f4:8c:50:23:4a:74, OTP minor version: 0x4
[So Jul 26 16:31:09 2026] ieee80211 phy3: Selected rate control algorithm 'iwl-mvm-rs'
[So Jul 26 16:31:09 2026] iwlwifi 0000:03:00.0 wlp3s0: renamed from wlan0
[So Jul 26 16:31:10 2026] usbcore: registered new interface driver rtl8xxxu
[So Jul 26 16:31:10 2026] rtl8xxxu 1-1:1.0 wlxbcfce7292407: renamed from wlan0
[So Jul 26 16:31:11 2026] wlxbcfce7292407: authenticate with b8:ec:a3:dc:73:f5 (local address=bc:fc:e7:29:24:07)
[So Jul 26 16:31:11 2026] wlxbcfce7292407: send auth to b8:ec:a3:dc:73:f5 (try 1/3)
[So Jul 26 16:31:11 2026] wlxbcfce7292407: authenticated
[So Jul 26 16:31:11 2026] wlxbcfce7292407: associate with b8:ec:a3:dc:73:f5 (try 1/3)
[So Jul 26 16:31:12 2026] wlxbcfce7292407: associate with b8:ec:a3:dc:73:f5 (try 2/3)
[So Jul 26 16:31:12 2026] wlxbcfce7292407: associate with b8:ec:a3:dc:73:f5 (try 3/3)
[So Jul 26 16:31:12 2026] wlxbcfce7292407: association with b8:ec:a3:dc:73:f5 timed out
[So Jul 26 16:31:13 2026] wlxbcfce7292407: authenticate with b8:ec:a3:dc:73:f5 (local address=bc:fc:e7:29:24:07)
[So Jul 26 16:31:13 2026] wlxbcfce7292407: send auth to b8:ec:a3:dc:73:f5 (try 1/3)
[So Jul 26 16:31:13 2026] wlxbcfce7292407: authenticated
[So Jul 26 16:31:13 2026] wlxbcfce7292407: associate with b8:ec:a3:dc:73:f5 (try 1/3)
[So Jul 26 16:31:13 2026] wlxbcfce7292407: associate with b8:ec:a3:dc:73:f5 (try 2/3)
[So Jul 26 16:31:13 2026] wlxbcfce7292407: associate with b8:ec:a3:dc:73:f5 (try 3/3)
[So Jul 26 16:31:14 2026] wlxbcfce7292407: association with b8:ec:a3:dc:73:f5 timed out
[So Jul 26 16:31:21 2026] wlxbcfce7292407: authenticate with b8:ec:a3:dc:73:f5 (local address=bc:fc:e7:29:24:07)
[So Jul 26 16:31:21 2026] wlxbcfce7292407: send auth to b8:ec:a3:dc:73:f5 (try 1/3)
[So Jul 26 16:31:21 2026] wlxbcfce7292407: authenticated
[So Jul 26 16:31:21 2026] wlxbcfce7292407: associate with b8:ec:a3:dc:73:f5 (try 1/3)
[So Jul 26 16:31:21 2026] wlxbcfce7292407: RX AssocResp from b8:ec:a3:dc:73:f5 (capab=0x411 status=0 aid=40)
[So Jul 26 16:31:21 2026] usb 1-1: rtl8xxxu_bss_info_changed: HT supported
[So Jul 26 16:31:21 2026] wlxbcfce7292407: associated
[So Jul 26 16:34:08 2026] wlxbcfce7292407: deauthenticating from b8:ec:a3:dc:73:f5 by local choice (Reason: 3=DEAUTH_LEAVING)
[So Jul 26 16:34:15 2026] usb 1-1: Dumping efuse for RTL8188EU (0x200 bytes):
[So Jul 26 16:34:15 2026] usb 1-1: RTL8188EU rev D (TSMC) romver 0, 1T1R, TX queues 2, WiFi=1, BT=0, GPS=0, HI PA=0
[So Jul 26 16:34:15 2026] usb 1-1: RTL8188EU MAC: bc:fc:e7:29:24:07
[So Jul 26 16:34:15 2026] usb 1-1: rtl8xxxu: Loading firmware rtlwifi/rtl8188eufw.bin
[So Jul 26 16:34:16 2026] rtl8xxxu 1-1:1.0 wlxbcfce7292407: renamed from wlan0
[So Jul 26 16:34:26 2026] wlxbcfce7292407: authenticate with b8:ec:a3:dc:73:f5 (local address=bc:fc:e7:29:24:07)
[So Jul 26 16:34:26 2026] wlxbcfce7292407: send auth to b8:ec:a3:dc:73:f5 (try 1/3)
[So Jul 26 16:34:26 2026] wlxbcfce7292407: authenticated
[So Jul 26 16:34:26 2026] wlxbcfce7292407: associate with b8:ec:a3:dc:73:f5 (try 1/3)
[So Jul 26 16:34:26 2026] wlxbcfce7292407: associate with b8:ec:a3:dc:73:f5 (try 2/3)
[So Jul 26 16:34:27 2026] wlxbcfce7292407: associate with b8:ec:a3:dc:73:f5 (try 3/3)
[So Jul 26 16:34:27 2026] wlxbcfce7292407: association with b8:ec:a3:dc:73:f5 timed out
[So Jul 26 16:34:34 2026] wlxbcfce7292407: authenticate with b8:ec:a3:dc:73:f5 (local address=bc:fc:e7:29:24:07)
[So Jul 26 16:34:34 2026] wlxbcfce7292407: send auth to b8:ec:a3:dc:73:f5 (try 1/3)
[So Jul 26 16:34:34 2026] wlxbcfce7292407: authenticated
[So Jul 26 16:34:34 2026] wlxbcfce7292407: associate with b8:ec:a3:dc:73:f5 (try 1/3)
[So Jul 26 16:34:34 2026] wlxbcfce7292407: RX AssocResp from b8:ec:a3:dc:73:f5 (capab=0x411 status=0 aid=40)
[So Jul 26 16:34:34 2026] usb 1-1: rtl8xxxu_bss_info_changed: HT supported
[So Jul 26 16:34:34 2026] wlxbcfce7292407: associated
[So Jul 26 16:45:57 2026] wlxbcfce7292407: deauthenticating from b8:ec:a3:dc:73:f5 by local choice (Reason: 3=DEAUTH_LEAVING)
[So Jul 26 16:45:58 2026] usb 1-1: Device still attached, trying to reset
[So Jul 26 16:45:58 2026] usb 1-1: reset high-speed USB device number 9 using xhci_hcd
[So Jul 26 16:45:59 2026] usb 1-7: reset high-speed USB device number 5 using xhci_hcd
[So Jul 26 16:45:59 2026] usb 1-2: reset high-speed USB device number 3 using xhci_hcd
[So Jul 26 16:45:59 2026] usb 1-6: reset full-speed USB device number 4 using xhci_hcd
[So Jul 26 16:46:00 2026] usb 1-1: Dumping efuse for RTL8188EU (0x200 bytes):
[So Jul 26 16:46:00 2026] usb 1-1: RTL8188EU rev D (TSMC) romver 0, 1T1R, TX queues 2, WiFi=1, BT=0, GPS=0, HI PA=0
[So Jul 26 16:46:00 2026] usb 1-1: RTL8188EU MAC: bc:fc:e7:29:24:07
[So Jul 26 16:46:00 2026] usb 1-1: rtl8xxxu: Loading firmware rtlwifi/rtl8188eufw.bin
[So Jul 26 16:46:01 2026] rtl8xxxu 1-1:1.0 wlxbcfce7292407: renamed from wlan0
[So Jul 26 16:46:02 2026] wlxbcfce7292407: authenticate with b8:ec:a3:dc:73:f5 (local address=bc:fc:e7:29:24:07)
[So Jul 26 16:46:02 2026] wlxbcfce7292407: send auth to b8:ec:a3:dc:73:f5 (try 1/3)
[So Jul 26 16:46:02 2026] wlxbcfce7292407: authenticated
[So Jul 26 16:46:02 2026] wlxbcfce7292407: associate with b8:ec:a3:dc:73:f5 (try 1/3)
[So Jul 26 16:46:02 2026] wlxbcfce7292407: RX AssocResp from b8:ec:a3:dc:73:f5 (capab=0x411 status=0 aid=46)
[So Jul 26 16:46:02 2026] usb 1-1: rtl8xxxu_bss_info_changed: HT supported
[So Jul 26 16:46:02 2026] wlxbcfce7292407: associated
[So Jul 26 16:49:04 2026] ata1.00: failed command: WRITE FPDMA QUEUED
[So Jul 26 16:49:04 2026] ata1.00: failed command: READ FPDMA QUEUED
[So Jul 26 16:49:04 2026] ata1.00: failed command: WRITE FPDMA QUEUED
[So Jul 26 16:49:04 2026] ata1: hard resetting link
[So Jul 26 16:51:10 2026] ata1.00: failed command: WRITE FPDMA QUEUED
[So Jul 26 16:51:10 2026] ata1.00: failed command: WRITE FPDMA QUEUED
[So Jul 26 16:51:10 2026] ata1.00: failed command: WRITE FPDMA QUEUED
[So Jul 26 16:51:10 2026] ata1.00: failed command: WRITE FPDMA QUEUED
[So Jul 26 16:51:10 2026] ata1: hard resetting link
[So Jul 26 16:55:11 2026] ata1.00: failed command: WRITE FPDMA QUEUED
[So Jul 26 16:55:11 2026] ata1.00: failed command: WRITE FPDMA QUEUED
[So Jul 26 16:55:11 2026] ata1.00: failed command: WRITE FPDMA QUEUED
[So Jul 26 16:55:11 2026] ata1: hard resetting link
[So Jul 26 17:02:36 2026] ata1.00: failed command: WRITE FPDMA QUEUED
[So Jul 26 17:02:36 2026] ata1: hard resetting link
[So Jul 26 17:02:36 2026] ata1.00: failed command: WRITE FPDMA QUEUED
[So Jul 26 17:02:36 2026] ata1: hard resetting link
[So Jul 26 15:53:33 2026] systemd[1]: Listening on systemd-factory-reset.socket - Factory Reset Management.
[So Jul 26 15:53:36 2026] Bluetooth: hci0: Reading supported features failed (-16)
[So Jul 26 16:10:37 2026] cfg80211: Loading compiled-in X.509 certificates for regulatory database
[So Jul 26 16:10:37 2026] usb 1-1: Dumping efuse for RTL8188EU (0x200 bytes):
[So Jul 26 16:10:37 2026] usb 1-1: RTL8188EU rev D (TSMC) romver 0, 1T1R, TX queues 2, WiFi=1, BT=0, GPS=0, HI PA=0
[So Jul 26 16:10:37 2026] usb 1-1: RTL8188EU MAC: bc:fc:e7:29:24:07
[So Jul 26 16:10:37 2026] usb 1-1: rtl8xxxu: Loading firmware rtlwifi/rtl8188eufw.bin
[So Jul 26 16:10:38 2026] usbcore: registered new interface driver rtl8xxxu
[So Jul 26 16:10:38 2026] rtl8xxxu 1-1:1.0 wlxbcfce7292407: renamed from wlan0
[So Jul 26 16:10:43 2026] wlxbcfce7292407: authenticate with b8:ec:a3:dc:73:f5 (local address=bc:fc:e7:29:24:07)
[So Jul 26 16:10:43 2026] wlxbcfce7292407: send auth to b8:ec:a3:dc:73:f5 (try 1/3)
[So Jul 26 16:10:43 2026] wlxbcfce7292407: authenticated
[So Jul 26 16:10:43 2026] wlxbcfce7292407: associate with b8:ec:a3:dc:73:f5 (try 1/3)
[So Jul 26 16:10:43 2026] wlxbcfce7292407: RX AssocResp from b8:ec:a3:dc:73:f5 (capab=0x411 status=0 aid=40)
[So Jul 26 16:10:43 2026] usb 1-1: rtl8xxxu_bss_info_changed: HT supported
[So Jul 26 16:10:43 2026] wlxbcfce7292407: associated
[So Jul 26 16:10:47 2026] iwlwifi 0000:03:00.0: enabling device (0000 -> 0002)
[So Jul 26 16:10:47 2026] iwlwifi 0000:03:00.0: Detected crf-id 0xbadcafe, cnv-id 0x3000000 wfpm id 0x80000000
[So Jul 26 16:10:47 2026] iwlwifi 0000:03:00.0: PCI dev 24f3/0130, rev=0x201, rfid=0xd55555d5
[So Jul 26 16:10:47 2026] iwlwifi 0000:03:00.0: Detected Intel(R) Dual Band Wireless-AC 8260
[So Jul 26 16:10:47 2026] iwlwifi 0000:03:00.0: loaded firmware version 36.c8e8e144.0 8000C-36.ucode op_mode iwlmvm
[So Jul 26 16:10:47 2026] iwlwifi 0000:03:00.0: base HW address: f4:8c:50:23:4a:74, OTP minor version: 0x4
[So Jul 26 16:10:48 2026] ieee80211 phy1: Selected rate control algorithm 'iwl-mvm-rs'
[So Jul 26 16:10:48 2026] iwlwifi 0000:03:00.0 wlp3s0: renamed from wlan0
[So Jul 26 16:11:10 2026] wlxbcfce7292407: deauthenticating from b8:ec:a3:dc:73:f5 by local choice (Reason: 3=DEAUTH_LEAVING)
[So Jul 26 16:11:12 2026] wlxbcfce7292407: authenticate with b8:ec:a3:dc:73:f5 (local address=bc:fc:e7:29:24:07)
[So Jul 26 16:11:12 2026] wlxbcfce7292407: send auth to b8:ec:a3:dc:73:f5 (try 1/3)
[So Jul 26 16:11:12 2026] wlxbcfce7292407: authenticated
[So Jul 26 16:11:12 2026] wlxbcfce7292407: associate with b8:ec:a3:dc:73:f5 (try 1/3)
[So Jul 26 16:11:12 2026] wlxbcfce7292407: RX AssocResp from b8:ec:a3:dc:73:f5 (capab=0x411 status=0 aid=40)
[So Jul 26 16:11:12 2026] usb 1-1: rtl8xxxu_bss_info_changed: HT supported
[So Jul 26 16:11:12 2026] wlxbcfce7292407: associated
[So Jul 26 16:11:15 2026] wlp3s0: authenticate with b8:ec:a3:dc:73:f5 (local address=f4:8c:50:23:4a:74)
[So Jul 26 16:11:15 2026] wlp3s0: send auth to b8:ec:a3:dc:73:f5 (try 1/3)
[So Jul 26 16:11:15 2026] wlp3s0: authenticated
[So Jul 26 16:11:15 2026] wlp3s0: associate with b8:ec:a3:dc:73:f5 (try 1/3)
[So Jul 26 16:11:15 2026] wlp3s0: RX AssocResp from b8:ec:a3:dc:73:f5 (capab=0x411 status=0 aid=45)
[So Jul 26 16:11:15 2026] wlp3s0: associated
[So Jul 26 16:11:29 2026] wlp3s0: authenticate with b8:ec:a3:dc:73:f5 (local address=f4:8c:50:23:4a:74)
[So Jul 26 16:11:29 2026] wlp3s0: send auth to b8:ec:a3:dc:73:f5 (try 1/3)
[So Jul 26 16:11:29 2026] wlp3s0: authenticated
[So Jul 26 16:11:29 2026] wlp3s0: associate with b8:ec:a3:dc:73:f5 (try 1/3)
[So Jul 26 16:11:29 2026] wlp3s0: associate with b8:ec:a3:dc:73:f5 (try 2/3)
[So Jul 26 16:11:29 2026] wlp3s0: associate with b8:ec:a3:dc:73:f5 (try 3/3)
[So Jul 26 16:11:29 2026] wlp3s0: association with b8:ec:a3:dc:73:f5 timed out
[So Jul 26 16:12:16 2026] wlp3s0: authenticate with b8:ec:a3:dc:73:f5 (local address=f4:8c:50:23:4a:74)
[So Jul 26 16:12:16 2026] wlp3s0: send auth to b8:ec:a3:dc:73:f5 (try 1/3)
[So Jul 26 16:12:16 2026] wlp3s0: authenticated
[So Jul 26 16:12:16 2026] wlp3s0: associate with b8:ec:a3:dc:73:f5 (try 1/3)
[So Jul 26 16:12:16 2026] wlp3s0: RX AssocResp from b8:ec:a3:dc:73:f5 (capab=0x411 status=0 aid=45)
[So Jul 26 16:12:16 2026] wlp3s0: associated
[So Jul 26 16:12:23 2026] wlp3s0: Connection to AP b8:ec:a3:dc:73:f5 lost
[So Jul 26 16:20:45 2026] ata1.00: failed command: WRITE FPDMA QUEUED
[So Jul 26 16:20:45 2026] ata1: hard resetting link
[So Jul 26 16:27:35 2026] wlxbcfce7292407: authenticate with b8:ec:a3:dc:73:f5 (local address=bc:fc:e7:29:24:07)
[So Jul 26 16:27:35 2026] wlxbcfce7292407: send auth to b8:ec:a3:dc:73:f5 (try 1/3)
[So Jul 26 16:27:35 2026] wlxbcfce7292407: authenticated
[So Jul 26 16:27:35 2026] wlxbcfce7292407: associate with b8:ec:a3:dc:73:f5 (try 1/3)
[So Jul 26 16:27:35 2026] wlxbcfce7292407: associate with b8:ec:a3:dc:73:f5 (try 2/3)
[So Jul 26 16:27:35 2026] wlxbcfce7292407: associate with b8:ec:a3:dc:73:f5 (try 3/3)
[So Jul 26 16:27:35 2026] wlxbcfce7292407: association with b8:ec:a3:dc:73:f5 timed out
[So Jul 26 16:27:43 2026] wlxbcfce7292407: authenticate with b8:ec:a3:dc:73:f5 (local address=bc:fc:e7:29:24:07)
[So Jul 26 16:27:43 2026] wlxbcfce7292407: send auth to b8:ec:a3:dc:73:f5 (try 1/3)
[So Jul 26 16:27:43 2026] wlxbcfce7292407: authenticated
[So Jul 26 16:27:43 2026] wlxbcfce7292407: associate with b8:ec:a3:dc:73:f5 (try 1/3)
[So Jul 26 16:27:43 2026] wlxbcfce7292407: RX AssocResp from b8:ec:a3:dc:73:f5 (capab=0x411 status=0 aid=40)
[So Jul 26 16:27:43 2026] usb 1-1: rtl8xxxu_bss_info_changed: HT supported
[So Jul 26 16:27:43 2026] wlxbcfce7292407: associated
[So Jul 26 16:31:03 2026] ata1.00: failed command: WRITE FPDMA QUEUED
[So Jul 26 16:31:03 2026] ata1.00: failed command: WRITE FPDMA QUEUED
[So Jul 26 16:31:03 2026] ata1: hard resetting link
[So Jul 26 16:31:07 2026] usbcore: deregistering interface driver rtl8xxxu
[So Jul 26 16:31:07 2026] wlxbcfce7292407: deauthenticating from b8:ec:a3:dc:73:f5 by local choice (Reason: 3=DEAUTH_LEAVING)
[So Jul 26 16:31:07 2026] usb 1-1: Device still attached, trying to reset
[So Jul 26 16:31:07 2026] usb 1-1: reset high-speed USB device number 8 using xhci_hcd
[So Jul 26 16:31:09 2026] iwlwifi 0000:03:00.0: Detected crf-id 0xbadcafe, cnv-id 0x3000000 wfpm id 0x80000000
[So Jul 26 16:31:09 2026] iwlwifi 0000:03:00.0: PCI dev 24f3/0130, rev=0x201, rfid=0xd55555d5
[So Jul 26 16:31:09 2026] iwlwifi 0000:03:00.0: Detected Intel(R) Dual Band Wireless-AC 8260
[So Jul 26 16:31:09 2026] iwlwifi 0000:03:00.0: loaded firmware version 36.c8e8e144.0 8000C-36.ucode op_mode iwlmvm
[So Jul 26 16:31:09 2026] usb 1-1: Dumping efuse for RTL8188EU (0x200 bytes):
[So Jul 26 16:31:09 2026] usb 1-1: RTL8188EU rev D (TSMC) romver 0, 1T1R, TX queues 2, WiFi=1, BT=0, GPS=0, HI PA=0
[So Jul 26 16:31:09 2026] usb 1-1: RTL8188EU MAC: bc:fc:e7:29:24:07
[So Jul 26 16:31:09 2026] usb 1-1: rtl8xxxu: Loading firmware rtlwifi/rtl8188eufw.bin
[So Jul 26 16:31:09 2026] iwlwifi 0000:03:00.0: base HW address: f4:8c:50:23:4a:74, OTP minor version: 0x4
[So Jul 26 16:31:09 2026] ieee80211 phy3: Selected rate control algorithm 'iwl-mvm-rs'
[So Jul 26 16:31:09 2026] iwlwifi 0000:03:00.0 wlp3s0: renamed from wlan0
[So Jul 26 16:31:10 2026] usbcore: registered new interface driver rtl8xxxu
[So Jul 26 16:31:10 2026] rtl8xxxu 1-1:1.0 wlxbcfce7292407: renamed from wlan0
[So Jul 26 16:31:11 2026] wlxbcfce7292407: authenticate with b8:ec:a3:dc:73:f5 (local address=bc:fc:e7:29:24:07)
[So Jul 26 16:31:11 2026] wlxbcfce7292407: send auth to b8:ec:a3:dc:73:f5 (try 1/3)
[So Jul 26 16:31:11 2026] wlxbcfce7292407: authenticated
[So Jul 26 16:31:11 2026] wlxbcfce7292407: associate with b8:ec:a3:dc:73:f5 (try 1/3)
[So Jul 26 16:31:12 2026] wlxbcfce7292407: associate with b8:ec:a3:dc:73:f5 (try 2/3)
[So Jul 26 16:31:12 2026] wlxbcfce7292407: associate with b8:ec:a3:dc:73:f5 (try 3/3)
[So Jul 26 16:31:12 2026] wlxbcfce7292407: association with b8:ec:a3:dc:73:f5 timed out
[So Jul 26 16:31:13 2026] wlxbcfce7292407: authenticate with b8:ec:a3:dc:73:f5 (local address=bc:fc:e7:29:24:07)
[So Jul 26 16:31:13 2026] wlxbcfce7292407: send auth to b8:ec:a3:dc:73:f5 (try 1/3)
[So Jul 26 16:31:13 2026] wlxbcfce7292407: authenticated
[So Jul 26 16:31:13 2026] wlxbcfce7292407: associate with b8:ec:a3:dc:73:f5 (try 1/3)
[So Jul 26 16:31:13 2026] wlxbcfce7292407: associate with b8:ec:a3:dc:73:f5 (try 2/3)
[So Jul 26 16:31:13 2026] wlxbcfce7292407: associate with b8:ec:a3:dc:73:f5 (try 3/3)
[So Jul 26 16:31:14 2026] wlxbcfce7292407: association with b8:ec:a3:dc:73:f5 timed out
[So Jul 26 16:31:21 2026] wlxbcfce7292407: authenticate with b8:ec:a3:dc:73:f5 (local address=bc:fc:e7:29:24:07)
[So Jul 26 16:31:21 2026] wlxbcfce7292407: send auth to b8:ec:a3:dc:73:f5 (try 1/3)
[So Jul 26 16:31:21 2026] wlxbcfce7292407: authenticated
[So Jul 26 16:31:21 2026] wlxbcfce7292407: associate with b8:ec:a3:dc:73:f5 (try 1/3)
[So Jul 26 16:31:21 2026] wlxbcfce7292407: RX AssocResp from b8:ec:a3:dc:73:f5 (capab=0x411 status=0 aid=40)
[So Jul 26 16:31:21 2026] usb 1-1: rtl8xxxu_bss_info_changed: HT supported
[So Jul 26 16:31:21 2026] wlxbcfce7292407: associated
[So Jul 26 16:34:08 2026] wlxbcfce7292407: deauthenticating from b8:ec:a3:dc:73:f5 by local choice (Reason: 3=DEAUTH_LEAVING)
[So Jul 26 16:34:15 2026] usb 1-1: Dumping efuse for RTL8188EU (0x200 bytes):
[So Jul 26 16:34:15 2026] usb 1-1: RTL8188EU rev D (TSMC) romver 0, 1T1R, TX queues 2, WiFi=1, BT=0, GPS=0, HI PA=0
[So Jul 26 16:34:15 2026] usb 1-1: RTL8188EU MAC: bc:fc:e7:29:24:07
[So Jul 26 16:34:15 2026] usb 1-1: rtl8xxxu: Loading firmware rtlwifi/rtl8188eufw.bin
[So Jul 26 16:34:16 2026] rtl8xxxu 1-1:1.0 wlxbcfce7292407: renamed from wlan0
[So Jul 26 16:34:26 2026] wlxbcfce7292407: authenticate with b8:ec:a3:dc:73:f5 (local address=bc:fc:e7:29:24:07)
[So Jul 26 16:34:26 2026] wlxbcfce7292407: send auth to b8:ec:a3:dc:73:f5 (try 1/3)
[So Jul 26 16:34:26 2026] wlxbcfce7292407: authenticated
[So Jul 26 16:34:26 2026] wlxbcfce7292407: associate with b8:ec:a3:dc:73:f5 (try 1/3)
[So Jul 26 16:34:26 2026] wlxbcfce7292407: associate with b8:ec:a3:dc:73:f5 (try 2/3)
[So Jul 26 16:34:27 2026] wlxbcfce7292407: associate with b8:ec:a3:dc:73:f5 (try 3/3)
[So Jul 26 16:34:27 2026] wlxbcfce7292407: association with b8:ec:a3:dc:73:f5 timed out
[So Jul 26 16:34:34 2026] wlxbcfce7292407: authenticate with b8:ec:a3:dc:73:f5 (local address=bc:fc:e7:29:24:07)
[So Jul 26 16:34:34 2026] wlxbcfce7292407: send auth to b8:ec:a3:dc:73:f5 (try 1/3)
[So Jul 26 16:34:34 2026] wlxbcfce7292407: authenticated
[So Jul 26 16:34:34 2026] wlxbcfce7292407: associate with b8:ec:a3:dc:73:f5 (try 1/3)
[So Jul 26 16:34:34 2026] wlxbcfce7292407: RX AssocResp from b8:ec:a3:dc:73:f5 (capab=0x411 status=0 aid=40)
[So Jul 26 16:34:34 2026] usb 1-1: rtl8xxxu_bss_info_changed: HT supported
[So Jul 26 16:34:34 2026] wlxbcfce7292407: associated
[So Jul 26 16:45:57 2026] wlxbcfce7292407: deauthenticating from b8:ec:a3:dc:73:f5 by local choice (Reason: 3=DEAUTH_LEAVING)
[So Jul 26 16:45:58 2026] usb 1-1: Device still attached, trying to reset
[So Jul 26 16:45:58 2026] usb 1-1: reset high-speed USB device number 9 using xhci_hcd
[So Jul 26 16:45:59 2026] usb 1-7: reset high-speed USB device number 5 using xhci_hcd
[So Jul 26 16:45:59 2026] usb 1-2: reset high-speed USB device number 3 using xhci_hcd
[So Jul 26 16:45:59 2026] usb 1-6: reset full-speed USB device number 4 using xhci_hcd
[So Jul 26 16:46:00 2026] usb 1-1: Dumping efuse for RTL8188EU (0x200 bytes):
[So Jul 26 16:46:00 2026] usb 1-1: RTL8188EU rev D (TSMC) romver 0, 1T1R, TX queues 2, WiFi=1, BT=0, GPS=0, HI PA=0
[So Jul 26 16:46:00 2026] usb 1-1: RTL8188EU MAC: bc:fc:e7:29:24:07
[So Jul 26 16:46:00 2026] usb 1-1: rtl8xxxu: Loading firmware rtlwifi/rtl8188eufw.bin
[So Jul 26 16:46:01 2026] rtl8xxxu 1-1:1.0 wlxbcfce7292407: renamed from wlan0
[So Jul 26 16:46:02 2026] wlxbcfce7292407: authenticate with b8:ec:a3:dc:73:f5 (local address=bc:fc:e7:29:24:07)
[So Jul 26 16:46:02 2026] wlxbcfce7292407: send auth to b8:ec:a3:dc:73:f5 (try 1/3)
[So Jul 26 16:46:02 2026] wlxbcfce7292407: authenticated
[So Jul 26 16:46:02 2026] wlxbcfce7292407: associate with b8:ec:a3:dc:73:f5 (try 1/3)
[So Jul 26 16:46:02 2026] wlxbcfce7292407: RX AssocResp from b8:ec:a3:dc:73:f5 (capab=0x411 status=0 aid=46)
[So Jul 26 16:46:02 2026] usb 1-1: rtl8xxxu_bss_info_changed: HT supported
[So Jul 26 16:46:02 2026] wlxbcfce7292407: associated
[So Jul 26 16:49:04 2026] ata1.00: failed command: WRITE FPDMA QUEUED
[So Jul 26 16:49:04 2026] ata1.00: failed command: READ FPDMA QUEUED
[So Jul 26 16:49:04 2026] ata1.00: failed command: WRITE FPDMA QUEUED
[So Jul 26 16:49:04 2026] ata1: hard resetting link
[So Jul 26 16:51:10 2026] ata1.00: failed command: WRITE FPDMA QUEUED
[So Jul 26 16:51:10 2026] ata1.00: failed command: WRITE FPDMA QUEUED
[So Jul 26 16:51:10 2026] ata1.00: failed command: WRITE FPDMA QUEUED
[So Jul 26 16:51:10 2026] ata1.00: failed command: WRITE FPDMA QUEUED
[So Jul 26 16:51:10 2026] ata1: hard resetting link
[So Jul 26 16:55:11 2026] ata1.00: failed command: WRITE FPDMA QUEUED
[So Jul 26 16:55:11 2026] ata1.00: failed command: WRITE FPDMA QUEUED
[So Jul 26 16:55:11 2026] ata1.00: failed command: WRITE FPDMA QUEUED
[So Jul 26 16:55:11 2026] ata1: hard resetting link
[So Jul 26 17:02:36 2026] ata1.00: failed command: WRITE FPDMA QUEUED
[So Jul 26 17:02:36 2026] ata1: hard resetting link
[So Jul 26 17:02:36 2026] ata1.00: failed command: WRITE FPDMA QUEUED
[So Jul 26 17:02:36 2026] ata1: hard resetting link
[So Jul 26 15:53:33 2026] systemd[1]: Listening on systemd-factory-reset.socket - Factory Reset Management.
[So Jul 26 15:53:36 2026] Bluetooth: hci0: Reading supported features failed (-16)
[So Jul 26 16:10:37 2026] cfg80211: Loading compiled-in X.509 certificates for regulatory database
[So Jul 26 16:10:37 2026] usb 1-1: Dumping efuse for RTL8188EU (0x200 bytes):
[So Jul 26 16:10:37 2026] usb 1-1: RTL8188EU rev D (TSMC) romver 0, 1T1R, TX queues 2, WiFi=1, BT=0, GPS=0, HI PA=0
[So Jul 26 16:10:37 2026] usb 1-1: RTL8188EU MAC: bc:fc:e7:29:24:07
[So Jul 26 16:10:37 2026] usb 1-1: rtl8xxxu: Loading firmware rtlwifi/rtl8188eufw.bin
[So Jul 26 16:10:38 2026] usbcore: registered new interface driver rtl8xxxu
[So Jul 26 16:10:38 2026] rtl8xxxu 1-1:1.0 wlxbcfce7292407: renamed from wlan0
[So Jul 26 16:10:43 2026] wlxbcfce7292407: authenticate with b8:ec:a3:dc:73:f5 (local address=bc:fc:e7:29:24:07)
[So Jul 26 16:10:43 2026] wlxbcfce7292407: send auth to b8:ec:a3:dc:73:f5 (try 1/3)
[So Jul 26 16:10:43 2026] wlxbcfce7292407: authenticated
[So Jul 26 16:10:43 2026] wlxbcfce7292407: associate with b8:ec:a3:dc:73:f5 (try 1/3)
[So Jul 26 16:10:43 2026] wlxbcfce7292407: RX AssocResp from b8:ec:a3:dc:73:f5 (capab=0x411 status=0 aid=40)
[So Jul 26 16:10:43 2026] usb 1-1: rtl8xxxu_bss_info_changed: HT supported
[So Jul 26 16:10:43 2026] wlxbcfce7292407: associated
[So Jul 26 16:10:47 2026] iwlwifi 0000:03:00.0: enabling device (0000 -> 0002)
[So Jul 26 16:10:47 2026] iwlwifi 0000:03:00.0: Detected crf-id 0xbadcafe, cnv-id 0x3000000 wfpm id 0x80000000
[So Jul 26 16:10:47 2026] iwlwifi 0000:03:00.0: PCI dev 24f3/0130, rev=0x201, rfid=0xd55555d5
[So Jul 26 16:10:47 2026] iwlwifi 0000:03:00.0: Detected Intel(R) Dual Band Wireless-AC 8260
[So Jul 26 16:10:47 2026] iwlwifi 0000:03:00.0: loaded firmware version 36.c8e8e144.0 8000C-36.ucode op_mode iwlmvm
[So Jul 26 16:10:47 2026] iwlwifi 0000:03:00.0: base HW address: f4:8c:50:23:4a:74, OTP minor version: 0x4
[So Jul 26 16:10:48 2026] ieee80211 phy1: Selected rate control algorithm 'iwl-mvm-rs'
[So Jul 26 16:10:48 2026] iwlwifi 0000:03:00.0 wlp3s0: renamed from wlan0
[So Jul 26 16:11:10 2026] wlxbcfce7292407: deauthenticating from b8:ec:a3:dc:73:f5 by local choice (Reason: 3=DEAUTH_LEAVING)
[So Jul 26 16:11:12 2026] wlxbcfce7292407: authenticate with b8:ec:a3:dc:73:f5 (local address=bc:fc:e7:29:24:07)
[So Jul 26 16:11:12 2026] wlxbcfce7292407: send auth to b8:ec:a3:dc:73:f5 (try 1/3)
[So Jul 26 16:11:12 2026] wlxbcfce7292407: authenticated
[So Jul 26 16:11:12 2026] wlxbcfce7292407: associate with b8:ec:a3:dc:73:f5 (try 1/3)
[So Jul 26 16:11:12 2026] wlxbcfce7292407: RX AssocResp from b8:ec:a3:dc:73:f5 (capab=0x411 status=0 aid=40)
[So Jul 26 16:11:12 2026] usb 1-1: rtl8xxxu_bss_info_changed: HT supported
[So Jul 26 16:11:12 2026] wlxbcfce7292407: associated
[So Jul 26 16:11:15 2026] wlp3s0: authenticate with b8:ec:a3:dc:73:f5 (local address=f4:8c:50:23:4a:74)
[So Jul 26 16:11:15 2026] wlp3s0: send auth to b8:ec:a3:dc:73:f5 (try 1/3)
[So Jul 26 16:11:15 2026] wlp3s0: authenticated
[So Jul 26 16:11:15 2026] wlp3s0: associate with b8:ec:a3:dc:73:f5 (try 1/3)
[So Jul 26 16:11:15 2026] wlp3s0: RX AssocResp from b8:ec:a3:dc:73:f5 (capab=0x411 status=0 aid=45)
[So Jul 26 16:11:15 2026] wlp3s0: associated
[So Jul 26 16:11:29 2026] wlp3s0: authenticate with b8:ec:a3:dc:73:f5 (local address=f4:8c:50:23:4a:74)
[So Jul 26 16:11:29 2026] wlp3s0: send auth to b8:ec:a3:dc:73:f5 (try 1/3)
[So Jul 26 16:11:29 2026] wlp3s0: authenticated
[So Jul 26 16:11:29 2026] wlp3s0: associate with b8:ec:a3:dc:73:f5 (try 1/3)
[So Jul 26 16:11:29 2026] wlp3s0: associate with b8:ec:a3:dc:73:f5 (try 2/3)
[So Jul 26 16:11:29 2026] wlp3s0: associate with b8:ec:a3:dc:73:f5 (try 3/3)
[So Jul 26 16:11:29 2026] wlp3s0: association with b8:ec:a3:dc:73:f5 timed out
[So Jul 26 16:12:16 2026] wlp3s0: authenticate with b8:ec:a3:dc:73:f5 (local address=f4:8c:50:23:4a:74)
[So Jul 26 16:12:16 2026] wlp3s0: send auth to b8:ec:a3:dc:73:f5 (try 1/3)
[So Jul 26 16:12:16 2026] wlp3s0: authenticated
[So Jul 26 16:12:16 2026] wlp3s0: associate with b8:ec:a3:dc:73:f5 (try 1/3)
[So Jul 26 16:12:16 2026] wlp3s0: RX AssocResp from b8:ec:a3:dc:73:f5 (capab=0x411 status=0 aid=45)
[So Jul 26 16:12:16 2026] wlp3s0: associated
[So Jul 26 16:12:23 2026] wlp3s0: Connection to AP b8:ec:a3:dc:73:f5 lost
[So Jul 26 16:20:45 2026] ata1.00: failed command: WRITE FPDMA QUEUED
[So Jul 26 16:20:45 2026] ata1: hard resetting link
[So Jul 26 16:27:35 2026] wlxbcfce7292407: authenticate with b8:ec:a3:dc:73:f5 (local address=bc:fc:e7:29:24:07)
[So Jul 26 16:27:35 2026] wlxbcfce7292407: send auth to b8:ec:a3:dc:73:f5 (try 1/3)
[So Jul 26 16:27:35 2026] wlxbcfce7292407: authenticated
[So Jul 26 16:27:35 2026] wlxbcfce7292407: associate with b8:ec:a3:dc:73:f5 (try 1/3)
[So Jul 26 16:27:35 2026] wlxbcfce7292407: associate with b8:ec:a3:dc:73:f5 (try 2/3)
[So Jul 26 16:27:35 2026] wlxbcfce7292407: associate with b8:ec:a3:dc:73:f5 (try 3/3)
[So Jul 26 16:27:35 2026] wlxbcfce7292407: association with b8:ec:a3:dc:73:f5 timed out
[So Jul 26 16:27:43 2026] wlxbcfce7292407: authenticate with b8:ec:a3:dc:73:f5 (local address=bc:fc:e7:29:24:07)
[So Jul 26 16:27:43 2026] wlxbcfce7292407: send auth to b8:ec:a3:dc:73:f5 (try 1/3)
[So Jul 26 16:27:43 2026] wlxbcfce7292407: authenticated
[So Jul 26 16:27:43 2026] wlxbcfce7292407: associate with b8:ec:a3:dc:73:f5 (try 1/3)
[So Jul 26 16:27:43 2026] wlxbcfce7292407: RX AssocResp from b8:ec:a3:dc:73:f5 (capab=0x411 status=0 aid=40)
[So Jul 26 16:27:43 2026] usb 1-1: rtl8xxxu_bss_info_changed: HT supported
[So Jul 26 16:27:43 2026] wlxbcfce7292407: associated
[So Jul 26 16:31:03 2026] ata1.00: failed command: WRITE FPDMA QUEUED
[So Jul 26 16:31:03 2026] ata1.00: failed command: WRITE FPDMA QUEUED
[So Jul 26 16:31:03 2026] ata1: hard resetting link
[So Jul 26 16:31:07 2026] usbcore: deregistering interface driver rtl8xxxu
[So Jul 26 16:31:07 2026] wlxbcfce7292407: deauthenticating from b8:ec:a3:dc:73:f5 by local choice (Reason: 3=DEAUTH_LEAVING)
[So Jul 26 16:31:07 2026] usb 1-1: Device still attached, trying to reset
[So Jul 26 16:31:07 2026] usb 1-1: reset high-speed USB device number 8 using xhci_hcd
[So Jul 26 16:31:09 2026] iwlwifi 0000:03:00.0: Detected crf-id 0xbadcafe, cnv-id 0x3000000 wfpm id 0x80000000
[So Jul 26 16:31:09 2026] iwlwifi 0000:03:00.0: PCI dev 24f3/0130, rev=0x201, rfid=0xd55555d5
[So Jul 26 16:31:09 2026] iwlwifi 0000:03:00.0: Detected Intel(R) Dual Band Wireless-AC 8260
[So Jul 26 16:31:09 2026] iwlwifi 0000:03:00.0: loaded firmware version 36.c8e8e144.0 8000C-36.ucode op_mode iwlmvm
[So Jul 26 16:31:09 2026] usb 1-1: Dumping efuse for RTL8188EU (0x200 bytes):
[So Jul 26 16:31:09 2026] usb 1-1: RTL8188EU rev D (TSMC) romver 0, 1T1R, TX queues 2, WiFi=1, BT=0, GPS=0, HI PA=0
[So Jul 26 16:31:09 2026] usb 1-1: RTL8188EU MAC: bc:fc:e7:29:24:07
[So Jul 26 16:31:09 2026] usb 1-1: rtl8xxxu: Loading firmware rtlwifi/rtl8188eufw.bin
[So Jul 26 16:31:09 2026] iwlwifi 0000:03:00.0: base HW address: f4:8c:50:23:4a:74, OTP minor version: 0x4
[So Jul 26 16:31:09 2026] ieee80211 phy3: Selected rate control algorithm 'iwl-mvm-rs'
[So Jul 26 16:31:09 2026] iwlwifi 0000:03:00.0 wlp3s0: renamed from wlan0
[So Jul 26 16:31:10 2026] usbcore: registered new interface driver rtl8xxxu
[So Jul 26 16:31:10 2026] rtl8xxxu 1-1:1.0 wlxbcfce7292407: renamed from wlan0
[So Jul 26 16:31:11 2026] wlxbcfce7292407: authenticate with b8:ec:a3:dc:73:f5 (local address=bc:fc:e7:29:24:07)
[So Jul 26 16:31:11 2026] wlxbcfce7292407: send auth to b8:ec:a3:dc:73:f5 (try 1/3)
[So Jul 26 16:31:11 2026] wlxbcfce7292407: authenticated
[So Jul 26 16:31:11 2026] wlxbcfce7292407: associate with b8:ec:a3:dc:73:f5 (try 1/3)
[So Jul 26 16:31:12 2026] wlxbcfce7292407: associate with b8:ec:a3:dc:73:f5 (try 2/3)
[So Jul 26 16:31:12 2026] wlxbcfce7292407: associate with b8:ec:a3:dc:73:f5 (try 3/3)
[So Jul 26 16:31:12 2026] wlxbcfce7292407: association with b8:ec:a3:dc:73:f5 timed out
[So Jul 26 16:31:13 2026] wlxbcfce7292407: authenticate with b8:ec:a3:dc:73:f5 (local address=bc:fc:e7:29:24:07)
[So Jul 26 16:31:13 2026] wlxbcfce7292407: send auth to b8:ec:a3:dc:73:f5 (try 1/3)
[So Jul 26 16:31:13 2026] wlxbcfce7292407: authenticated
[So Jul 26 16:31:13 2026] wlxbcfce7292407: associate with b8:ec:a3:dc:73:f5 (try 1/3)
[So Jul 26 16:31:13 2026] wlxbcfce7292407: associate with b8:ec:a3:dc:73:f5 (try 2/3)
[So Jul 26 16:31:13 2026] wlxbcfce7292407: associate with b8:ec:a3:dc:73:f5 (try 3/3)
[So Jul 26 16:31:14 2026] wlxbcfce7292407: association with b8:ec:a3:dc:73:f5 timed out
[So Jul 26 16:31:21 2026] wlxbcfce7292407: authenticate with b8:ec:a3:dc:73:f5 (local address=bc:fc:e7:29:24:07)
[So Jul 26 16:31:21 2026] wlxbcfce7292407: send auth to b8:ec:a3:dc:73:f5 (try 1/3)
[So Jul 26 16:31:21 2026] wlxbcfce7292407: authenticated
[So Jul 26 16:31:21 2026] wlxbcfce7292407: associate with b8:ec:a3:dc:73:f5 (try 1/3)
[So Jul 26 16:31:21 2026] wlxbcfce7292407: RX AssocResp from b8:ec:a3:dc:73:f5 (capab=0x411 status=0 aid=40)
[So Jul 26 16:31:21 2026] usb 1-1: rtl8xxxu_bss_info_changed: HT supported
[So Jul 26 16:31:21 2026] wlxbcfce7292407: associated
[So Jul 26 16:34:08 2026] wlxbcfce7292407: deauthenticating from b8:ec:a3:dc:73:f5 by local choice (Reason: 3=DEAUTH_LEAVING)
[So Jul 26 16:34:15 2026] usb 1-1: Dumping efuse for RTL8188EU (0x200 bytes):
[So Jul 26 16:34:15 2026] usb 1-1: RTL8188EU rev D (TSMC) romver 0, 1T1R, TX queues 2, WiFi=1, BT=0, GPS=0, HI PA=0
[So Jul 26 16:34:15 2026] usb 1-1: RTL8188EU MAC: bc:fc:e7:29:24:07
[So Jul 26 16:34:15 2026] usb 1-1: rtl8xxxu: Loading firmware rtlwifi/rtl8188eufw.bin
[So Jul 26 16:34:16 2026] rtl8xxxu 1-1:1.0 wlxbcfce7292407: renamed from wlan0
[So Jul 26 16:34:26 2026] wlxbcfce7292407: authenticate with b8:ec:a3:dc:73:f5 (local address=bc:fc:e7:29:24:07)
[So Jul 26 16:34:26 2026] wlxbcfce7292407: send auth to b8:ec:a3:dc:73:f5 (try 1/3)
[So Jul 26 16:34:26 2026] wlxbcfce7292407: authenticated
[So Jul 26 16:34:26 2026] wlxbcfce7292407: associate with b8:ec:a3:dc:73:f5 (try 1/3)
[So Jul 26 16:34:26 2026] wlxbcfce7292407: associate with b8:ec:a3:dc:73:f5 (try 2/3)
[So Jul 26 16:34:27 2026] wlxbcfce7292407: associate with b8:ec:a3:dc:73:f5 (try 3/3)
[So Jul 26 16:34:27 2026] wlxbcfce7292407: association with b8:ec:a3:dc:73:f5 timed out
[So Jul 26 16:34:34 2026] wlxbcfce7292407: authenticate with b8:ec:a3:dc:73:f5 (local address=bc:fc:e7:29:24:07)
[So Jul 26 16:34:34 2026] wlxbcfce7292407: send auth to b8:ec:a3:dc:73:f5 (try 1/3)
[So Jul 26 16:34:34 2026] wlxbcfce7292407: authenticated
[So Jul 26 16:34:34 2026] wlxbcfce7292407: associate with b8:ec:a3:dc:73:f5 (try 1/3)
[So Jul 26 16:34:34 2026] wlxbcfce7292407: RX AssocResp from b8:ec:a3:dc:73:f5 (capab=0x411 status=0 aid=40)
[So Jul 26 16:34:34 2026] usb 1-1: rtl8xxxu_bss_info_changed: HT supported
[So Jul 26 16:34:34 2026] wlxbcfce7292407: associated
[So Jul 26 16:45:57 2026] wlxbcfce7292407: deauthenticating from b8:ec:a3:dc:73:f5 by local choice (Reason: 3=DEAUTH_LEAVING)
[So Jul 26 16:45:58 2026] usb 1-1: Device still attached, trying to reset
[So Jul 26 16:45:58 2026] usb 1-1: reset high-speed USB device number 9 using xhci_hcd
[So Jul 26 16:45:59 2026] usb 1-7: reset high-speed USB device number 5 using xhci_hcd
[So Jul 26 16:45:59 2026] usb 1-2: reset high-speed USB device number 3 using xhci_hcd
[So Jul 26 16:45:59 2026] usb 1-6: reset full-speed USB device number 4 using xhci_hcd
[So Jul 26 16:46:00 2026] usb 1-1: Dumping efuse for RTL8188EU (0x200 bytes):
[So Jul 26 16:46:00 2026] usb 1-1: RTL8188EU rev D (TSMC) romver 0, 1T1R, TX queues 2, WiFi=1, BT=0, GPS=0, HI PA=0
[So Jul 26 16:46:00 2026] usb 1-1: RTL8188EU MAC: bc:fc:e7:29:24:07
[So Jul 26 16:46:00 2026] usb 1-1: rtl8xxxu: Loading firmware rtlwifi/rtl8188eufw.bin
[So Jul 26 16:46:01 2026] rtl8xxxu 1-1:1.0 wlxbcfce7292407: renamed from wlan0
[So Jul 26 16:46:02 2026] wlxbcfce7292407: authenticate with b8:ec:a3:dc:73:f5 (local address=bc:fc:e7:29:24:07)
[So Jul 26 16:46:02 2026] wlxbcfce7292407: send auth to b8:ec:a3:dc:73:f5 (try 1/3)
[So Jul 26 16:46:02 2026] wlxbcfce7292407: authenticated
[So Jul 26 16:46:02 2026] wlxbcfce7292407: associate with b8:ec:a3:dc:73:f5 (try 1/3)
[So Jul 26 16:46:02 2026] wlxbcfce7292407: RX AssocResp from b8:ec:a3:dc:73:f5 (capab=0x411 status=0 aid=46)
[So Jul 26 16:46:02 2026] usb 1-1: rtl8xxxu_bss_info_changed: HT supported
[So Jul 26 16:46:02 2026] wlxbcfce7292407: associated
[So Jul 26 16:49:04 2026] ata1.00: failed command: WRITE FPDMA QUEUED
[So Jul 26 16:49:04 2026] ata1.00: failed command: READ FPDMA QUEUED
[So Jul 26 16:49:04 2026] ata1.00: failed command: WRITE FPDMA QUEUED
[So Jul 26 16:49:04 2026] ata1: hard resetting link
[So Jul 26 16:51:10 2026] ata1.00: failed command: WRITE FPDMA QUEUED
[So Jul 26 16:51:10 2026] ata1.00: failed command: WRITE FPDMA QUEUED
[So Jul 26 16:51:10 2026] ata1.00: failed command: WRITE FPDMA QUEUED
[So Jul 26 16:51:10 2026] ata1.00: failed command: WRITE FPDMA QUEUED
[So Jul 26 16:51:10 2026] ata1: hard resetting link
[So Jul 26 16:55:11 2026] ata1.00: failed command: WRITE FPDMA QUEUED
[So Jul 26 16:55:11 2026] ata1.00: failed command: WRITE FPDMA QUEUED
[So Jul 26 16:55:11 2026] ata1.00: failed command: WRITE FPDMA QUEUED
[So Jul 26 16:55:11 2026] ata1: hard resetting link
[So Jul 26 17:02:36 2026] ata1.00: failed command: WRITE FPDMA QUEUED
[So Jul 26 17:02:36 2026] ata1: hard resetting link
[So Jul 26 17:02:36 2026] ata1.00: failed command: WRITE FPDMA QUEUED
[So Jul 26 17:02:36 2026] ata1: hard resetting link
[So Jul 26 15:53:33 2026] systemd[1]: Listening on systemd-factory-reset.socket - Factory Reset Management.
[So Jul 26 15:53:36 2026] Bluetooth: hci0: Reading supported features failed (-16)
[So Jul 26 16:10:37 2026] cfg80211: Loading compiled-in X.509 certificates for regulatory database
[So Jul 26 16:10:37 2026] usb 1-1: Dumping efuse for RTL8188EU (0x200 bytes):
[So Jul 26 16:10:37 2026] usb 1-1: RTL8188EU rev D (TSMC) romver 0, 1T1R, TX queues 2, WiFi=1, BT=0, GPS=0, HI PA=0
[So Jul 26 16:10:37 2026] usb 1-1: RTL8188EU MAC: bc:fc:e7:29:24:07
[So Jul 26 16:10:37 2026] usb 1-1: rtl8xxxu: Loading firmware rtlwifi/rtl8188eufw.bin
[So Jul 26 16:10:38 2026] usbcore: registered new interface driver rtl8xxxu
[So Jul 26 16:10:38 2026] rtl8xxxu 1-1:1.0 wlxbcfce7292407: renamed from wlan0
[So Jul 26 16:10:43 2026] wlxbcfce7292407: authenticate with b8:ec:a3:dc:73:f5 (local address=bc:fc:e7:29:24:07)
[So Jul 26 16:10:43 2026] wlxbcfce7292407: send auth to b8:ec:a3:dc:73:f5 (try 1/3)
[So Jul 26 16:10:43 2026] wlxbcfce7292407: authenticated
[So Jul 26 16:10:43 2026] wlxbcfce7292407: associate with b8:ec:a3:dc:73:f5 (try 1/3)
[So Jul 26 16:10:43 2026] wlxbcfce7292407: RX AssocResp from b8:ec:a3:dc:73:f5 (capab=0x411 status=0 aid=40)
[So Jul 26 16:10:43 2026] usb 1-1: rtl8xxxu_bss_info_changed: HT supported
[So Jul 26 16:10:43 2026] wlxbcfce7292407: associated
[So Jul 26 16:10:47 2026] iwlwifi 0000:03:00.0: enabling device (0000 -> 0002)
[So Jul 26 16:10:47 2026] iwlwifi 0000:03:00.0: Detected crf-id 0xbadcafe, cnv-id 0x3000000 wfpm id 0x80000000
[So Jul 26 16:10:47 2026] iwlwifi 0000:03:00.0: PCI dev 24f3/0130, rev=0x201, rfid=0xd55555d5
[So Jul 26 16:10:47 2026] iwlwifi 0000:03:00.0: Detected Intel(R) Dual Band Wireless-AC 8260
[So Jul 26 16:10:47 2026] iwlwifi 0000:03:00.0: loaded firmware version 36.c8e8e144.0 8000C-36.ucode op_mode iwlmvm
[So Jul 26 16:10:47 2026] iwlwifi 0000:03:00.0: base HW address: f4:8c:50:23:4a:74, OTP minor version: 0x4
[So Jul 26 16:10:48 2026] ieee80211 phy1: Selected rate control algorithm 'iwl-mvm-rs'
[So Jul 26 16:10:48 2026] iwlwifi 0000:03:00.0 wlp3s0: renamed from wlan0
[So Jul 26 16:11:10 2026] wlxbcfce7292407: deauthenticating from b8:ec:a3:dc:73:f5 by local choice (Reason: 3=DEAUTH_LEAVING)
[So Jul 26 16:11:12 2026] wlxbcfce7292407: authenticate with b8:ec:a3:dc:73:f5 (local address=bc:fc:e7:29:24:07)
[So Jul 26 16:11:12 2026] wlxbcfce7292407: send auth to b8:ec:a3:dc:73:f5 (try 1/3)
[So Jul 26 16:11:12 2026] wlxbcfce7292407: authenticated
[So Jul 26 16:11:12 2026] wlxbcfce7292407: associate with b8:ec:a3:dc:73:f5 (try 1/3)
[So Jul 26 16:11:12 2026] wlxbcfce7292407: RX AssocResp from b8:ec:a3:dc:73:f5 (capab=0x411 status=0 aid=40)
[So Jul 26 16:11:12 2026] usb 1-1: rtl8xxxu_bss_info_changed: HT supported
[So Jul 26 16:11:12 2026] wlxbcfce7292407: associated
[So Jul 26 16:11:15 2026] wlp3s0: authenticate with b8:ec:a3:dc:73:f5 (local address=f4:8c:50:23:4a:74)
[So Jul 26 16:11:15 2026] wlp3s0: send auth to b8:ec:a3:dc:73:f5 (try 1/3)
[So Jul 26 16:11:15 2026] wlp3s0: authenticated
[So Jul 26 16:11:15 2026] wlp3s0: associate with b8:ec:a3:dc:73:f5 (try 1/3)
[So Jul 26 16:11:15 2026] wlp3s0: RX AssocResp from b8:ec:a3:dc:73:f5 (capab=0x411 status=0 aid=45)
[So Jul 26 16:11:15 2026] wlp3s0: associated
[So Jul 26 16:11:29 2026] wlp3s0: authenticate with b8:ec:a3:dc:73:f5 (local address=f4:8c:50:23:4a:74)
[So Jul 26 16:11:29 2026] wlp3s0: send auth to b8:ec:a3:dc:73:f5 (try 1/3)
[So Jul 26 16:11:29 2026] wlp3s0: authenticated
[So Jul 26 16:11:29 2026] wlp3s0: associate with b8:ec:a3:dc:73:f5 (try 1/3)
[So Jul 26 16:11:29 2026] wlp3s0: associate with b8:ec:a3:dc:73:f5 (try 2/3)
[So Jul 26 16:11:29 2026] wlp3s0: associate with b8:ec:a3:dc:73:f5 (try 3/3)
[So Jul 26 16:11:29 2026] wlp3s0: association with b8:ec:a3:dc:73:f5 timed out
[So Jul 26 16:12:16 2026] wlp3s0: authenticate with b8:ec:a3:dc:73:f5 (local address=f4:8c:50:23:4a:74)
[So Jul 26 16:12:16 2026] wlp3s0: send auth to b8:ec:a3:dc:73:f5 (try 1/3)
[So Jul 26 16:12:16 2026] wlp3s0: authenticated
[So Jul 26 16:12:16 2026] wlp3s0: associate with b8:ec:a3:dc:73:f5 (try 1/3)
[So Jul 26 16:12:16 2026] wlp3s0: RX AssocResp from b8:ec:a3:dc:73:f5 (capab=0x411 status=0 aid=45)
[So Jul 26 16:12:16 2026] wlp3s0: associated
[So Jul 26 16:12:23 2026] wlp3s0: Connection to AP b8:ec:a3:dc:73:f5 lost
[So Jul 26 16:20:45 2026] ata1.00: failed command: WRITE FPDMA QUEUED
[So Jul 26 16:20:45 2026] ata1: hard resetting link
[So Jul 26 16:27:35 2026] wlxbcfce7292407: authenticate with b8:ec:a3:dc:73:f5 (local address=bc:fc:e7:29:24:07)
[So Jul 26 16:27:35 2026] wlxbcfce7292407: send auth to b8:ec:a3:dc:73:f5 (try 1/3)
[So Jul 26 16:27:35 2026] wlxbcfce7292407: authenticated
[So Jul 26 16:27:35 2026] wlxbcfce7292407: associate with b8:ec:a3:dc:73:f5 (try 1/3)
[So Jul 26 16:27:35 2026] wlxbcfce7292407: associate with b8:ec:a3:dc:73:f5 (try 2/3)
[So Jul 26 16:27:35 2026] wlxbcfce7292407: associate with b8:ec:a3:dc:73:f5 (try 3/3)
[So Jul 26 16:27:35 2026] wlxbcfce7292407: association with b8:ec:a3:dc:73:f5 timed out
[So Jul 26 16:27:43 2026] wlxbcfce7292407: authenticate with b8:ec:a3:dc:73:f5 (local address=bc:fc:e7:29:24:07)
[So Jul 26 16:27:43 2026] wlxbcfce7292407: send auth to b8:ec:a3:dc:73:f5 (try 1/3)
[So Jul 26 16:27:43 2026] wlxbcfce7292407: authenticated
[So Jul 26 16:27:43 2026] wlxbcfce7292407: associate with b8:ec:a3:dc:73:f5 (try 1/3)
[So Jul 26 16:27:43 2026] wlxbcfce7292407: RX AssocResp from b8:ec:a3:dc:73:f5 (capab=0x411 status=0 aid=40)
[So Jul 26 16:27:43 2026] usb 1-1: rtl8xxxu_bss_info_changed: HT supported
[So Jul 26 16:27:43 2026] wlxbcfce7292407: associated
[So Jul 26 16:31:03 2026] ata1.00: failed command: WRITE FPDMA QUEUED
[So Jul 26 16:31:03 2026] ata1.00: failed command: WRITE FPDMA QUEUED
[So Jul 26 16:31:03 2026] ata1: hard resetting link
[So Jul 26 16:31:07 2026] usbcore: deregistering interface driver rtl8xxxu
[So Jul 26 16:31:07 2026] wlxbcfce7292407: deauthenticating from b8:ec:a3:dc:73:f5 by local choice (Reason: 3=DEAUTH_LEAVING)
[So Jul 26 16:31:07 2026] usb 1-1: Device still attached, trying to reset
[So Jul 26 16:31:07 2026] usb 1-1: reset high-speed USB device number 8 using xhci_hcd
[So Jul 26 16:31:09 2026] iwlwifi 0000:03:00.0: Detected crf-id 0xbadcafe, cnv-id 0x3000000 wfpm id 0x80000000
[So Jul 26 16:31:09 2026] iwlwifi 0000:03:00.0: PCI dev 24f3/0130, rev=0x201, rfid=0xd55555d5
[So Jul 26 16:31:09 2026] iwlwifi 0000:03:00.0: Detected Intel(R) Dual Band Wireless-AC 8260
[So Jul 26 16:31:09 2026] iwlwifi 0000:03:00.0: loaded firmware version 36.c8e8e144.0 8000C-36.ucode op_mode iwlmvm
[So Jul 26 16:31:09 2026] usb 1-1: Dumping efuse for RTL8188EU (0x200 bytes):
[So Jul 26 16:31:09 2026] usb 1-1: RTL8188EU rev D (TSMC) romver 0, 1T1R, TX queues 2, WiFi=1, BT=0, GPS=0, HI PA=0
[So Jul 26 16:31:09 2026] usb 1-1: RTL8188EU MAC: bc:fc:e7:29:24:07
[So Jul 26 16:31:09 2026] usb 1-1: rtl8xxxu: Loading firmware rtlwifi/rtl8188eufw.bin
[So Jul 26 16:31:09 2026] iwlwifi 0000:03:00.0: base HW address: f4:8c:50:23:4a:74, OTP minor version: 0x4
[So Jul 26 16:31:09 2026] ieee80211 phy3: Selected rate control algorithm 'iwl-mvm-rs'
[So Jul 26 16:31:09 2026] iwlwifi 0000:03:00.0 wlp3s0: renamed from wlan0
[So Jul 26 16:31:10 2026] usbcore: registered new interface driver rtl8xxxu
[So Jul 26 16:31:10 2026] rtl8xxxu 1-1:1.0 wlxbcfce7292407: renamed from wlan0
[So Jul 26 16:31:11 2026] wlxbcfce7292407: authenticate with b8:ec:a3:dc:73:f5 (local address=bc:fc:e7:29:24:07)
[So Jul 26 16:31:11 2026] wlxbcfce7292407: send auth to b8:ec:a3:dc:73:f5 (try 1/3)
[So Jul 26 16:31:11 2026] wlxbcfce7292407: authenticated
[So Jul 26 16:31:11 2026] wlxbcfce7292407: associate with b8:ec:a3:dc:73:f5 (try 1/3)
[So Jul 26 16:31:12 2026] wlxbcfce7292407: associate with b8:ec:a3:dc:73:f5 (try 2/3)
[So Jul 26 16:31:12 2026] wlxbcfce7292407: associate with b8:ec:a3:dc:73:f5 (try 3/3)
[So Jul 26 16:31:12 2026] wlxbcfce7292407: association with b8:ec:a3:dc:73:f5 timed out
[So Jul 26 16:31:13 2026] wlxbcfce7292407: authenticate with b8:ec:a3:dc:73:f5 (local address=bc:fc:e7:29:24:07)
[So Jul 26 16:31:13 2026] wlxbcfce7292407: send auth to b8:ec:a3:dc:73:f5 (try 1/3)
[So Jul 26 16:31:13 2026] wlxbcfce7292407: authenticated
[So Jul 26 16:31:13 2026] wlxbcfce7292407: associate with b8:ec:a3:dc:73:f5 (try 1/3)
[So Jul 26 16:31:13 2026] wlxbcfce7292407: associate with b8:ec:a3:dc:73:f5 (try 2/3)
[So Jul 26 16:31:13 2026] wlxbcfce7292407: associate with b8:ec:a3:dc:73:f5 (try 3/3)
[So Jul 26 16:31:14 2026] wlxbcfce7292407: association with b8:ec:a3:dc:73:f5 timed out
[So Jul 26 16:31:21 2026] wlxbcfce7292407: authenticate with b8:ec:a3:dc:73:f5 (local address=bc:fc:e7:29:24:07)
[So Jul 26 16:31:21 2026] wlxbcfce7292407: send auth to b8:ec:a3:dc:73:f5 (try 1/3)
[So Jul 26 16:31:21 2026] wlxbcfce7292407: authenticated
[So Jul 26 16:31:21 2026] wlxbcfce7292407: associate with b8:ec:a3:dc:73:f5 (try 1/3)
[So Jul 26 16:31:21 2026] wlxbcfce7292407: RX AssocResp from b8:ec:a3:dc:73:f5 (capab=0x411 status=0 aid=40)
[So Jul 26 16:31:21 2026] usb 1-1: rtl8xxxu_bss_info_changed: HT supported
[So Jul 26 16:31:21 2026] wlxbcfce7292407: associated
[So Jul 26 16:34:08 2026] wlxbcfce7292407: deauthenticating from b8:ec:a3:dc:73:f5 by local choice (Reason: 3=DEAUTH_LEAVING)
[So Jul 26 16:34:15 2026] usb 1-1: Dumping efuse for RTL8188EU (0x200 bytes):
[So Jul 26 16:34:15 2026] usb 1-1: RTL8188EU rev D (TSMC) romver 0, 1T1R, TX queues 2, WiFi=1, BT=0, GPS=0, HI PA=0
[So Jul 26 16:34:15 2026] usb 1-1: RTL8188EU MAC: bc:fc:e7:29:24:07
[So Jul 26 16:34:15 2026] usb 1-1: rtl8xxxu: Loading firmware rtlwifi/rtl8188eufw.bin
[So Jul 26 16:34:16 2026] rtl8xxxu 1-1:1.0 wlxbcfce7292407: renamed from wlan0
[So Jul 26 16:34:26 2026] wlxbcfce7292407: authenticate with b8:ec:a3:dc:73:f5 (local address=bc:fc:e7:29:24:07)
[So Jul 26 16:34:26 2026] wlxbcfce7292407: send auth to b8:ec:a3:dc:73:f5 (try 1/3)
[So Jul 26 16:34:26 2026] wlxbcfce7292407: authenticated
[So Jul 26 16:34:26 2026] wlxbcfce7292407: associate with b8:ec:a3:dc:73:f5 (try 1/3)
[So Jul 26 16:34:26 2026] wlxbcfce7292407: associate with b8:ec:a3:dc:73:f5 (try 2/3)
[So Jul 26 16:34:27 2026] wlxbcfce7292407: associate with b8:ec:a3:dc:73:f5 (try 3/3)
[So Jul 26 16:34:27 2026] wlxbcfce7292407: association with b8:ec:a3:dc:73:f5 timed out
[So Jul 26 16:34:34 2026] wlxbcfce7292407: authenticate with b8:ec:a3:dc:73:f5 (local address=bc:fc:e7:29:24:07)
[So Jul 26 16:34:34 2026] wlxbcfce7292407: send auth to b8:ec:a3:dc:73:f5 (try 1/3)
[So Jul 26 16:34:34 2026] wlxbcfce7292407: authenticated
[So Jul 26 16:34:34 2026] wlxbcfce7292407: associate with b8:ec:a3:dc:73:f5 (try 1/3)
[So Jul 26 16:34:34 2026] wlxbcfce7292407: RX AssocResp from b8:ec:a3:dc:73:f5 (capab=0x411 status=0 aid=40)
[So Jul 26 16:34:34 2026] usb 1-1: rtl8xxxu_bss_info_changed: HT supported
[So Jul 26 16:34:34 2026] wlxbcfce7292407: associated
[So Jul 26 16:45:57 2026] wlxbcfce7292407: deauthenticating from b8:ec:a3:dc:73:f5 by local choice (Reason: 3=DEAUTH_LEAVING)
[So Jul 26 16:45:58 2026] usb 1-1: Device still attached, trying to reset
[So Jul 26 16:45:58 2026] usb 1-1: reset high-speed USB device number 9 using xhci_hcd
[So Jul 26 16:45:59 2026] usb 1-7: reset high-speed USB device number 5 using xhci_hcd
[So Jul 26 16:45:59 2026] usb 1-2: reset high-speed USB device number 3 using xhci_hcd
[So Jul 26 16:45:59 2026] usb 1-6: reset full-speed USB device number 4 using xhci_hcd
[So Jul 26 16:46:00 2026] usb 1-1: Dumping efuse for RTL8188EU (0x200 bytes):
[So Jul 26 16:46:00 2026] usb 1-1: RTL8188EU rev D (TSMC) romver 0, 1T1R, TX queues 2, WiFi=1, BT=0, GPS=0, HI PA=0
[So Jul 26 16:46:00 2026] usb 1-1: RTL8188EU MAC: bc:fc:e7:29:24:07
[So Jul 26 16:46:00 2026] usb 1-1: rtl8xxxu: Loading firmware rtlwifi/rtl8188eufw.bin
[So Jul 26 16:46:01 2026] rtl8xxxu 1-1:1.0 wlxbcfce7292407: renamed from wlan0
[So Jul 26 16:46:02 2026] wlxbcfce7292407: authenticate with b8:ec:a3:dc:73:f5 (local address=bc:fc:e7:29:24:07)
[So Jul 26 16:46:02 2026] wlxbcfce7292407: send auth to b8:ec:a3:dc:73:f5 (try 1/3)
[So Jul 26 16:46:02 2026] wlxbcfce7292407: authenticated
[So Jul 26 16:46:02 2026] wlxbcfce7292407: associate with b8:ec:a3:dc:73:f5 (try 1/3)
[So Jul 26 16:46:02 2026] wlxbcfce7292407: RX AssocResp from b8:ec:a3:dc:73:f5 (capab=0x411 status=0 aid=46)
[So Jul 26 16:46:02 2026] usb 1-1: rtl8xxxu_bss_info_changed: HT supported
[So Jul 26 16:46:02 2026] wlxbcfce7292407: associated
[So Jul 26 16:49:04 2026] ata1.00: failed command: WRITE FPDMA QUEUED
[So Jul 26 16:49:04 2026] ata1.00: failed command: READ FPDMA QUEUED
[So Jul 26 16:49:04 2026] ata1.00: failed command: WRITE FPDMA QUEUED
[So Jul 26 16:49:04 2026] ata1: hard resetting link
[So Jul 26 16:51:10 2026] ata1.00: failed command: WRITE FPDMA QUEUED
[So Jul 26 16:51:10 2026] ata1.00: failed command: WRITE FPDMA QUEUED
[So Jul 26 16:51:10 2026] ata1.00: failed command: WRITE FPDMA QUEUED
[So Jul 26 16:51:10 2026] ata1.00: failed command: WRITE FPDMA QUEUED
[So Jul 26 16:51:10 2026] ata1: hard resetting link
[So Jul 26 16:55:11 2026] ata1.00: failed command: WRITE FPDMA QUEUED
[So Jul 26 16:55:11 2026] ata1.00: failed command: WRITE FPDMA QUEUED
[So Jul 26 16:55:11 2026] ata1.00: failed command: WRITE FPDMA QUEUED
[So Jul 26 16:55:11 2026] ata1: hard resetting link
[So Jul 26 17:02:36 2026] ata1.00: failed command: WRITE FPDMA QUEUED
[So Jul 26 17:02:36 2026] ata1: hard resetting link
[So Jul 26 17:02:36 2026] ata1.00: failed command: WRITE FPDMA QUEUED
[So Jul 26 17:02:36 2026] ata1: hard resetting link
[So Jul 26 15:53:33 2026] systemd[1]: Listening on systemd-factory-reset.socket - Factory Reset Management.
[So Jul 26 15:53:36 2026] Bluetooth: hci0: Reading supported features failed (-16)
[So Jul 26 16:10:37 2026] cfg80211: Loading compiled-in X.509 certificates for regulatory database
[So Jul 26 16:10:37 2026] usb 1-1: Dumping efuse for RTL8188EU (0x200 bytes):
[So Jul 26 16:10:37 2026] usb 1-1: RTL8188EU rev D (TSMC) romver 0, 1T1R, TX queues 2, WiFi=1, BT=0, GPS=0, HI PA=0
[So Jul 26 16:10:37 2026] usb 1-1: RTL8188EU MAC: bc:fc:e7:29:24:07
[So Jul 26 16:10:37 2026] usb 1-1: rtl8xxxu: Loading firmware rtlwifi/rtl8188eufw.bin
[So Jul 26 16:10:38 2026] usbcore: registered new interface driver rtl8xxxu
[So Jul 26 16:10:38 2026] rtl8xxxu 1-1:1.0 wlxbcfce7292407: renamed from wlan0
[So Jul 26 16:10:43 2026] wlxbcfce7292407: authenticate with b8:ec:a3:dc:73:f5 (local address=bc:fc:e7:29:24:07)
[So Jul 26 16:10:43 2026] wlxbcfce7292407: send auth to b8:ec:a3:dc:73:f5 (try 1/3)
[So Jul 26 16:10:43 2026] wlxbcfce7292407: authenticated
[So Jul 26 16:10:43 2026] wlxbcfce7292407: associate with b8:ec:a3:dc:73:f5 (try 1/3)
[So Jul 26 16:10:43 2026] wlxbcfce7292407: RX AssocResp from b8:ec:a3:dc:73:f5 (capab=0x411 status=0 aid=40)
[So Jul 26 16:10:43 2026] usb 1-1: rtl8xxxu_bss_info_changed: HT supported
[So Jul 26 16:10:43 2026] wlxbcfce7292407: associated
[So Jul 26 16:10:47 2026] iwlwifi 0000:03:00.0: enabling device (0000 -> 0002)
[So Jul 26 16:10:47 2026] iwlwifi 0000:03:00.0: Detected crf-id 0xbadcafe, cnv-id 0x3000000 wfpm id 0x80000000
[So Jul 26 16:10:47 2026] iwlwifi 0000:03:00.0: PCI dev 24f3/0130, rev=0x201, rfid=0xd55555d5
[So Jul 26 16:10:47 2026] iwlwifi 0000:03:00.0: Detected Intel(R) Dual Band Wireless-AC 8260
[So Jul 26 16:10:47 2026] iwlwifi 0000:03:00.0: loaded firmware version 36.c8e8e144.0 8000C-36.ucode op_mode iwlmvm
[So Jul 26 16:10:47 2026] iwlwifi 0000:03:00.0: base HW address: f4:8c:50:23:4a:74, OTP minor version: 0x4
[So Jul 26 16:10:48 2026] ieee80211 phy1: Selected rate control algorithm 'iwl-mvm-rs'
[So Jul 26 16:10:48 2026] iwlwifi 0000:03:00.0 wlp3s0: renamed from wlan0
[So Jul 26 16:11:10 2026] wlxbcfce7292407: deauthenticating from b8:ec:a3:dc:73:f5 by local choice (Reason: 3=DEAUTH_LEAVING)
[So Jul 26 16:11:12 2026] wlxbcfce7292407: authenticate with b8:ec:a3:dc:73:f5 (local address=bc:fc:e7:29:24:07)
[So Jul 26 16:11:12 2026] wlxbcfce7292407: send auth to b8:ec:a3:dc:73:f5 (try 1/3)
[So Jul 26 16:11:12 2026] wlxbcfce7292407: authenticated
[So Jul 26 16:11:12 2026] wlxbcfce7292407: associate with b8:ec:a3:dc:73:f5 (try 1/3)
[So Jul 26 16:11:12 2026] wlxbcfce7292407: RX AssocResp from b8:ec:a3:dc:73:f5 (capab=0x411 status=0 aid=40)
[So Jul 26 16:11:12 2026] usb 1-1: rtl8xxxu_bss_info_changed: HT supported
[So Jul 26 16:11:12 2026] wlxbcfce7292407: associated
[So Jul 26 16:11:15 2026] wlp3s0: authenticate with b8:ec:a3:dc:73:f5 (local address=f4:8c:50:23:4a:74)
[So Jul 26 16:11:15 2026] wlp3s0: send auth to b8:ec:a3:dc:73:f5 (try 1/3)
[So Jul 26 16:11:15 2026] wlp3s0: authenticated
[So Jul 26 16:11:15 2026] wlp3s0: associate with b8:ec:a3:dc:73:f5 (try 1/3)
[So Jul 26 16:11:15 2026] wlp3s0: RX AssocResp from b8:ec:a3:dc:73:f5 (capab=0x411 status=0 aid=45)
[So Jul 26 16:11:15 2026] wlp3s0: associated
[So Jul 26 16:11:29 2026] wlp3s0: authenticate with b8:ec:a3:dc:73:f5 (local address=f4:8c:50:23:4a:74)
[So Jul 26 16:11:29 2026] wlp3s0: send auth to b8:ec:a3:dc:73:f5 (try 1/3)
[So Jul 26 16:11:29 2026] wlp3s0: authenticated
[So Jul 26 16:11:29 2026] wlp3s0: associate with b8:ec:a3:dc:73:f5 (try 1/3)
[So Jul 26 16:11:29 2026] wlp3s0: associate with b8:ec:a3:dc:73:f5 (try 2/3)
[So Jul 26 16:11:29 2026] wlp3s0: associate with b8:ec:a3:dc:73:f5 (try 3/3)
[So Jul 26 16:11:29 2026] wlp3s0: association with b8:ec:a3:dc:73:f5 timed out
[So Jul 26 16:12:16 2026] wlp3s0: authenticate with b8:ec:a3:dc:73:f5 (local address=f4:8c:50:23:4a:74)
[So Jul 26 16:12:16 2026] wlp3s0: send auth to b8:ec:a3:dc:73:f5 (try 1/3)
[So Jul 26 16:12:16 2026] wlp3s0: authenticated
[So Jul 26 16:12:16 2026] wlp3s0: associate with b8:ec:a3:dc:73:f5 (try 1/3)
[So Jul 26 16:12:16 2026] wlp3s0: RX AssocResp from b8:ec:a3:dc:73:f5 (capab=0x411 status=0 aid=45)
[So Jul 26 16:12:16 2026] wlp3s0: associated
[So Jul 26 16:12:23 2026] wlp3s0: Connection to AP b8:ec:a3:dc:73:f5 lost
[So Jul 26 16:20:45 2026] ata1.00: failed command: WRITE FPDMA QUEUED
[So Jul 26 16:20:45 2026] ata1: hard resetting link
[So Jul 26 16:27:35 2026] wlxbcfce7292407: authenticate with b8:ec:a3:dc:73:f5 (local address=bc:fc:e7:29:24:07)
[So Jul 26 16:27:35 2026] wlxbcfce7292407: send auth to b8:ec:a3:dc:73:f5 (try 1/3)
[So Jul 26 16:27:35 2026] wlxbcfce7292407: authenticated
[So Jul 26 16:27:35 2026] wlxbcfce7292407: associate with b8:ec:a3:dc:73:f5 (try 1/3)
[So Jul 26 16:27:35 2026] wlxbcfce7292407: associate with b8:ec:a3:dc:73:f5 (try 2/3)
[So Jul 26 16:27:35 2026] wlxbcfce7292407: associate with b8:ec:a3:dc:73:f5 (try 3/3)
[So Jul 26 16:27:35 2026] wlxbcfce7292407: association with b8:ec:a3:dc:73:f5 timed out
[So Jul 26 16:27:43 2026] wlxbcfce7292407: authenticate with b8:ec:a3:dc:73:f5 (local address=bc:fc:e7:29:24:07)
[So Jul 26 16:27:43 2026] wlxbcfce7292407: send auth to b8:ec:a3:dc:73:f5 (try 1/3)
[So Jul 26 16:27:43 2026] wlxbcfce7292407: authenticated
[So Jul 26 16:27:43 2026] wlxbcfce7292407: associate with b8:ec:a3:dc:73:f5 (try 1/3)
[So Jul 26 16:27:43 2026] wlxbcfce7292407: RX AssocResp from b8:ec:a3:dc:73:f5 (capab=0x411 status=0 aid=40)
[So Jul 26 16:27:43 2026] usb 1-1: rtl8xxxu_bss_info_changed: HT supported
[So Jul 26 16:27:43 2026] wlxbcfce7292407: associated
[So Jul 26 16:31:03 2026] ata1.00: failed command: WRITE FPDMA QUEUED
[So Jul 26 16:31:03 2026] ata1.00: failed command: WRITE FPDMA QUEUED
[So Jul 26 16:31:03 2026] ata1: hard resetting link
[So Jul 26 16:31:07 2026] usbcore: deregistering interface driver rtl8xxxu
[So Jul 26 16:31:07 2026] wlxbcfce7292407: deauthenticating from b8:ec:a3:dc:73:f5 by local choice (Reason: 3=DEAUTH_LEAVING)
[So Jul 26 16:31:07 2026] usb 1-1: Device still attached, trying to reset
[So Jul 26 16:31:07 2026] usb 1-1: reset high-speed USB device number 8 using xhci_hcd
[So Jul 26 16:31:09 2026] iwlwifi 0000:03:00.0: Detected crf-id 0xbadcafe, cnv-id 0x3000000 wfpm id 0x80000000
[So Jul 26 16:31:09 2026] iwlwifi 0000:03:00.0: PCI dev 24f3/0130, rev=0x201, rfid=0xd55555d5
[So Jul 26 16:31:09 2026] iwlwifi 0000:03:00.0: Detected Intel(R) Dual Band Wireless-AC 8260
[So Jul 26 16:31:09 2026] iwlwifi 0000:03:00.0: loaded firmware version 36.c8e8e144.0 8000C-36.ucode op_mode iwlmvm
[So Jul 26 16:31:09 2026] usb 1-1: Dumping efuse for RTL8188EU (0x200 bytes):
[So Jul 26 16:31:09 2026] usb 1-1: RTL8188EU rev D (TSMC) romver 0, 1T1R, TX queues 2, WiFi=1, BT=0, GPS=0, HI PA=0
[So Jul 26 16:31:09 2026] usb 1-1: RTL8188EU MAC: bc:fc:e7:29:24:07
[So Jul 26 16:31:09 2026] usb 1-1: rtl8xxxu: Loading firmware rtlwifi/rtl8188eufw.bin
[So Jul 26 16:31:09 2026] iwlwifi 0000:03:00.0: base HW address: f4:8c:50:23:4a:74, OTP minor version: 0x4
[So Jul 26 16:31:09 2026] ieee80211 phy3: Selected rate control algorithm 'iwl-mvm-rs'
[So Jul 26 16:31:09 2026] iwlwifi 0000:03:00.0 wlp3s0: renamed from wlan0
[So Jul 26 16:31:10 2026] usbcore: registered new interface driver rtl8xxxu
[So Jul 26 16:31:10 2026] rtl8xxxu 1-1:1.0 wlxbcfce7292407: renamed from wlan0
[So Jul 26 16:31:11 2026] wlxbcfce7292407: authenticate with b8:ec:a3:dc:73:f5 (local address=bc:fc:e7:29:24:07)
[So Jul 26 16:31:11 2026] wlxbcfce7292407: send auth to b8:ec:a3:dc:73:f5 (try 1/3)
[So Jul 26 16:31:11 2026] wlxbcfce7292407: authenticated
[So Jul 26 16:31:11 2026] wlxbcfce7292407: associate with b8:ec:a3:dc:73:f5 (try 1/3)
[So Jul 26 16:31:12 2026] wlxbcfce7292407: associate with b8:ec:a3:dc:73:f5 (try 2/3)
[So Jul 26 16:31:12 2026] wlxbcfce7292407: associate with b8:ec:a3:dc:73:f5 (try 3/3)
[So Jul 26 16:31:12 2026] wlxbcfce7292407: association with b8:ec:a3:dc:73:f5 timed out
[So Jul 26 16:31:13 2026] wlxbcfce7292407: authenticate with b8:ec:a3:dc:73:f5 (local address=bc:fc:e7:29:24:07)
[So Jul 26 16:31:13 2026] wlxbcfce7292407: send auth to b8:ec:a3:dc:73:f5 (try 1/3)
[So Jul 26 16:31:13 2026] wlxbcfce7292407: authenticated
[So Jul 26 16:31:13 2026] wlxbcfce7292407: associate with b8:ec:a3:dc:73:f5 (try 1/3)
[So Jul 26 16:31:13 2026] wlxbcfce7292407: associate with b8:ec:a3:dc:73:f5 (try 2/3)
[So Jul 26 16:31:13 2026] wlxbcfce7292407: associate with b8:ec:a3:dc:73:f5 (try 3/3)
[So Jul 26 16:31:14 2026] wlxbcfce7292407: association with b8:ec:a3:dc:73:f5 timed out
[So Jul 26 16:31:21 2026] wlxbcfce7292407: authenticate with b8:ec:a3:dc:73:f5 (local address=bc:fc:e7:29:24:07)
[So Jul 26 16:31:21 2026] wlxbcfce7292407: send auth to b8:ec:a3:dc:73:f5 (try 1/3)
[So Jul 26 16:31:21 2026] wlxbcfce7292407: authenticated
[So Jul 26 16:31:21 2026] wlxbcfce7292407: associate with b8:ec:a3:dc:73:f5 (try 1/3)
[So Jul 26 16:31:21 2026] wlxbcfce7292407: RX AssocResp from b8:ec:a3:dc:73:f5 (capab=0x411 status=0 aid=40)
[So Jul 26 16:31:21 2026] usb 1-1: rtl8xxxu_bss_info_changed: HT supported
[So Jul 26 16:31:21 2026] wlxbcfce7292407: associated
[So Jul 26 16:34:08 2026] wlxbcfce7292407: deauthenticating from b8:ec:a3:dc:73:f5 by local choice (Reason: 3=DEAUTH_LEAVING)
[So Jul 26 16:34:15 2026] usb 1-1: Dumping efuse for RTL8188EU (0x200 bytes):
[So Jul 26 16:34:15 2026] usb 1-1: RTL8188EU rev D (TSMC) romver 0, 1T1R, TX queues 2, WiFi=1, BT=0, GPS=0, HI PA=0
[So Jul 26 16:34:15 2026] usb 1-1: RTL8188EU MAC: bc:fc:e7:29:24:07
[So Jul 26 16:34:15 2026] usb 1-1: rtl8xxxu: Loading firmware rtlwifi/rtl8188eufw.bin
[So Jul 26 16:34:16 2026] rtl8xxxu 1-1:1.0 wlxbcfce7292407: renamed from wlan0
[So Jul 26 16:34:26 2026] wlxbcfce7292407: authenticate with b8:ec:a3:dc:73:f5 (local address=bc:fc:e7:29:24:07)
[So Jul 26 16:34:26 2026] wlxbcfce7292407: send auth to b8:ec:a3:dc:73:f5 (try 1/3)
[So Jul 26 16:34:26 2026] wlxbcfce7292407: authenticated
[So Jul 26 16:34:26 2026] wlxbcfce7292407: associate with b8:ec:a3:dc:73:f5 (try 1/3)
[So Jul 26 16:34:26 2026] wlxbcfce7292407: associate with b8:ec:a3:dc:73:f5 (try 2/3)
[So Jul 26 16:34:27 2026] wlxbcfce7292407: associate with b8:ec:a3:dc:73:f5 (try 3/3)
[So Jul 26 16:34:27 2026] wlxbcfce7292407: association with b8:ec:a3:dc:73:f5 timed out
[So Jul 26 16:34:34 2026] wlxbcfce7292407: authenticate with b8:ec:a3:dc:73:f5 (local address=bc:fc:e7:29:24:07)
[So Jul 26 16:34:34 2026] wlxbcfce7292407: send auth to b8:ec:a3:dc:73:f5 (try 1/3)
[So Jul 26 16:34:34 2026] wlxbcfce7292407: authenticated
[So Jul 26 16:34:34 2026] wlxbcfce7292407: associate with b8:ec:a3:dc:73:f5 (try 1/3)
[So Jul 26 16:34:34 2026] wlxbcfce7292407: RX AssocResp from b8:ec:a3:dc:73:f5 (capab=0x411 status=0 aid=40)
[So Jul 26 16:34:34 2026] usb 1-1: rtl8xxxu_bss_info_changed: HT supported
[So Jul 26 16:34:34 2026] wlxbcfce7292407: associated
[So Jul 26 16:45:57 2026] wlxbcfce7292407: deauthenticating from b8:ec:a3:dc:73:f5 by local choice (Reason: 3=DEAUTH_LEAVING)
[So Jul 26 16:45:58 2026] usb 1-1: Device still attached, trying to reset
[So Jul 26 16:45:58 2026] usb 1-1: reset high-speed USB device number 9 using xhci_hcd
[So Jul 26 16:45:59 2026] usb 1-7: reset high-speed USB device number 5 using xhci_hcd
[So Jul 26 16:45:59 2026] usb 1-2: reset high-speed USB device number 3 using xhci_hcd
[So Jul 26 16:45:59 2026] usb 1-6: reset full-speed USB device number 4 using xhci_hcd
[So Jul 26 16:46:00 2026] usb 1-1: Dumping efuse for RTL8188EU (0x200 bytes):
[So Jul 26 16:46:00 2026] usb 1-1: RTL8188EU rev D (TSMC) romver 0, 1T1R, TX queues 2, WiFi=1, BT=0, GPS=0, HI PA=0
[So Jul 26 16:46:00 2026] usb 1-1: RTL8188EU MAC: bc:fc:e7:29:24:07
[So Jul 26 16:46:00 2026] usb 1-1: rtl8xxxu: Loading firmware rtlwifi/rtl8188eufw.bin
[So Jul 26 16:46:01 2026] rtl8xxxu 1-1:1.0 wlxbcfce7292407: renamed from wlan0
[So Jul 26 16:46:02 2026] wlxbcfce7292407: authenticate with b8:ec:a3:dc:73:f5 (local address=bc:fc:e7:29:24:07)
[So Jul 26 16:46:02 2026] wlxbcfce7292407: send auth to b8:ec:a3:dc:73:f5 (try 1/3)
[So Jul 26 16:46:02 2026] wlxbcfce7292407: authenticated
[So Jul 26 16:46:02 2026] wlxbcfce7292407: associate with b8:ec:a3:dc:73:f5 (try 1/3)
[So Jul 26 16:46:02 2026] wlxbcfce7292407: RX AssocResp from b8:ec:a3:dc:73:f5 (capab=0x411 status=0 aid=46)
[So Jul 26 16:46:02 2026] usb 1-1: rtl8xxxu_bss_info_changed: HT supported
[So Jul 26 16:46:02 2026] wlxbcfce7292407: associated
[So Jul 26 16:49:04 2026] ata1.00: failed command: WRITE FPDMA QUEUED
[So Jul 26 16:49:04 2026] ata1.00: failed command: READ FPDMA QUEUED
[So Jul 26 16:49:04 2026] ata1.00: failed command: WRITE FPDMA QUEUED
[So Jul 26 16:49:04 2026] ata1: hard resetting link
[So Jul 26 16:51:10 2026] ata1.00: failed command: WRITE FPDMA QUEUED
[So Jul 26 16:51:10 2026] ata1.00: failed command: WRITE FPDMA QUEUED
[So Jul 26 16:51:10 2026] ata1.00: failed command: WRITE FPDMA QUEUED
[So Jul 26 16:51:10 2026] ata1.00: failed command: WRITE FPDMA QUEUED
[So Jul 26 16:51:10 2026] ata1: hard resetting link
[So Jul 26 16:55:11 2026] ata1.00: failed command: WRITE FPDMA QUEUED
[So Jul 26 16:55:11 2026] ata1.00: failed command: WRITE FPDMA QUEUED
[So Jul 26 16:55:11 2026] ata1.00: failed command: WRITE FPDMA QUEUED
[So Jul 26 16:55:11 2026] ata1: hard resetting link
[So Jul 26 17:02:36 2026] ata1.00: failed command: WRITE FPDMA QUEUED
[So Jul 26 17:02:36 2026] ata1: hard resetting link
[So Jul 26 17:02:36 2026] ata1.00: failed command: WRITE FPDMA QUEUED
[So Jul 26 17:02:36 2026] ata1: hard resetting link
[So Jul 26 15:53:33 2026] systemd[1]: Listening on systemd-factory-reset.socket - Factory Reset Management.
[So Jul 26 15:53:36 2026] Bluetooth: hci0: Reading supported features failed (-16)
[So Jul 26 16:10:37 2026] cfg80211: Loading compiled-in X.509 certificates for regulatory database
[So Jul 26 16:10:37 2026] usb 1-1: Dumping efuse for RTL8188EU (0x200 bytes):
[So Jul 26 16:10:37 2026] usb 1-1: RTL8188EU rev D (TSMC) romver 0, 1T1R, TX queues 2, WiFi=1, BT=0, GPS=0, HI PA=0
[So Jul 26 16:10:37 2026] usb 1-1: RTL8188EU MAC: bc:fc:e7:29:24:07
[So Jul 26 16:10:37 2026] usb 1-1: rtl8xxxu: Loading firmware rtlwifi/rtl8188eufw.bin
[So Jul 26 16:10:38 2026] usbcore: registered new interface driver rtl8xxxu
[So Jul 26 16:10:38 2026] rtl8xxxu 1-1:1.0 wlxbcfce7292407: renamed from wlan0
[So Jul 26 16:10:43 2026] wlxbcfce7292407: authenticate with b8:ec:a3:dc:73:f5 (local address=bc:fc:e7:29:24:07)
[So Jul 26 16:10:43 2026] wlxbcfce7292407: send auth to b8:ec:a3:dc:73:f5 (try 1/3)
[So Jul 26 16:10:43 2026] wlxbcfce7292407: authenticated
[So Jul 26 16:10:43 2026] wlxbcfce7292407: associate with b8:ec:a3:dc:73:f5 (try 1/3)
[So Jul 26 16:10:43 2026] wlxbcfce7292407: RX AssocResp from b8:ec:a3:dc:73:f5 (capab=0x411 status=0 aid=40)
[So Jul 26 16:10:43 2026] usb 1-1: rtl8xxxu_bss_info_changed: HT supported
[So Jul 26 16:10:43 2026] wlxbcfce7292407: associated
[So Jul 26 16:10:47 2026] iwlwifi 0000:03:00.0: enabling device (0000 -> 0002)
[So Jul 26 16:10:47 2026] iwlwifi 0000:03:00.0: Detected crf-id 0xbadcafe, cnv-id 0x3000000 wfpm id 0x80000000
[So Jul 26 16:10:47 2026] iwlwifi 0000:03:00.0: PCI dev 24f3/0130, rev=0x201, rfid=0xd55555d5
[So Jul 26 16:10:47 2026] iwlwifi 0000:03:00.0: Detected Intel(R) Dual Band Wireless-AC 8260
[So Jul 26 16:10:47 2026] iwlwifi 0000:03:00.0: loaded firmware version 36.c8e8e144.0 8000C-36.ucode op_mode iwlmvm
[So Jul 26 16:10:47 2026] iwlwifi 0000:03:00.0: base HW address: f4:8c:50:23:4a:74, OTP minor version: 0x4
[So Jul 26 16:10:48 2026] ieee80211 phy1: Selected rate control algorithm 'iwl-mvm-rs'
[So Jul 26 16:10:48 2026] iwlwifi 0000:03:00.0 wlp3s0: renamed from wlan0
[So Jul 26 16:11:10 2026] wlxbcfce7292407: deauthenticating from b8:ec:a3:dc:73:f5 by local choice (Reason: 3=DEAUTH_LEAVING)
[So Jul 26 16:11:12 2026] wlxbcfce7292407: authenticate with b8:ec:a3:dc:73:f5 (local address=bc:fc:e7:29:24:07)
[So Jul 26 16:11:12 2026] wlxbcfce7292407: send auth to b8:ec:a3:dc:73:f5 (try 1/3)
[So Jul 26 16:11:12 2026] wlxbcfce7292407: authenticated
[So Jul 26 16:11:12 2026] wlxbcfce7292407: associate with b8:ec:a3:dc:73:f5 (try 1/3)
[So Jul 26 16:11:12 2026] wlxbcfce7292407: RX AssocResp from b8:ec:a3:dc:73:f5 (capab=0x411 status=0 aid=40)
[So Jul 26 16:11:12 2026] usb 1-1: rtl8xxxu_bss_info_changed: HT supported
[So Jul 26 16:11:12 2026] wlxbcfce7292407: associated
[So Jul 26 16:11:15 2026] wlp3s0: authenticate with b8:ec:a3:dc:73:f5 (local address=f4:8c:50:23:4a:74)
[So Jul 26 16:11:15 2026] wlp3s0: send auth to b8:ec:a3:dc:73:f5 (try 1/3)
[So Jul 26 16:11:15 2026] wlp3s0: authenticated
[So Jul 26 16:11:15 2026] wlp3s0: associate with b8:ec:a3:dc:73:f5 (try 1/3)
[So Jul 26 16:11:15 2026] wlp3s0: RX AssocResp from b8:ec:a3:dc:73:f5 (capab=0x411 status=0 aid=45)
[So Jul 26 16:11:15 2026] wlp3s0: associated
[So Jul 26 16:11:29 2026] wlp3s0: authenticate with b8:ec:a3:dc:73:f5 (local address=f4:8c:50:23:4a:74)
[So Jul 26 16:11:29 2026] wlp3s0: send auth to b8:ec:a3:dc:73:f5 (try 1/3)
[So Jul 26 16:11:29 2026] wlp3s0: authenticated
[So Jul 26 16:11:29 2026] wlp3s0: associate with b8:ec:a3:dc:73:f5 (try 1/3)
[So Jul 26 16:11:29 2026] wlp3s0: associate with b8:ec:a3:dc:73:f5 (try 2/3)
[So Jul 26 16:11:29 2026] wlp3s0: associate with b8:ec:a3:dc:73:f5 (try 3/3)
[So Jul 26 16:11:29 2026] wlp3s0: association with b8:ec:a3:dc:73:f5 timed out
[So Jul 26 16:12:16 2026] wlp3s0: authenticate with b8:ec:a3:dc:73:f5 (local address=f4:8c:50:23:4a:74)
[So Jul 26 16:12:16 2026] wlp3s0: send auth to b8:ec:a3:dc:73:f5 (try 1/3)
[So Jul 26 16:12:16 2026] wlp3s0: authenticated
[So Jul 26 16:12:16 2026] wlp3s0: associate with b8:ec:a3:dc:73:f5 (try 1/3)
[So Jul 26 16:12:16 2026] wlp3s0: RX AssocResp from b8:ec:a3:dc:73:f5 (capab=0x411 status=0 aid=45)
[So Jul 26 16:12:16 2026] wlp3s0: associated
[So Jul 26 16:12:23 2026] wlp3s0: Connection to AP b8:ec:a3:dc:73:f5 lost
[So Jul 26 16:20:45 2026] ata1.00: failed command: WRITE FPDMA QUEUED
[So Jul 26 16:20:45 2026] ata1: hard resetting link
[So Jul 26 16:27:35 2026] wlxbcfce7292407: authenticate with b8:ec:a3:dc:73:f5 (local address=bc:fc:e7:29:24:07)
[So Jul 26 16:27:35 2026] wlxbcfce7292407: send auth to b8:ec:a3:dc:73:f5 (try 1/3)
[So Jul 26 16:27:35 2026] wlxbcfce7292407: authenticated
[So Jul 26 16:27:35 2026] wlxbcfce7292407: associate with b8:ec:a3:dc:73:f5 (try 1/3)
[So Jul 26 16:27:35 2026] wlxbcfce7292407: associate with b8:ec:a3:dc:73:f5 (try 2/3)
[So Jul 26 16:27:35 2026] wlxbcfce7292407: associate with b8:ec:a3:dc:73:f5 (try 3/3)
[So Jul 26 16:27:35 2026] wlxbcfce7292407: association with b8:ec:a3:dc:73:f5 timed out
[So Jul 26 16:27:43 2026] wlxbcfce7292407: authenticate with b8:ec:a3:dc:73:f5 (local address=bc:fc:e7:29:24:07)
[So Jul 26 16:27:43 2026] wlxbcfce7292407: send auth to b8:ec:a3:dc:73:f5 (try 1/3)
[So Jul 26 16:27:43 2026] wlxbcfce7292407: authenticated
[So Jul 26 16:27:43 2026] wlxbcfce7292407: associate with b8:ec:a3:dc:73:f5 (try 1/3)
[So Jul 26 16:27:43 2026] wlxbcfce7292407: RX AssocResp from b8:ec:a3:dc:73:f5 (capab=0x411 status=0 aid=40)
[So Jul 26 16:27:43 2026] usb 1-1: rtl8xxxu_bss_info_changed: HT supported
[So Jul 26 16:27:43 2026] wlxbcfce7292407: associated
[So Jul 26 16:31:03 2026] ata1.00: failed command: WRITE FPDMA QUEUED
[So Jul 26 16:31:03 2026] ata1.00: failed command: WRITE FPDMA QUEUED
[So Jul 26 16:31:03 2026] ata1: hard resetting link
[So Jul 26 16:31:07 2026] usbcore: deregistering interface driver rtl8xxxu
[So Jul 26 16:31:07 2026] wlxbcfce7292407: deauthenticating from b8:ec:a3:dc:73:f5 by local choice (Reason: 3=DEAUTH_LEAVING)
[So Jul 26 16:31:07 2026] usb 1-1: Device still attached, trying to reset
[So Jul 26 16:31:07 2026] usb 1-1: reset high-speed USB device number 8 using xhci_hcd
[So Jul 26 16:31:09 2026] iwlwifi 0000:03:00.0: Detected crf-id 0xbadcafe, cnv-id 0x3000000 wfpm id 0x80000000
[So Jul 26 16:31:09 2026] iwlwifi 0000:03:00.0: PCI dev 24f3/0130, rev=0x201, rfid=0xd55555d5
[So Jul 26 16:31:09 2026] iwlwifi 0000:03:00.0: Detected Intel(R) Dual Band Wireless-AC 8260
[So Jul 26 16:31:09 2026] iwlwifi 0000:03:00.0: loaded firmware version 36.c8e8e144.0 8000C-36.ucode op_mode iwlmvm
[So Jul 26 16:31:09 2026] usb 1-1: Dumping efuse for RTL8188EU (0x200 bytes):
[So Jul 26 16:31:09 2026] usb 1-1: RTL8188EU rev D (TSMC) romver 0, 1T1R, TX queues 2, WiFi=1, BT=0, GPS=0, HI PA=0
[So Jul 26 16:31:09 2026] usb 1-1: RTL8188EU MAC: bc:fc:e7:29:24:07
[So Jul 26 16:31:09 2026] usb 1-1: rtl8xxxu: Loading firmware rtlwifi/rtl8188eufw.bin
[So Jul 26 16:31:09 2026] iwlwifi 0000:03:00.0: base HW address: f4:8c:50:23:4a:74, OTP minor version: 0x4
[So Jul 26 16:31:09 2026] ieee80211 phy3: Selected rate control algorithm 'iwl-mvm-rs'
[So Jul 26 16:31:09 2026] iwlwifi 0000:03:00.0 wlp3s0: renamed from wlan0
[So Jul 26 16:31:10 2026] usbcore: registered new interface driver rtl8xxxu
[So Jul 26 16:31:10 2026] rtl8xxxu 1-1:1.0 wlxbcfce7292407: renamed from wlan0
[So Jul 26 16:31:11 2026] wlxbcfce7292407: authenticate with b8:ec:a3:dc:73:f5 (local address=bc:fc:e7:29:24:07)
[So Jul 26 16:31:11 2026] wlxbcfce7292407: send auth to b8:ec:a3:dc:73:f5 (try 1/3)
[So Jul 26 16:31:11 2026] wlxbcfce7292407: authenticated
[So Jul 26 16:31:11 2026] wlxbcfce7292407: associate with b8:ec:a3:dc:73:f5 (try 1/3)
[So Jul 26 16:31:12 2026] wlxbcfce7292407: associate with b8:ec:a3:dc:73:f5 (try 2/3)
[So Jul 26 16:31:12 2026] wlxbcfce7292407: associate with b8:ec:a3:dc:73:f5 (try 3/3)
[So Jul 26 16:31:12 2026] wlxbcfce7292407: association with b8:ec:a3:dc:73:f5 timed out
[So Jul 26 16:31:13 2026] wlxbcfce7292407: authenticate with b8:ec:a3:dc:73:f5 (local address=bc:fc:e7:29:24:07)
[So Jul 26 16:31:13 2026] wlxbcfce7292407: send auth to b8:ec:a3:dc:73:f5 (try 1/3)
[So Jul 26 16:31:13 2026] wlxbcfce7292407: authenticated
[So Jul 26 16:31:13 2026] wlxbcfce7292407: associate with b8:ec:a3:dc:73:f5 (try 1/3)
[So Jul 26 16:31:13 2026] wlxbcfce7292407: associate with b8:ec:a3:dc:73:f5 (try 2/3)
[So Jul 26 16:31:13 2026] wlxbcfce7292407: associate with b8:ec:a3:dc:73:f5 (try 3/3)
[So Jul 26 16:31:14 2026] wlxbcfce7292407: association with b8:ec:a3:dc:73:f5 timed out
[So Jul 26 16:31:21 2026] wlxbcfce7292407: authenticate with b8:ec:a3:dc:73:f5 (local address=bc:fc:e7:29:24:07)
[So Jul 26 16:31:21 2026] wlxbcfce7292407: send auth to b8:ec:a3:dc:73:f5 (try 1/3)
[So Jul 26 16:31:21 2026] wlxbcfce7292407: authenticated
[So Jul 26 16:31:21 2026] wlxbcfce7292407: associate with b8:ec:a3:dc:73:f5 (try 1/3)
[So Jul 26 16:31:21 2026] wlxbcfce7292407: RX AssocResp from b8:ec:a3:dc:73:f5 (capab=0x411 status=0 aid=40)
[So Jul 26 16:31:21 2026] usb 1-1: rtl8xxxu_bss_info_changed: HT supported
[So Jul 26 16:31:21 2026] wlxbcfce7292407: associated
[So Jul 26 16:34:08 2026] wlxbcfce7292407: deauthenticating from b8:ec:a3:dc:73:f5 by local choice (Reason: 3=DEAUTH_LEAVING)
[So Jul 26 16:34:15 2026] usb 1-1: Dumping efuse for RTL8188EU (0x200 bytes):
[So Jul 26 16:34:15 2026] usb 1-1: RTL8188EU rev D (TSMC) romver 0, 1T1R, TX queues 2, WiFi=1, BT=0, GPS=0, HI PA=0
[So Jul 26 16:34:15 2026] usb 1-1: RTL8188EU MAC: bc:fc:e7:29:24:07
[So Jul 26 16:34:15 2026] usb 1-1: rtl8xxxu: Loading firmware rtlwifi/rtl8188eufw.bin
[So Jul 26 16:34:16 2026] rtl8xxxu 1-1:1.0 wlxbcfce7292407: renamed from wlan0
[So Jul 26 16:34:26 2026] wlxbcfce7292407: authenticate with b8:ec:a3:dc:73:f5 (local address=bc:fc:e7:29:24:07)
[So Jul 26 16:34:26 2026] wlxbcfce7292407: send auth to b8:ec:a3:dc:73:f5 (try 1/3)
[So Jul 26 16:34:26 2026] wlxbcfce7292407: authenticated
[So Jul 26 16:34:26 2026] wlxbcfce7292407: associate with b8:ec:a3:dc:73:f5 (try 1/3)
[So Jul 26 16:34:26 2026] wlxbcfce7292407: associate with b8:ec:a3:dc:73:f5 (try 2/3)
[So Jul 26 16:34:27 2026] wlxbcfce7292407: associate with b8:ec:a3:dc:73:f5 (try 3/3)
[So Jul 26 16:34:27 2026] wlxbcfce7292407: association with b8:ec:a3:dc:73:f5 timed out
[So Jul 26 16:34:34 2026] wlxbcfce7292407: authenticate with b8:ec:a3:dc:73:f5 (local address=bc:fc:e7:29:24:07)
[So Jul 26 16:34:34 2026] wlxbcfce7292407: send auth to b8:ec:a3:dc:73:f5 (try 1/3)
[So Jul 26 16:34:34 2026] wlxbcfce7292407: authenticated
[So Jul 26 16:34:34 2026] wlxbcfce7292407: associate with b8:ec:a3:dc:73:f5 (try 1/3)
[So Jul 26 16:34:34 2026] wlxbcfce7292407: RX AssocResp from b8:ec:a3:dc:73:f5 (capab=0x411 status=0 aid=40)
[So Jul 26 16:34:34 2026] usb 1-1: rtl8xxxu_bss_info_changed: HT supported
[So Jul 26 16:34:34 2026] wlxbcfce7292407: associated
[So Jul 26 16:45:57 2026] wlxbcfce7292407: deauthenticating from b8:ec:a3:dc:73:f5 by local choice (Reason: 3=DEAUTH_LEAVING)
[So Jul 26 16:45:58 2026] usb 1-1: Device still attached, trying to reset
[So Jul 26 16:45:58 2026] usb 1-1: reset high-speed USB device number 9 using xhci_hcd
[So Jul 26 16:45:59 2026] usb 1-7: reset high-speed USB device number 5 using xhci_hcd
[So Jul 26 16:45:59 2026] usb 1-2: reset high-speed USB device number 3 using xhci_hcd
[So Jul 26 16:45:59 2026] usb 1-6: reset full-speed USB device number 4 using xhci_hcd
[So Jul 26 16:46:00 2026] usb 1-1: Dumping efuse for RTL8188EU (0x200 bytes):
[So Jul 26 16:46:00 2026] usb 1-1: RTL8188EU rev D (TSMC) romver 0, 1T1R, TX queues 2, WiFi=1, BT=0, GPS=0, HI PA=0
[So Jul 26 16:46:00 2026] usb 1-1: RTL8188EU MAC: bc:fc:e7:29:24:07
[So Jul 26 16:46:00 2026] usb 1-1: rtl8xxxu: Loading firmware rtlwifi/rtl8188eufw.bin
[So Jul 26 16:46:01 2026] rtl8xxxu 1-1:1.0 wlxbcfce7292407: renamed from wlan0
[So Jul 26 16:46:02 2026] wlxbcfce7292407: authenticate with b8:ec:a3:dc:73:f5 (local address=bc:fc:e7:29:24:07)
[So Jul 26 16:46:02 2026] wlxbcfce7292407: send auth to b8:ec:a3:dc:73:f5 (try 1/3)
[So Jul 26 16:46:02 2026] wlxbcfce7292407: authenticated
[So Jul 26 16:46:02 2026] wlxbcfce7292407: associate with b8:ec:a3:dc:73:f5 (try 1/3)
[So Jul 26 16:46:02 2026] wlxbcfce7292407: RX AssocResp from b8:ec:a3:dc:73:f5 (capab=0x411 status=0 aid=46)
[So Jul 26 16:46:02 2026] usb 1-1: rtl8xxxu_bss_info_changed: HT supported
[So Jul 26 16:46:02 2026] wlxbcfce7292407: associated
[So Jul 26 16:49:04 2026] ata1.00: failed command: WRITE FPDMA QUEUED
[So Jul 26 16:49:04 2026] ata1.00: failed command: READ FPDMA QUEUED
[So Jul 26 16:49:04 2026] ata1.00: failed command: WRITE FPDMA QUEUED
[So Jul 26 16:49:04 2026] ata1: hard resetting link
[So Jul 26 16:51:10 2026] ata1.00: failed command: WRITE FPDMA QUEUED
[So Jul 26 16:51:10 2026] ata1.00: failed command: WRITE FPDMA QUEUED
[So Jul 26 16:51:10 2026] ata1.00: failed command: WRITE FPDMA QUEUED
[So Jul 26 16:51:10 2026] ata1.00: failed command: WRITE FPDMA QUEUED
[So Jul 26 16:51:10 2026] ata1: hard resetting link
[So Jul 26 16:55:11 2026] ata1.00: failed command: WRITE FPDMA QUEUED
[So Jul 26 16:55:11 2026] ata1.00: failed command: WRITE FPDMA QUEUED
[So Jul 26 16:55:11 2026] ata1.00: failed command: WRITE FPDMA QUEUED
[So Jul 26 16:55:11 2026] ata1: hard resetting link
[So Jul 26 17:02:36 2026] ata1.00: failed command: WRITE FPDMA QUEUED
[So Jul 26 17:02:36 2026] ata1: hard resetting link
[So Jul 26 17:02:36 2026] ata1.00: failed command: WRITE FPDMA QUEUED
[So Jul 26 17:02:36 2026] ata1: hard resetting link
[So Jul 26 15:53:33 2026] systemd[1]: Listening on systemd-factory-reset.socket - Factory Reset Management.
[So Jul 26 15:53:36 2026] Bluetooth: hci0: Reading supported features failed (-16)
[So Jul 26 16:10:37 2026] cfg80211: Loading compiled-in X.509 certificates for regulatory database
[So Jul 26 16:10:37 2026] usb 1-1: Dumping efuse for RTL8188EU (0x200 bytes):
[So Jul 26 16:10:37 2026] usb 1-1: RTL8188EU rev D (TSMC) romver 0, 1T1R, TX queues 2, WiFi=1, BT=0, GPS=0, HI PA=0
[So Jul 26 16:10:37 2026] usb 1-1: RTL8188EU MAC: bc:fc:e7:29:24:07
[So Jul 26 16:10:37 2026] usb 1-1: rtl8xxxu: Loading firmware rtlwifi/rtl8188eufw.bin
[So Jul 26 16:10:38 2026] usbcore: registered new interface driver rtl8xxxu
[So Jul 26 16:10:38 2026] rtl8xxxu 1-1:1.0 wlxbcfce7292407: renamed from wlan0
[So Jul 26 16:10:43 2026] wlxbcfce7292407: authenticate with b8:ec:a3:dc:73:f5 (local address=bc:fc:e7:29:24:07)
[So Jul 26 16:10:43 2026] wlxbcfce7292407: send auth to b8:ec:a3:dc:73:f5 (try 1/3)
[So Jul 26 16:10:43 2026] wlxbcfce7292407: authenticated
[So Jul 26 16:10:43 2026] wlxbcfce7292407: associate with b8:ec:a3:dc:73:f5 (try 1/3)
[So Jul 26 16:10:43 2026] wlxbcfce7292407: RX AssocResp from b8:ec:a3:dc:73:f5 (capab=0x411 status=0 aid=40)
[So Jul 26 16:10:43 2026] usb 1-1: rtl8xxxu_bss_info_changed: HT supported
[So Jul 26 16:10:43 2026] wlxbcfce7292407: associated
[So Jul 26 16:10:47 2026] iwlwifi 0000:03:00.0: enabling device (0000 -> 0002)
[So Jul 26 16:10:47 2026] iwlwifi 0000:03:00.0: Detected crf-id 0xbadcafe, cnv-id 0x3000000 wfpm id 0x80000000
[So Jul 26 16:10:47 2026] iwlwifi 0000:03:00.0: PCI dev 24f3/0130, rev=0x201, rfid=0xd55555d5
[So Jul 26 16:10:47 2026] iwlwifi 0000:03:00.0: Detected Intel(R) Dual Band Wireless-AC 8260
[So Jul 26 16:10:47 2026] iwlwifi 0000:03:00.0: loaded firmware version 36.c8e8e144.0 8000C-36.ucode op_mode iwlmvm
[So Jul 26 16:10:47 2026] iwlwifi 0000:03:00.0: base HW address: f4:8c:50:23:4a:74, OTP minor version: 0x4
[So Jul 26 16:10:48 2026] ieee80211 phy1: Selected rate control algorithm 'iwl-mvm-rs'
[So Jul 26 16:10:48 2026] iwlwifi 0000:03:00.0 wlp3s0: renamed from wlan0
[So Jul 26 16:11:10 2026] wlxbcfce7292407: deauthenticating from b8:ec:a3:dc:73:f5 by local choice (Reason: 3=DEAUTH_LEAVING)
[So Jul 26 16:11:12 2026] wlxbcfce7292407: authenticate with b8:ec:a3:dc:73:f5 (local address=bc:fc:e7:29:24:07)
[So Jul 26 16:11:12 2026] wlxbcfce7292407: send auth to b8:ec:a3:dc:73:f5 (try 1/3)
[So Jul 26 16:11:12 2026] wlxbcfce7292407: authenticated
[So Jul 26 16:11:12 2026] wlxbcfce7292407: associate with b8:ec:a3:dc:73:f5 (try 1/3)
[So Jul 26 16:11:12 2026] wlxbcfce7292407: RX AssocResp from b8:ec:a3:dc:73:f5 (capab=0x411 status=0 aid=40)
[So Jul 26 16:11:12 2026] usb 1-1: rtl8xxxu_bss_info_changed: HT supported
[So Jul 26 16:11:12 2026] wlxbcfce7292407: associated
[So Jul 26 16:11:15 2026] wlp3s0: authenticate with b8:ec:a3:dc:73:f5 (local address=f4:8c:50:23:4a:74)
[So Jul 26 16:11:15 2026] wlp3s0: send auth to b8:ec:a3:dc:73:f5 (try 1/3)
[So Jul 26 16:11:15 2026] wlp3s0: authenticated
[So Jul 26 16:11:15 2026] wlp3s0: associate with b8:ec:a3:dc:73:f5 (try 1/3)
[So Jul 26 16:11:15 2026] wlp3s0: RX AssocResp from b8:ec:a3:dc:73:f5 (capab=0x411 status=0 aid=45)
[So Jul 26 16:11:15 2026] wlp3s0: associated
[So Jul 26 16:11:29 2026] wlp3s0: authenticate with b8:ec:a3:dc:73:f5 (local address=f4:8c:50:23:4a:74)
[So Jul 26 16:11:29 2026] wlp3s0: send auth to b8:ec:a3:dc:73:f5 (try 1/3)
[So Jul 26 16:11:29 2026] wlp3s0: authenticated
[So Jul 26 16:11:29 2026] wlp3s0: associate with b8:ec:a3:dc:73:f5 (try 1/3)
[So Jul 26 16:11:29 2026] wlp3s0: associate with b8:ec:a3:dc:73:f5 (try 2/3)
[So Jul 26 16:11:29 2026] wlp3s0: associate with b8:ec:a3:dc:73:f5 (try 3/3)
[So Jul 26 16:11:29 2026] wlp3s0: association with b8:ec:a3:dc:73:f5 timed out
[So Jul 26 16:12:16 2026] wlp3s0: authenticate with b8:ec:a3:dc:73:f5 (local address=f4:8c:50:23:4a:74)
[So Jul 26 16:12:16 2026] wlp3s0: send auth to b8:ec:a3:dc:73:f5 (try 1/3)
[So Jul 26 16:12:16 2026] wlp3s0: authenticated
[So Jul 26 16:12:16 2026] wlp3s0: associate with b8:ec:a3:dc:73:f5 (try 1/3)
[So Jul 26 16:12:16 2026] wlp3s0: RX AssocResp from b8:ec:a3:dc:73:f5 (capab=0x411 status=0 aid=45)
[So Jul 26 16:12:16 2026] wlp3s0: associated
[So Jul 26 16:12:23 2026] wlp3s0: Connection to AP b8:ec:a3:dc:73:f5 lost
[So Jul 26 16:20:45 2026] ata1.00: failed command: WRITE FPDMA QUEUED
[So Jul 26 16:20:45 2026] ata1: hard resetting link
[So Jul 26 16:27:35 2026] wlxbcfce7292407: authenticate with b8:ec:a3:dc:73:f5 (local address=bc:fc:e7:29:24:07)
[So Jul 26 16:27:35 2026] wlxbcfce7292407: send auth to b8:ec:a3:dc:73:f5 (try 1/3)
[So Jul 26 16:27:35 2026] wlxbcfce7292407: authenticated
[So Jul 26 16:27:35 2026] wlxbcfce7292407: associate with b8:ec:a3:dc:73:f5 (try 1/3)
[So Jul 26 16:27:35 2026] wlxbcfce7292407: associate with b8:ec:a3:dc:73:f5 (try 2/3)
[So Jul 26 16:27:35 2026] wlxbcfce7292407: associate with b8:ec:a3:dc:73:f5 (try 3/3)
[So Jul 26 16:27:35 2026] wlxbcfce7292407: association with b8:ec:a3:dc:73:f5 timed out
[So Jul 26 16:27:43 2026] wlxbcfce7292407: authenticate with b8:ec:a3:dc:73:f5 (local address=bc:fc:e7:29:24:07)
[So Jul 26 16:27:43 2026] wlxbcfce7292407: send auth to b8:ec:a3:dc:73:f5 (try 1/3)
[So Jul 26 16:27:43 2026] wlxbcfce7292407: authenticated
[So Jul 26 16:27:43 2026] wlxbcfce7292407: associate with b8:ec:a3:dc:73:f5 (try 1/3)
[So Jul 26 16:27:43 2026] wlxbcfce7292407: RX AssocResp from b8:ec:a3:dc:73:f5 (capab=0x411 status=0 aid=40)
[So Jul 26 16:27:43 2026] usb 1-1: rtl8xxxu_bss_info_changed: HT supported
[So Jul 26 16:27:43 2026] wlxbcfce7292407: associated
[So Jul 26 16:31:03 2026] ata1.00: failed command: WRITE FPDMA QUEUED
[So Jul 26 16:31:03 2026] ata1.00: failed command: WRITE FPDMA QUEUED
[So Jul 26 16:31:03 2026] ata1: hard resetting link
[So Jul 26 16:31:07 2026] usbcore: deregistering interface driver rtl8xxxu
[So Jul 26 16:31:07 2026] wlxbcfce7292407: deauthenticating from b8:ec:a3:dc:73:f5 by local choice (Reason: 3=DEAUTH_LEAVING)
[So Jul 26 16:31:07 2026] usb 1-1: Device still attached, trying to reset
[So Jul 26 16:31:07 2026] usb 1-1: reset high-speed USB device number 8 using xhci_hcd
[So Jul 26 16:31:09 2026] iwlwifi 0000:03:00.0: Detected crf-id 0xbadcafe, cnv-id 0x3000000 wfpm id 0x80000000
[So Jul 26 16:31:09 2026] iwlwifi 0000:03:00.0: PCI dev 24f3/0130, rev=0x201, rfid=0xd55555d5
[So Jul 26 16:31:09 2026] iwlwifi 0000:03:00.0: Detected Intel(R) Dual Band Wireless-AC 8260
[So Jul 26 16:31:09 2026] iwlwifi 0000:03:00.0: loaded firmware version 36.c8e8e144.0 8000C-36.ucode op_mode iwlmvm
[So Jul 26 16:31:09 2026] usb 1-1: Dumping efuse for RTL8188EU (0x200 bytes):
[So Jul 26 16:31:09 2026] usb 1-1: RTL8188EU rev D (TSMC) romver 0, 1T1R, TX queues 2, WiFi=1, BT=0, GPS=0, HI PA=0
[So Jul 26 16:31:09 2026] usb 1-1: RTL8188EU MAC: bc:fc:e7:29:24:07
[So Jul 26 16:31:09 2026] usb 1-1: rtl8xxxu: Loading firmware rtlwifi/rtl8188eufw.bin
[So Jul 26 16:31:09 2026] iwlwifi 0000:03:00.0: base HW address: f4:8c:50:23:4a:74, OTP minor version: 0x4
[So Jul 26 16:31:09 2026] ieee80211 phy3: Selected rate control algorithm 'iwl-mvm-rs'
[So Jul 26 16:31:09 2026] iwlwifi 0000:03:00.0 wlp3s0: renamed from wlan0
[So Jul 26 16:31:10 2026] usbcore: registered new interface driver rtl8xxxu
[So Jul 26 16:31:10 2026] rtl8xxxu 1-1:1.0 wlxbcfce7292407: renamed from wlan0
[So Jul 26 16:31:11 2026] wlxbcfce7292407: authenticate with b8:ec:a3:dc:73:f5 (local address=bc:fc:e7:29:24:07)
[So Jul 26 16:31:11 2026] wlxbcfce7292407: send auth to b8:ec:a3:dc:73:f5 (try 1/3)
[So Jul 26 16:31:11 2026] wlxbcfce7292407: authenticated
[So Jul 26 16:31:11 2026] wlxbcfce7292407: associate with b8:ec:a3:dc:73:f5 (try 1/3)
[So Jul 26 16:31:12 2026] wlxbcfce7292407: associate with b8:ec:a3:dc:73:f5 (try 2/3)
[So Jul 26 16:31:12 2026] wlxbcfce7292407: associate with b8:ec:a3:dc:73:f5 (try 3/3)
[So Jul 26 16:31:12 2026] wlxbcfce7292407: association with b8:ec:a3:dc:73:f5 timed out
[So Jul 26 16:31:13 2026] wlxbcfce7292407: authenticate with b8:ec:a3:dc:73:f5 (local address=bc:fc:e7:29:24:07)
[So Jul 26 16:31:13 2026] wlxbcfce7292407: send auth to b8:ec:a3:dc:73:f5 (try 1/3)
[So Jul 26 16:31:13 2026] wlxbcfce7292407: authenticated
[So Jul 26 16:31:13 2026] wlxbcfce7292407: associate with b8:ec:a3:dc:73:f5 (try 1/3)
[So Jul 26 16:31:13 2026] wlxbcfce7292407: associate with b8:ec:a3:dc:73:f5 (try 2/3)
[So Jul 26 16:31:13 2026] wlxbcfce7292407: associate with b8:ec:a3:dc:73:f5 (try 3/3)
[So Jul 26 16:31:14 2026] wlxbcfce7292407: association with b8:ec:a3:dc:73:f5 timed out
[So Jul 26 16:31:21 2026] wlxbcfce7292407: authenticate with b8:ec:a3:dc:73:f5 (local address=bc:fc:e7:29:24:07)
[So Jul 26 16:31:21 2026] wlxbcfce7292407: send auth to b8:ec:a3:dc:73:f5 (try 1/3)
[So Jul 26 16:31:21 2026] wlxbcfce7292407: authenticated
[So Jul 26 16:31:21 2026] wlxbcfce7292407: associate with b8:ec:a3:dc:73:f5 (try 1/3)
[So Jul 26 16:31:21 2026] wlxbcfce7292407: RX AssocResp from b8:ec:a3:dc:73:f5 (capab=0x411 status=0 aid=40)
[So Jul 26 16:31:21 2026] usb 1-1: rtl8xxxu_bss_info_changed: HT supported
[So Jul 26 16:31:21 2026] wlxbcfce7292407: associated
[So Jul 26 16:34:08 2026] wlxbcfce7292407: deauthenticating from b8:ec:a3:dc:73:f5 by local choice (Reason: 3=DEAUTH_LEAVING)
[So Jul 26 16:34:15 2026] usb 1-1: Dumping efuse for RTL8188EU (0x200 bytes):
[So Jul 26 16:34:15 2026] usb 1-1: RTL8188EU rev D (TSMC) romver 0, 1T1R, TX queues 2, WiFi=1, BT=0, GPS=0, HI PA=0
[So Jul 26 16:34:15 2026] usb 1-1: RTL8188EU MAC: bc:fc:e7:29:24:07
[So Jul 26 16:34:15 2026] usb 1-1: rtl8xxxu: Loading firmware rtlwifi/rtl8188eufw.bin
[So Jul 26 16:34:16 2026] rtl8xxxu 1-1:1.0 wlxbcfce7292407: renamed from wlan0
[So Jul 26 16:34:26 2026] wlxbcfce7292407: authenticate with b8:ec:a3:dc:73:f5 (local address=bc:fc:e7:29:24:07)
[So Jul 26 16:34:26 2026] wlxbcfce7292407: send auth to b8:ec:a3:dc:73:f5 (try 1/3)
[So Jul 26 16:34:26 2026] wlxbcfce7292407: authenticated
[So Jul 26 16:34:26 2026] wlxbcfce7292407: associate with b8:ec:a3:dc:73:f5 (try 1/3)
[So Jul 26 16:34:26 2026] wlxbcfce7292407: associate with b8:ec:a3:dc:73:f5 (try 2/3)
[So Jul 26 16:34:27 2026] wlxbcfce7292407: associate with b8:ec:a3:dc:73:f5 (try 3/3)
[So Jul 26 16:34:27 2026] wlxbcfce7292407: association with b8:ec:a3:dc:73:f5 timed out
[So Jul 26 16:34:34 2026] wlxbcfce7292407: authenticate with b8:ec:a3:dc:73:f5 (local address=bc:fc:e7:29:24:07)
[So Jul 26 16:34:34 2026] wlxbcfce7292407: send auth to b8:ec:a3:dc:73:f5 (try 1/3)
[So Jul 26 16:34:34 2026] wlxbcfce7292407: authenticated
[So Jul 26 16:34:34 2026] wlxbcfce7292407: associate with b8:ec:a3:dc:73:f5 (try 1/3)
[So Jul 26 16:34:34 2026] wlxbcfce7292407: RX AssocResp from b8:ec:a3:dc:73:f5 (capab=0x411 status=0 aid=40)
[So Jul 26 16:34:34 2026] usb 1-1: rtl8xxxu_bss_info_changed: HT supported
[So Jul 26 16:34:34 2026] wlxbcfce7292407: associated
[So Jul 26 16:45:57 2026] wlxbcfce7292407: deauthenticating from b8:ec:a3:dc:73:f5 by local choice (Reason: 3=DEAUTH_LEAVING)
[So Jul 26 16:45:58 2026] usb 1-1: Device still attached, trying to reset
[So Jul 26 16:45:58 2026] usb 1-1: reset high-speed USB device number 9 using xhci_hcd
[So Jul 26 16:45:59 2026] usb 1-7: reset high-speed USB device number 5 using xhci_hcd
[So Jul 26 16:45:59 2026] usb 1-2: reset high-speed USB device number 3 using xhci_hcd
[So Jul 26 16:45:59 2026] usb 1-6: reset full-speed USB device number 4 using xhci_hcd
[So Jul 26 16:46:00 2026] usb 1-1: Dumping efuse for RTL8188EU (0x200 bytes):
[So Jul 26 16:46:00 2026] usb 1-1: RTL8188EU rev D (TSMC) romver 0, 1T1R, TX queues 2, WiFi=1, BT=0, GPS=0, HI PA=0
[So Jul 26 16:46:00 2026] usb 1-1: RTL8188EU MAC: bc:fc:e7:29:24:07
[So Jul 26 16:46:00 2026] usb 1-1: rtl8xxxu: Loading firmware rtlwifi/rtl8188eufw.bin
[So Jul 26 16:46:01 2026] rtl8xxxu 1-1:1.0 wlxbcfce7292407: renamed from wlan0
[So Jul 26 16:46:02 2026] wlxbcfce7292407: authenticate with b8:ec:a3:dc:73:f5 (local address=bc:fc:e7:29:24:07)
[So Jul 26 16:46:02 2026] wlxbcfce7292407: send auth to b8:ec:a3:dc:73:f5 (try 1/3)
[So Jul 26 16:46:02 2026] wlxbcfce7292407: authenticated
[So Jul 26 16:46:02 2026] wlxbcfce7292407: associate with b8:ec:a3:dc:73:f5 (try 1/3)
[So Jul 26 16:46:02 2026] wlxbcfce7292407: RX AssocResp from b8:ec:a3:dc:73:f5 (capab=0x411 status=0 aid=46)
[So Jul 26 16:46:02 2026] usb 1-1: rtl8xxxu_bss_info_changed: HT supported
[So Jul 26 16:46:02 2026] wlxbcfce7292407: associated
[So Jul 26 16:49:04 2026] ata1.00: failed command: WRITE FPDMA QUEUED
[So Jul 26 16:49:04 2026] ata1.00: failed command: READ FPDMA QUEUED
[So Jul 26 16:49:04 2026] ata1.00: failed command: WRITE FPDMA QUEUED
[So Jul 26 16:49:04 2026] ata1: hard resetting link
[So Jul 26 16:51:10 2026] ata1.00: failed command: WRITE FPDMA QUEUED
[So Jul 26 16:51:10 2026] ata1.00: failed command: WRITE FPDMA QUEUED
[So Jul 26 16:51:10 2026] ata1.00: failed command: WRITE FPDMA QUEUED
[So Jul 26 16:51:10 2026] ata1.00: failed command: WRITE FPDMA QUEUED
[So Jul 26 16:51:10 2026] ata1: hard resetting link
[So Jul 26 16:55:11 2026] ata1.00: failed command: WRITE FPDMA QUEUED
[So Jul 26 16:55:11 2026] ata1.00: failed command: WRITE FPDMA QUEUED
[So Jul 26 16:55:11 2026] ata1.00: failed command: WRITE FPDMA QUEUED
[So Jul 26 16:55:11 2026] ata1: hard resetting link
[So Jul 26 17:02:36 2026] ata1.00: failed command: WRITE FPDMA QUEUED
[So Jul 26 17:02:36 2026] ata1: hard resetting link
[So Jul 26 17:02:36 2026] ata1.00: failed command: WRITE FPDMA QUEUED
[So Jul 26 17:02:36 2026] ata1: hard resetting link
[So Jul 26 15:53:33 2026] systemd[1]: Listening on systemd-factory-reset.socket - Factory Reset Management.
[So Jul 26 15:53:36 2026] Bluetooth: hci0: Reading supported features failed (-16)
[So Jul 26 16:10:37 2026] cfg80211: Loading compiled-in X.509 certificates for regulatory database
[So Jul 26 16:10:37 2026] usb 1-1: Dumping efuse for RTL8188EU (0x200 bytes):
[So Jul 26 16:10:37 2026] usb 1-1: RTL8188EU rev D (TSMC) romver 0, 1T1R, TX queues 2, WiFi=1, BT=0, GPS=0, HI PA=0
[So Jul 26 16:10:37 2026] usb 1-1: RTL8188EU MAC: bc:fc:e7:29:24:07
[So Jul 26 16:10:37 2026] usb 1-1: rtl8xxxu: Loading firmware rtlwifi/rtl8188eufw.bin
[So Jul 26 16:10:38 2026] usbcore: registered new interface driver rtl8xxxu
[So Jul 26 16:10:38 2026] rtl8xxxu 1-1:1.0 wlxbcfce7292407: renamed from wlan0
[So Jul 26 16:10:43 2026] wlxbcfce7292407: authenticate with b8:ec:a3:dc:73:f5 (local address=bc:fc:e7:29:24:07)
[So Jul 26 16:10:43 2026] wlxbcfce7292407: send auth to b8:ec:a3:dc:73:f5 (try 1/3)
[So Jul 26 16:10:43 2026] wlxbcfce7292407: authenticated
[So Jul 26 16:10:43 2026] wlxbcfce7292407: associate with b8:ec:a3:dc:73:f5 (try 1/3)
[So Jul 26 16:10:43 2026] wlxbcfce7292407: RX AssocResp from b8:ec:a3:dc:73:f5 (capab=0x411 status=0 aid=40)
[So Jul 26 16:10:43 2026] usb 1-1: rtl8xxxu_bss_info_changed: HT supported
[So Jul 26 16:10:43 2026] wlxbcfce7292407: associated
[So Jul 26 16:10:47 2026] iwlwifi 0000:03:00.0: enabling device (0000 -> 0002)
[So Jul 26 16:10:47 2026] iwlwifi 0000:03:00.0: Detected crf-id 0xbadcafe, cnv-id 0x3000000 wfpm id 0x80000000
[So Jul 26 16:10:47 2026] iwlwifi 0000:03:00.0: PCI dev 24f3/0130, rev=0x201, rfid=0xd55555d5
[So Jul 26 16:10:47 2026] iwlwifi 0000:03:00.0: Detected Intel(R) Dual Band Wireless-AC 8260
[So Jul 26 16:10:47 2026] iwlwifi 0000:03:00.0: loaded firmware version 36.c8e8e144.0 8000C-36.ucode op_mode iwlmvm
[So Jul 26 16:10:47 2026] iwlwifi 0000:03:00.0: base HW address: f4:8c:50:23:4a:74, OTP minor version: 0x4
[So Jul 26 16:10:48 2026] ieee80211 phy1: Selected rate control algorithm 'iwl-mvm-rs'
[So Jul 26 16:10:48 2026] iwlwifi 0000:03:00.0 wlp3s0: renamed from wlan0
[So Jul 26 16:11:10 2026] wlxbcfce7292407: deauthenticating from b8:ec:a3:dc:73:f5 by local choice (Reason: 3=DEAUTH_LEAVING)
[So Jul 26 16:11:12 2026] wlxbcfce7292407: authenticate with b8:ec:a3:dc:73:f5 (local address=bc:fc:e7:29:24:07)
[So Jul 26 16:11:12 2026] wlxbcfce7292407: send auth to b8:ec:a3:dc:73:f5 (try 1/3)
[So Jul 26 16:11:12 2026] wlxbcfce7292407: authenticated
[So Jul 26 16:11:12 2026] wlxbcfce7292407: associate with b8:ec:a3:dc:73:f5 (try 1/3)
[So Jul 26 16:11:12 2026] wlxbcfce7292407: RX AssocResp from b8:ec:a3:dc:73:f5 (capab=0x411 status=0 aid=40)
[So Jul 26 16:11:12 2026] usb 1-1: rtl8xxxu_bss_info_changed: HT supported
[So Jul 26 16:11:12 2026] wlxbcfce7292407: associated
[So Jul 26 16:11:15 2026] wlp3s0: authenticate with b8:ec:a3:dc:73:f5 (local address=f4:8c:50:23:4a:74)
[So Jul 26 16:11:15 2026] wlp3s0: send auth to b8:ec:a3:dc:73:f5 (try 1/3)
[So Jul 26 16:11:15 2026] wlp3s0: authenticated
[So Jul 26 16:11:15 2026] wlp3s0: associate with b8:ec:a3:dc:73:f5 (try 1/3)
[So Jul 26 16:11:15 2026] wlp3s0: RX AssocResp from b8:ec:a3:dc:73:f5 (capab=0x411 status=0 aid=45)
[So Jul 26 16:11:15 2026] wlp3s0: associated
[So Jul 26 16:11:29 2026] wlp3s0: authenticate with b8:ec:a3:dc:73:f5 (local address=f4:8c:50:23:4a:74)
[So Jul 26 16:11:29 2026] wlp3s0: send auth to b8:ec:a3:dc:73:f5 (try 1/3)
[So Jul 26 16:11:29 2026] wlp3s0: authenticated
[So Jul 26 16:11:29 2026] wlp3s0: associate with b8:ec:a3:dc:73:f5 (try 1/3)
[So Jul 26 16:11:29 2026] wlp3s0: associate with b8:ec:a3:dc:73:f5 (try 2/3)
[So Jul 26 16:11:29 2026] wlp3s0: associate with b8:ec:a3:dc:73:f5 (try 3/3)
[So Jul 26 16:11:29 2026] wlp3s0: association with b8:ec:a3:dc:73:f5 timed out
[So Jul 26 16:12:16 2026] wlp3s0: authenticate with b8:ec:a3:dc:73:f5 (local address=f4:8c:50:23:4a:74)
[So Jul 26 16:12:16 2026] wlp3s0: send auth to b8:ec:a3:dc:73:f5 (try 1/3)
[So Jul 26 16:12:16 2026] wlp3s0: authenticated
[So Jul 26 16:12:16 2026] wlp3s0: associate with b8:ec:a3:dc:73:f5 (try 1/3)
[So Jul 26 16:12:16 2026] wlp3s0: RX AssocResp from b8:ec:a3:dc:73:f5 (capab=0x411 status=0 aid=45)
[So Jul 26 16:12:16 2026] wlp3s0: associated
[So Jul 26 16:12:23 2026] wlp3s0: Connection to AP b8:ec:a3:dc:73:f5 lost
[So Jul 26 16:20:45 2026] ata1.00: failed command: WRITE FPDMA QUEUED
[So Jul 26 16:20:45 2026] ata1: hard resetting link
[So Jul 26 16:27:35 2026] wlxbcfce7292407: authenticate with b8:ec:a3:dc:73:f5 (local address=bc:fc:e7:29:24:07)
[So Jul 26 16:27:35 2026] wlxbcfce7292407: send auth to b8:ec:a3:dc:73:f5 (try 1/3)
[So Jul 26 16:27:35 2026] wlxbcfce7292407: authenticated
[So Jul 26 16:27:35 2026] wlxbcfce7292407: associate with b8:ec:a3:dc:73:f5 (try 1/3)
[So Jul 26 16:27:35 2026] wlxbcfce7292407: associate with b8:ec:a3:dc:73:f5 (try 2/3)
[So Jul 26 16:27:35 2026] wlxbcfce7292407: associate with b8:ec:a3:dc:73:f5 (try 3/3)
[So Jul 26 16:27:35 2026] wlxbcfce7292407: association with b8:ec:a3:dc:73:f5 timed out
[So Jul 26 16:27:43 2026] wlxbcfce7292407: authenticate with b8:ec:a3:dc:73:f5 (local address=bc:fc:e7:29:24:07)
[So Jul 26 16:27:43 2026] wlxbcfce7292407: send auth to b8:ec:a3:dc:73:f5 (try 1/3)
[So Jul 26 16:27:43 2026] wlxbcfce7292407: authenticated
[So Jul 26 16:27:43 2026] wlxbcfce7292407: associate with b8:ec:a3:dc:73:f5 (try 1/3)
[So Jul 26 16:27:43 2026] wlxbcfce7292407: RX AssocResp from b8:ec:a3:dc:73:f5 (capab=0x411 status=0 aid=40)
[So Jul 26 16:27:43 2026] usb 1-1: rtl8xxxu_bss_info_changed: HT supported
[So Jul 26 16:27:43 2026] wlxbcfce7292407: associated
[So Jul 26 16:31:03 2026] ata1.00: failed command: WRITE FPDMA QUEUED
[So Jul 26 16:31:03 2026] ata1.00: failed command: WRITE FPDMA QUEUED
[So Jul 26 16:31:03 2026] ata1: hard resetting link
[So Jul 26 16:31:07 2026] usbcore: deregistering interface driver rtl8xxxu
[So Jul 26 16:31:07 2026] wlxbcfce7292407: deauthenticating from b8:ec:a3:dc:73:f5 by local choice (Reason: 3=DEAUTH_LEAVING)
[So Jul 26 16:31:07 2026] usb 1-1: Device still attached, trying to reset
[So Jul 26 16:31:07 2026] usb 1-1: reset high-speed USB device number 8 using xhci_hcd
[So Jul 26 16:31:09 2026] iwlwifi 0000:03:00.0: Detected crf-id 0xbadcafe, cnv-id 0x3000000 wfpm id 0x80000000
[So Jul 26 16:31:09 2026] iwlwifi 0000:03:00.0: PCI dev 24f3/0130, rev=0x201, rfid=0xd55555d5
[So Jul 26 16:31:09 2026] iwlwifi 0000:03:00.0: Detected Intel(R) Dual Band Wireless-AC 8260
[So Jul 26 16:31:09 2026] iwlwifi 0000:03:00.0: loaded firmware version 36.c8e8e144.0 8000C-36.ucode op_mode iwlmvm
[So Jul 26 16:31:09 2026] usb 1-1: Dumping efuse for RTL8188EU (0x200 bytes):
[So Jul 26 16:31:09 2026] usb 1-1: RTL8188EU rev D (TSMC) romver 0, 1T1R, TX queues 2, WiFi=1, BT=0, GPS=0, HI PA=0
[So Jul 26 16:31:09 2026] usb 1-1: RTL8188EU MAC: bc:fc:e7:29:24:07
[So Jul 26 16:31:09 2026] usb 1-1: rtl8xxxu: Loading firmware rtlwifi/rtl8188eufw.bin
[So Jul 26 16:31:09 2026] iwlwifi 0000:03:00.0: base HW address: f4:8c:50:23:4a:74, OTP minor version: 0x4
[So Jul 26 16:31:09 2026] ieee80211 phy3: Selected rate control algorithm 'iwl-mvm-rs'
[So Jul 26 16:31:09 2026] iwlwifi 0000:03:00.0 wlp3s0: renamed from wlan0
[So Jul 26 16:31:10 2026] usbcore: registered new interface driver rtl8xxxu
[So Jul 26 16:31:10 2026] rtl8xxxu 1-1:1.0 wlxbcfce7292407: renamed from wlan0
[So Jul 26 16:31:11 2026] wlxbcfce7292407: authenticate with b8:ec:a3:dc:73:f5 (local address=bc:fc:e7:29:24:07)
[So Jul 26 16:31:11 2026] wlxbcfce7292407: send auth to b8:ec:a3:dc:73:f5 (try 1/3)
[So Jul 26 16:31:11 2026] wlxbcfce7292407: authenticated
[So Jul 26 16:31:11 2026] wlxbcfce7292407: associate with b8:ec:a3:dc:73:f5 (try 1/3)
[So Jul 26 16:31:12 2026] wlxbcfce7292407: associate with b8:ec:a3:dc:73:f5 (try 2/3)
[So Jul 26 16:31:12 2026] wlxbcfce7292407: associate with b8:ec:a3:dc:73:f5 (try 3/3)
[So Jul 26 16:31:12 2026] wlxbcfce7292407: association with b8:ec:a3:dc:73:f5 timed out
[So Jul 26 16:31:13 2026] wlxbcfce7292407: authenticate with b8:ec:a3:dc:73:f5 (local address=bc:fc:e7:29:24:07)
[So Jul 26 16:31:13 2026] wlxbcfce7292407: send auth to b8:ec:a3:dc:73:f5 (try 1/3)
[So Jul 26 16:31:13 2026] wlxbcfce7292407: authenticated
[So Jul 26 16:31:13 2026] wlxbcfce7292407: associate with b8:ec:a3:dc:73:f5 (try 1/3)
[So Jul 26 16:31:13 2026] wlxbcfce7292407: associate with b8:ec:a3:dc:73:f5 (try 2/3)
[So Jul 26 16:31:13 2026] wlxbcfce7292407: associate with b8:ec:a3:dc:73:f5 (try 3/3)
[So Jul 26 16:31:14 2026] wlxbcfce7292407: association with b8:ec:a3:dc:73:f5 timed out
[So Jul 26 16:31:21 2026] wlxbcfce7292407: authenticate with b8:ec:a3:dc:73:f5 (local address=bc:fc:e7:29:24:07)
[So Jul 26 16:31:21 2026] wlxbcfce7292407: send auth to b8:ec:a3:dc:73:f5 (try 1/3)
[So Jul 26 16:31:21 2026] wlxbcfce7292407: authenticated
[So Jul 26 16:31:21 2026] wlxbcfce7292407: associate with b8:ec:a3:dc:73:f5 (try 1/3)
[So Jul 26 16:31:21 2026] wlxbcfce7292407: RX AssocResp from b8:ec:a3:dc:73:f5 (capab=0x411 status=0 aid=40)
[So Jul 26 16:31:21 2026] usb 1-1: rtl8xxxu_bss_info_changed: HT supported
[So Jul 26 16:31:21 2026] wlxbcfce7292407: associated
[So Jul 26 16:34:08 2026] wlxbcfce7292407: deauthenticating from b8:ec:a3:dc:73:f5 by local choice (Reason: 3=DEAUTH_LEAVING)
[So Jul 26 16:34:15 2026] usb 1-1: Dumping efuse for RTL8188EU (0x200 bytes):
[So Jul 26 16:34:15 2026] usb 1-1: RTL8188EU rev D (TSMC) romver 0, 1T1R, TX queues 2, WiFi=1, BT=0, GPS=0, HI PA=0
[So Jul 26 16:34:15 2026] usb 1-1: RTL8188EU MAC: bc:fc:e7:29:24:07
[So Jul 26 16:34:15 2026] usb 1-1: rtl8xxxu: Loading firmware rtlwifi/rtl8188eufw.bin
[So Jul 26 16:34:16 2026] rtl8xxxu 1-1:1.0 wlxbcfce7292407: renamed from wlan0
[So Jul 26 16:34:26 2026] wlxbcfce7292407: authenticate with b8:ec:a3:dc:73:f5 (local address=bc:fc:e7:29:24:07)
[So Jul 26 16:34:26 2026] wlxbcfce7292407: send auth to b8:ec:a3:dc:73:f5 (try 1/3)
[So Jul 26 16:34:26 2026] wlxbcfce7292407: authenticated
[So Jul 26 16:34:26 2026] wlxbcfce7292407: associate with b8:ec:a3:dc:73:f5 (try 1/3)
[So Jul 26 16:34:26 2026] wlxbcfce7292407: associate with b8:ec:a3:dc:73:f5 (try 2/3)
[So Jul 26 16:34:27 2026] wlxbcfce7292407: associate with b8:ec:a3:dc:73:f5 (try 3/3)
[So Jul 26 16:34:27 2026] wlxbcfce7292407: association with b8:ec:a3:dc:73:f5 timed out
[So Jul 26 16:34:34 2026] wlxbcfce7292407: authenticate with b8:ec:a3:dc:73:f5 (local address=bc:fc:e7:29:24:07)
[So Jul 26 16:34:34 2026] wlxbcfce7292407: send auth to b8:ec:a3:dc:73:f5 (try 1/3)
[So Jul 26 16:34:34 2026] wlxbcfce7292407: authenticated
[So Jul 26 16:34:34 2026] wlxbcfce7292407: associate with b8:ec:a3:dc:73:f5 (try 1/3)
[So Jul 26 16:34:34 2026] wlxbcfce7292407: RX AssocResp from b8:ec:a3:dc:73:f5 (capab=0x411 status=0 aid=40)
[So Jul 26 16:34:34 2026] usb 1-1: rtl8xxxu_bss_info_changed: HT supported
[So Jul 26 16:34:34 2026] wlxbcfce7292407: associated
[So Jul 26 16:45:57 2026] wlxbcfce7292407: deauthenticating from b8:ec:a3:dc:73:f5 by local choice (Reason: 3=DEAUTH_LEAVING)
[So Jul 26 16:45:58 2026] usb 1-1: Device still attached, trying to reset
[So Jul 26 16:45:58 2026] usb 1-1: reset high-speed USB device number 9 using xhci_hcd
[So Jul 26 16:45:59 2026] usb 1-7: reset high-speed USB device number 5 using xhci_hcd
[So Jul 26 16:45:59 2026] usb 1-2: reset high-speed USB device number 3 using xhci_hcd
[So Jul 26 16:45:59 2026] usb 1-6: reset full-speed USB device number 4 using xhci_hcd
[So Jul 26 16:46:00 2026] usb 1-1: Dumping efuse for RTL8188EU (0x200 bytes):
[So Jul 26 16:46:00 2026] usb 1-1: RTL8188EU rev D (TSMC) romver 0, 1T1R, TX queues 2, WiFi=1, BT=0, GPS=0, HI PA=0
[So Jul 26 16:46:00 2026] usb 1-1: RTL8188EU MAC: bc:fc:e7:29:24:07
[So Jul 26 16:46:00 2026] usb 1-1: rtl8xxxu: Loading firmware rtlwifi/rtl8188eufw.bin
[So Jul 26 16:46:01 2026] rtl8xxxu 1-1:1.0 wlxbcfce7292407: renamed from wlan0
[So Jul 26 16:46:02 2026] wlxbcfce7292407: authenticate with b8:ec:a3:dc:73:f5 (local address=bc:fc:e7:29:24:07)
[So Jul 26 16:46:02 2026] wlxbcfce7292407: send auth to b8:ec:a3:dc:73:f5 (try 1/3)
[So Jul 26 16:46:02 2026] wlxbcfce7292407: authenticated
[So Jul 26 16:46:02 2026] wlxbcfce7292407: associate with b8:ec:a3:dc:73:f5 (try 1/3)
[So Jul 26 16:46:02 2026] wlxbcfce7292407: RX AssocResp from b8:ec:a3:dc:73:f5 (capab=0x411 status=0 aid=46)
[So Jul 26 16:46:02 2026] usb 1-1: rtl8xxxu_bss_info_changed: HT supported
[So Jul 26 16:46:02 2026] wlxbcfce7292407: associated
[So Jul 26 16:49:04 2026] ata1.00: failed command: WRITE FPDMA QUEUED
[So Jul 26 16:49:04 2026] ata1.00: failed command: READ FPDMA QUEUED
[So Jul 26 16:49:04 2026] ata1.00: failed command: WRITE FPDMA QUEUED
[So Jul 26 16:49:04 2026] ata1: hard resetting link
[So Jul 26 16:51:10 2026] ata1.00: failed command: WRITE FPDMA QUEUED
[So Jul 26 16:51:10 2026] ata1.00: failed command: WRITE FPDMA QUEUED
[So Jul 26 16:51:10 2026] ata1.00: failed command: WRITE FPDMA QUEUED
[So Jul 26 16:51:10 2026] ata1.00: failed command: WRITE FPDMA QUEUED
[So Jul 26 16:51:10 2026] ata1: hard resetting link
[So Jul 26 16:55:11 2026] ata1.00: failed command: WRITE FPDMA QUEUED
[So Jul 26 16:55:11 2026] ata1.00: failed command: WRITE FPDMA QUEUED
[So Jul 26 16:55:11 2026] ata1.00: failed command: WRITE FPDMA QUEUED
[So Jul 26 16:55:11 2026] ata1: hard resetting link
[So Jul 26 17:02:36 2026] ata1.00: failed command: WRITE FPDMA QUEUED
[So Jul 26 17:02:36 2026] ata1: hard resetting link
[So Jul 26 17:02:36 2026] ata1.00: failed command: WRITE FPDMA QUEUED
[So Jul 26 17:02:36 2026] ata1: hard resetting link
[So Jul 26 15:53:33 2026] systemd[1]: Listening on systemd-factory-reset.socket - Factory Reset Management.
[So Jul 26 15:53:36 2026] Bluetooth: hci0: Reading supported features failed (-16)
[So Jul 26 16:10:37 2026] cfg80211: Loading compiled-in X.509 certificates for regulatory database
[So Jul 26 16:10:37 2026] usb 1-1: Dumping efuse for RTL8188EU (0x200 bytes):
[So Jul 26 16:10:37 2026] usb 1-1: RTL8188EU rev D (TSMC) romver 0, 1T1R, TX queues 2, WiFi=1, BT=0, GPS=0, HI PA=0
[So Jul 26 16:10:37 2026] usb 1-1: RTL8188EU MAC: bc:fc:e7:29:24:07
[So Jul 26 16:10:37 2026] usb 1-1: rtl8xxxu: Loading firmware rtlwifi/rtl8188eufw.bin
[So Jul 26 16:10:38 2026] usbcore: registered new interface driver rtl8xxxu
[So Jul 26 16:10:38 2026] rtl8xxxu 1-1:1.0 wlxbcfce7292407: renamed from wlan0
[So Jul 26 16:10:43 2026] wlxbcfce7292407: authenticate with b8:ec:a3:dc:73:f5 (local address=bc:fc:e7:29:24:07)
[So Jul 26 16:10:43 2026] wlxbcfce7292407: send auth to b8:ec:a3:dc:73:f5 (try 1/3)
[So Jul 26 16:10:43 2026] wlxbcfce7292407: authenticated
[So Jul 26 16:10:43 2026] wlxbcfce7292407: associate with b8:ec:a3:dc:73:f5 (try 1/3)
[So Jul 26 16:10:43 2026] wlxbcfce7292407: RX AssocResp from b8:ec:a3:dc:73:f5 (capab=0x411 status=0 aid=40)
[So Jul 26 16:10:43 2026] usb 1-1: rtl8xxxu_bss_info_changed: HT supported
[So Jul 26 16:10:43 2026] wlxbcfce7292407: associated
[So Jul 26 16:10:47 2026] iwlwifi 0000:03:00.0: enabling device (0000 -> 0002)
[So Jul 26 16:10:47 2026] iwlwifi 0000:03:00.0: Detected crf-id 0xbadcafe, cnv-id 0x3000000 wfpm id 0x80000000
[So Jul 26 16:10:47 2026] iwlwifi 0000:03:00.0: PCI dev 24f3/0130, rev=0x201, rfid=0xd55555d5
[So Jul 26 16:10:47 2026] iwlwifi 0000:03:00.0: Detected Intel(R) Dual Band Wireless-AC 8260
[So Jul 26 16:10:47 2026] iwlwifi 0000:03:00.0: loaded firmware version 36.c8e8e144.0 8000C-36.ucode op_mode iwlmvm
[So Jul 26 16:10:47 2026] iwlwifi 0000:03:00.0: base HW address: f4:8c:50:23:4a:74, OTP minor version: 0x4
[So Jul 26 16:10:48 2026] ieee80211 phy1: Selected rate control algorithm 'iwl-mvm-rs'
[So Jul 26 16:10:48 2026] iwlwifi 0000:03:00.0 wlp3s0: renamed from wlan0
[So Jul 26 16:11:10 2026] wlxbcfce7292407: deauthenticating from b8:ec:a3:dc:73:f5 by local choice (Reason: 3=DEAUTH_LEAVING)
[So Jul 26 16:11:12 2026] wlxbcfce7292407: authenticate with b8:ec:a3:dc:73:f5 (local address=bc:fc:e7:29:24:07)
[So Jul 26 16:11:12 2026] wlxbcfce7292407: send auth to b8:ec:a3:dc:73:f5 (try 1/3)
[So Jul 26 16:11:12 2026] wlxbcfce7292407: authenticated
[So Jul 26 16:11:12 2026] wlxbcfce7292407: associate with b8:ec:a3:dc:73:f5 (try 1/3)
[So Jul 26 16:11:12 2026] wlxbcfce7292407: RX AssocResp from b8:ec:a3:dc:73:f5 (capab=0x411 status=0 aid=40)
[So Jul 26 16:11:12 2026] usb 1-1: rtl8xxxu_bss_info_changed: HT supported
[So Jul 26 16:11:12 2026] wlxbcfce7292407: associated
[So Jul 26 16:11:15 2026] wlp3s0: authenticate with b8:ec:a3:dc:73:f5 (local address=f4:8c:50:23:4a:74)
[So Jul 26 16:11:15 2026] wlp3s0: send auth to b8:ec:a3:dc:73:f5 (try 1/3)
[So Jul 26 16:11:15 2026] wlp3s0: authenticated
[So Jul 26 16:11:15 2026] wlp3s0: associate with b8:ec:a3:dc:73:f5 (try 1/3)
[So Jul 26 16:11:15 2026] wlp3s0: RX AssocResp from b8:ec:a3:dc:73:f5 (capab=0x411 status=0 aid=45)
[So Jul 26 16:11:15 2026] wlp3s0: associated
[So Jul 26 16:11:29 2026] wlp3s0: authenticate with b8:ec:a3:dc:73:f5 (local address=f4:8c:50:23:4a:74)
[So Jul 26 16:11:29 2026] wlp3s0: send auth to b8:ec:a3:dc:73:f5 (try 1/3)
[So Jul 26 16:11:29 2026] wlp3s0: authenticated
[So Jul 26 16:11:29 2026] wlp3s0: associate with b8:ec:a3:dc:73:f5 (try 1/3)
[So Jul 26 16:11:29 2026] wlp3s0: associate with b8:ec:a3:dc:73:f5 (try 2/3)
[So Jul 26 16:11:29 2026] wlp3s0: associate with b8:ec:a3:dc:73:f5 (try 3/3)
[So Jul 26 16:11:29 2026] wlp3s0: association with b8:ec:a3:dc:73:f5 timed out
[So Jul 26 16:12:16 2026] wlp3s0: authenticate with b8:ec:a3:dc:73:f5 (local address=f4:8c:50:23:4a:74)
[So Jul 26 16:12:16 2026] wlp3s0: send auth to b8:ec:a3:dc:73:f5 (try 1/3)
[So Jul 26 16:12:16 2026] wlp3s0: authenticated
[So Jul 26 16:12:16 2026] wlp3s0: associate with b8:ec:a3:dc:73:f5 (try 1/3)
[So Jul 26 16:12:16 2026] wlp3s0: RX AssocResp from b8:ec:a3:dc:73:f5 (capab=0x411 status=0 aid=45)
[So Jul 26 16:12:16 2026] wlp3s0: associated
[So Jul 26 16:12:23 2026] wlp3s0: Connection to AP b8:ec:a3:dc:73:f5 lost
[So Jul 26 16:20:45 2026] ata1.00: failed command: WRITE FPDMA QUEUED
[So Jul 26 16:20:45 2026] ata1: hard resetting link
[So Jul 26 16:27:35 2026] wlxbcfce7292407: authenticate with b8:ec:a3:dc:73:f5 (local address=bc:fc:e7:29:24:07)
[So Jul 26 16:27:35 2026] wlxbcfce7292407: send auth to b8:ec:a3:dc:73:f5 (try 1/3)
[So Jul 26 16:27:35 2026] wlxbcfce7292407: authenticated
[So Jul 26 16:27:35 2026] wlxbcfce7292407: associate with b8:ec:a3:dc:73:f5 (try 1/3)
[So Jul 26 16:27:35 2026] wlxbcfce7292407: associate with b8:ec:a3:dc:73:f5 (try 2/3)
[So Jul 26 16:27:35 2026] wlxbcfce7292407: associate with b8:ec:a3:dc:73:f5 (try 3/3)
[So Jul 26 16:27:35 2026] wlxbcfce7292407: association with b8:ec:a3:dc:73:f5 timed out
[So Jul 26 16:27:43 2026] wlxbcfce7292407: authenticate with b8:ec:a3:dc:73:f5 (local address=bc:fc:e7:29:24:07)
[So Jul 26 16:27:43 2026] wlxbcfce7292407: send auth to b8:ec:a3:dc:73:f5 (try 1/3)
[So Jul 26 16:27:43 2026] wlxbcfce7292407: authenticated
[So Jul 26 16:27:43 2026] wlxbcfce7292407: associate with b8:ec:a3:dc:73:f5 (try 1/3)
[So Jul 26 16:27:43 2026] wlxbcfce7292407: RX AssocResp from b8:ec:a3:dc:73:f5 (capab=0x411 status=0 aid=40)
[So Jul 26 16:27:43 2026] usb 1-1: rtl8xxxu_bss_info_changed: HT supported
[So Jul 26 16:27:43 2026] wlxbcfce7292407: associated
[So Jul 26 16:31:03 2026] ata1.00: failed command: WRITE FPDMA QUEUED
[So Jul 26 16:31:03 2026] ata1.00: failed command: WRITE FPDMA QUEUED
[So Jul 26 16:31:03 2026] ata1: hard resetting link
[So Jul 26 16:31:07 2026] usbcore: deregistering interface driver rtl8xxxu
[So Jul 26 16:31:07 2026] wlxbcfce7292407: deauthenticating from b8:ec:a3:dc:73:f5 by local choice (Reason: 3=DEAUTH_LEAVING)
[So Jul 26 16:31:07 2026] usb 1-1: Device still attached, trying to reset
[So Jul 26 16:31:07 2026] usb 1-1: reset high-speed USB device number 8 using xhci_hcd
[So Jul 26 16:31:09 2026] iwlwifi 0000:03:00.0: Detected crf-id 0xbadcafe, cnv-id 0x3000000 wfpm id 0x80000000
[So Jul 26 16:31:09 2026] iwlwifi 0000:03:00.0: PCI dev 24f3/0130, rev=0x201, rfid=0xd55555d5
[So Jul 26 16:31:09 2026] iwlwifi 0000:03:00.0: Detected Intel(R) Dual Band Wireless-AC 8260
[So Jul 26 16:31:09 2026] iwlwifi 0000:03:00.0: loaded firmware version 36.c8e8e144.0 8000C-36.ucode op_mode iwlmvm
[So Jul 26 16:31:09 2026] usb 1-1: Dumping efuse for RTL8188EU (0x200 bytes):
[So Jul 26 16:31:09 2026] usb 1-1: RTL8188EU rev D (TSMC) romver 0, 1T1R, TX queues 2, WiFi=1, BT=0, GPS=0, HI PA=0
[So Jul 26 16:31:09 2026] usb 1-1: RTL8188EU MAC: bc:fc:e7:29:24:07
[So Jul 26 16:31:09 2026] usb 1-1: rtl8xxxu: Loading firmware rtlwifi/rtl8188eufw.bin
[So Jul 26 16:31:09 2026] iwlwifi 0000:03:00.0: base HW address: f4:8c:50:23:4a:74, OTP minor version: 0x4
[So Jul 26 16:31:09 2026] ieee80211 phy3: Selected rate control algorithm 'iwl-mvm-rs'
[So Jul 26 16:31:09 2026] iwlwifi 0000:03:00.0 wlp3s0: renamed from wlan0
[So Jul 26 16:31:10 2026] usbcore: registered new interface driver rtl8xxxu
[So Jul 26 16:31:10 2026] rtl8xxxu 1-1:1.0 wlxbcfce7292407: renamed from wlan0
[So Jul 26 16:31:11 2026] wlxbcfce7292407: authenticate with b8:ec:a3:dc:73:f5 (local address=bc:fc:e7:29:24:07)
[So Jul 26 16:31:11 2026] wlxbcfce7292407: send auth to b8:ec:a3:dc:73:f5 (try 1/3)
[So Jul 26 16:31:11 2026] wlxbcfce7292407: authenticated
[So Jul 26 16:31:11 2026] wlxbcfce7292407: associate with b8:ec:a3:dc:73:f5 (try 1/3)
[So Jul 26 16:31:12 2026] wlxbcfce7292407: associate with b8:ec:a3:dc:73:f5 (try 2/3)
[So Jul 26 16:31:12 2026] wlxbcfce7292407: associate with b8:ec:a3:dc:73:f5 (try 3/3)
[So Jul 26 16:31:12 2026] wlxbcfce7292407: association with b8:ec:a3:dc:73:f5 timed out
[So Jul 26 16:31:13 2026] wlxbcfce7292407: authenticate with b8:ec:a3:dc:73:f5 (local address=bc:fc:e7:29:24:07)
[So Jul 26 16:31:13 2026] wlxbcfce7292407: send auth to b8:ec:a3:dc:73:f5 (try 1/3)
[So Jul 26 16:31:13 2026] wlxbcfce7292407: authenticated
[So Jul 26 16:31:13 2026] wlxbcfce7292407: associate with b8:ec:a3:dc:73:f5 (try 1/3)
[So Jul 26 16:31:13 2026] wlxbcfce7292407: associate with b8:ec:a3:dc:73:f5 (try 2/3)
[So Jul 26 16:31:13 2026] wlxbcfce7292407: associate with b8:ec:a3:dc:73:f5 (try 3/3)
[So Jul 26 16:31:14 2026] wlxbcfce7292407: association with b8:ec:a3:dc:73:f5 timed out
[So Jul 26 16:31:21 2026] wlxbcfce7292407: authenticate with b8:ec:a3:dc:73:f5 (local address=bc:fc:e7:29:24:07)
[So Jul 26 16:31:21 2026] wlxbcfce7292407: send auth to b8:ec:a3:dc:73:f5 (try 1/3)
[So Jul 26 16:31:21 2026] wlxbcfce7292407: authenticated
[So Jul 26 16:31:21 2026] wlxbcfce7292407: associate with b8:ec:a3:dc:73:f5 (try 1/3)
[So Jul 26 16:31:21 2026] wlxbcfce7292407: RX AssocResp from b8:ec:a3:dc:73:f5 (capab=0x411 status=0 aid=40)
[So Jul 26 16:31:21 2026] usb 1-1: rtl8xxxu_bss_info_changed: HT supported
[So Jul 26 16:31:21 2026] wlxbcfce7292407: associated
[So Jul 26 16:34:08 2026] wlxbcfce7292407: deauthenticating from b8:ec:a3:dc:73:f5 by local choice (Reason: 3=DEAUTH_LEAVING)
[So Jul 26 16:34:15 2026] usb 1-1: Dumping efuse for RTL8188EU (0x200 bytes):
[So Jul 26 16:34:15 2026] usb 1-1: RTL8188EU rev D (TSMC) romver 0, 1T1R, TX queues 2, WiFi=1, BT=0, GPS=0, HI PA=0
[So Jul 26 16:34:15 2026] usb 1-1: RTL8188EU MAC: bc:fc:e7:29:24:07
[So Jul 26 16:34:15 2026] usb 1-1: rtl8xxxu: Loading firmware rtlwifi/rtl8188eufw.bin
[So Jul 26 16:34:16 2026] rtl8xxxu 1-1:1.0 wlxbcfce7292407: renamed from wlan0
[So Jul 26 16:34:26 2026] wlxbcfce7292407: authenticate with b8:ec:a3:dc:73:f5 (local address=bc:fc:e7:29:24:07)
[So Jul 26 16:34:26 2026] wlxbcfce7292407: send auth to b8:ec:a3:dc:73:f5 (try 1/3)
[So Jul 26 16:34:26 2026] wlxbcfce7292407: authenticated
[So Jul 26 16:34:26 2026] wlxbcfce7292407: associate with b8:ec:a3:dc:73:f5 (try 1/3)
[So Jul 26 16:34:26 2026] wlxbcfce7292407: associate with b8:ec:a3:dc:73:f5 (try 2/3)
[So Jul 26 16:34:27 2026] wlxbcfce7292407: associate with b8:ec:a3:dc:73:f5 (try 3/3)
[So Jul 26 16:34:27 2026] wlxbcfce7292407: association with b8:ec:a3:dc:73:f5 timed out
[So Jul 26 16:34:34 2026] wlxbcfce7292407: authenticate with b8:ec:a3:dc:73:f5 (local address=bc:fc:e7:29:24:07)
[So Jul 26 16:34:34 2026] wlxbcfce7292407: send auth to b8:ec:a3:dc:73:f5 (try 1/3)
[So Jul 26 16:34:34 2026] wlxbcfce7292407: authenticated
[So Jul 26 16:34:34 2026] wlxbcfce7292407: associate with b8:ec:a3:dc:73:f5 (try 1/3)
[So Jul 26 16:34:34 2026] wlxbcfce7292407: RX AssocResp from b8:ec:a3:dc:73:f5 (capab=0x411 status=0 aid=40)
[So Jul 26 16:34:34 2026] usb 1-1: rtl8xxxu_bss_info_changed: HT supported
[So Jul 26 16:34:34 2026] wlxbcfce7292407: associated
[So Jul 26 16:45:57 2026] wlxbcfce7292407: deauthenticating from b8:ec:a3:dc:73:f5 by local choice (Reason: 3=DEAUTH_LEAVING)
[So Jul 26 16:45:58 2026] usb 1-1: Device still attached, trying to reset
[So Jul 26 16:45:58 2026] usb 1-1: reset high-speed USB device number 9 using xhci_hcd
[So Jul 26 16:45:59 2026] usb 1-7: reset high-speed USB device number 5 using xhci_hcd
[So Jul 26 16:45:59 2026] usb 1-2: reset high-speed USB device number 3 using xhci_hcd
[So Jul 26 16:45:59 2026] usb 1-6: reset full-speed USB device number 4 using xhci_hcd
[So Jul 26 16:46:00 2026] usb 1-1: Dumping efuse for RTL8188EU (0x200 bytes):
[So Jul 26 16:46:00 2026] usb 1-1: RTL8188EU rev D (TSMC) romver 0, 1T1R, TX queues 2, WiFi=1, BT=0, GPS=0, HI PA=0
[So Jul 26 16:46:00 2026] usb 1-1: RTL8188EU MAC: bc:fc:e7:29:24:07
[So Jul 26 16:46:00 2026] usb 1-1: rtl8xxxu: Loading firmware rtlwifi/rtl8188eufw.bin
[So Jul 26 16:46:01 2026] rtl8xxxu 1-1:1.0 wlxbcfce7292407: renamed from wlan0
[So Jul 26 16:46:02 2026] wlxbcfce7292407: authenticate with b8:ec:a3:dc:73:f5 (local address=bc:fc:e7:29:24:07)
[So Jul 26 16:46:02 2026] wlxbcfce7292407: send auth to b8:ec:a3:dc:73:f5 (try 1/3)
[So Jul 26 16:46:02 2026] wlxbcfce7292407: authenticated
[So Jul 26 16:46:02 2026] wlxbcfce7292407: associate with b8:ec:a3:dc:73:f5 (try 1/3)
[So Jul 26 16:46:02 2026] wlxbcfce7292407: RX AssocResp from b8:ec:a3:dc:73:f5 (capab=0x411 status=0 aid=46)
[So Jul 26 16:46:02 2026] usb 1-1: rtl8xxxu_bss_info_changed: HT supported
[So Jul 26 16:46:02 2026] wlxbcfce7292407: associated
[So Jul 26 16:49:04 2026] ata1.00: failed command: WRITE FPDMA QUEUED
[So Jul 26 16:49:04 2026] ata1.00: failed command: READ FPDMA QUEUED
[So Jul 26 16:49:04 2026] ata1.00: failed command: WRITE FPDMA QUEUED
[So Jul 26 16:49:04 2026] ata1: hard resetting link
[So Jul 26 16:51:10 2026] ata1.00: failed command: WRITE FPDMA QUEUED
[So Jul 26 16:51:10 2026] ata1.00: failed command: WRITE FPDMA QUEUED
[So Jul 26 16:51:10 2026] ata1.00: failed command: WRITE FPDMA QUEUED
[So Jul 26 16:51:10 2026] ata1.00: failed command: WRITE FPDMA QUEUED
[So Jul 26 16:51:10 2026] ata1: hard resetting link
[So Jul 26 16:55:11 2026] ata1.00: failed command: WRITE FPDMA QUEUED
[So Jul 26 16:55:11 2026] ata1.00: failed command: WRITE FPDMA QUEUED
[So Jul 26 16:55:11 2026] ata1.00: failed command: WRITE FPDMA QUEUED
[So Jul 26 16:55:11 2026] ata1: hard resetting link
[So Jul 26 17:02:36 2026] ata1.00: failed command: WRITE FPDMA QUEUED
[So Jul 26 17:02:36 2026] ata1: hard resetting link
[So Jul 26 17:02:36 2026] ata1.00: failed command: WRITE FPDMA QUEUED
[So Jul 26 17:02:36 2026] ata1: hard resetting link
[So Jul 26 15:53:33 2026] systemd[1]: Listening on systemd-factory-reset.socket - Factory Reset Management.
[So Jul 26 15:53:36 2026] Bluetooth: hci0: Reading supported features failed (-16)
[So Jul 26 16:10:37 2026] cfg80211: Loading compiled-in X.509 certificates for regulatory database
[So Jul 26 16:10:37 2026] usb 1-1: Dumping efuse for RTL8188EU (0x200 bytes):
[So Jul 26 16:10:37 2026] usb 1-1: RTL8188EU rev D (TSMC) romver 0, 1T1R, TX queues 2, WiFi=1, BT=0, GPS=0, HI PA=0
[So Jul 26 16:10:37 2026] usb 1-1: RTL8188EU MAC: bc:fc:e7:29:24:07
[So Jul 26 16:10:37 2026] usb 1-1: rtl8xxxu: Loading firmware rtlwifi/rtl8188eufw.bin
[So Jul 26 16:10:38 2026] usbcore: registered new interface driver rtl8xxxu
[So Jul 26 16:10:38 2026] rtl8xxxu 1-1:1.0 wlxbcfce7292407: renamed from wlan0
[So Jul 26 16:10:43 2026] wlxbcfce7292407: authenticate with b8:ec:a3:dc:73:f5 (local address=bc:fc:e7:29:24:07)
[So Jul 26 16:10:43 2026] wlxbcfce7292407: send auth to b8:ec:a3:dc:73:f5 (try 1/3)
[So Jul 26 16:10:43 2026] wlxbcfce7292407: authenticated
[So Jul 26 16:10:43 2026] wlxbcfce7292407: associate with b8:ec:a3:dc:73:f5 (try 1/3)
[So Jul 26 16:10:43 2026] wlxbcfce7292407: RX AssocResp from b8:ec:a3:dc:73:f5 (capab=0x411 status=0 aid=40)
[So Jul 26 16:10:43 2026] usb 1-1: rtl8xxxu_bss_info_changed: HT supported
[So Jul 26 16:10:43 2026] wlxbcfce7292407: associated
[So Jul 26 16:10:47 2026] iwlwifi 0000:03:00.0: enabling device (0000 -> 0002)
[So Jul 26 16:10:47 2026] iwlwifi 0000:03:00.0: Detected crf-id 0xbadcafe, cnv-id 0x3000000 wfpm id 0x80000000
[So Jul 26 16:10:47 2026] iwlwifi 0000:03:00.0: PCI dev 24f3/0130, rev=0x201, rfid=0xd55555d5
[So Jul 26 16:10:47 2026] iwlwifi 0000:03:00.0: Detected Intel(R) Dual Band Wireless-AC 8260
[So Jul 26 16:10:47 2026] iwlwifi 0000:03:00.0: loaded firmware version 36.c8e8e144.0 8000C-36.ucode op_mode iwlmvm
[So Jul 26 16:10:47 2026] iwlwifi 0000:03:00.0: base HW address: f4:8c:50:23:4a:74, OTP minor version: 0x4
[So Jul 26 16:10:48 2026] ieee80211 phy1: Selected rate control algorithm 'iwl-mvm-rs'
[So Jul 26 16:10:48 2026] iwlwifi 0000:03:00.0 wlp3s0: renamed from wlan0
[So Jul 26 16:11:10 2026] wlxbcfce7292407: deauthenticating from b8:ec:a3:dc:73:f5 by local choice (Reason: 3=DEAUTH_LEAVING)
[So Jul 26 16:11:12 2026] wlxbcfce7292407: authenticate with b8:ec:a3:dc:73:f5 (local address=bc:fc:e7:29:24:07)
[So Jul 26 16:11:12 2026] wlxbcfce7292407: send auth to b8:ec:a3:dc:73:f5 (try 1/3)
[So Jul 26 16:11:12 2026] wlxbcfce7292407: authenticated
[So Jul 26 16:11:12 2026] wlxbcfce7292407: associate with b8:ec:a3:dc:73:f5 (try 1/3)
[So Jul 26 16:11:12 2026] wlxbcfce7292407: RX AssocResp from b8:ec:a3:dc:73:f5 (capab=0x411 status=0 aid=40)
[So Jul 26 16:11:12 2026] usb 1-1: rtl8xxxu_bss_info_changed: HT supported
[So Jul 26 16:11:12 2026] wlxbcfce7292407: associated
[So Jul 26 16:11:15 2026] wlp3s0: authenticate with b8:ec:a3:dc:73:f5 (local address=f4:8c:50:23:4a:74)
[So Jul 26 16:11:15 2026] wlp3s0: send auth to b8:ec:a3:dc:73:f5 (try 1/3)
[So Jul 26 16:11:15 2026] wlp3s0: authenticated
[So Jul 26 16:11:15 2026] wlp3s0: associate with b8:ec:a3:dc:73:f5 (try 1/3)
[So Jul 26 16:11:15 2026] wlp3s0: RX AssocResp from b8:ec:a3:dc:73:f5 (capab=0x411 status=0 aid=45)
[So Jul 26 16:11:15 2026] wlp3s0: associated
[So Jul 26 16:11:29 2026] wlp3s0: authenticate with b8:ec:a3:dc:73:f5 (local address=f4:8c:50:23:4a:74)
[So Jul 26 16:11:29 2026] wlp3s0: send auth to b8:ec:a3:dc:73:f5 (try 1/3)
[So Jul 26 16:11:29 2026] wlp3s0: authenticated
[So Jul 26 16:11:29 2026] wlp3s0: associate with b8:ec:a3:dc:73:f5 (try 1/3)
[So Jul 26 16:11:29 2026] wlp3s0: associate with b8:ec:a3:dc:73:f5 (try 2/3)
[So Jul 26 16:11:29 2026] wlp3s0: associate with b8:ec:a3:dc:73:f5 (try 3/3)
[So Jul 26 16:11:29 2026] wlp3s0: association with b8:ec:a3:dc:73:f5 timed out
[So Jul 26 16:12:16 2026] wlp3s0: authenticate with b8:ec:a3:dc:73:f5 (local address=f4:8c:50:23:4a:74)
[So Jul 26 16:12:16 2026] wlp3s0: send auth to b8:ec:a3:dc:73:f5 (try 1/3)
[So Jul 26 16:12:16 2026] wlp3s0: authenticated
[So Jul 26 16:12:16 2026] wlp3s0: associate with b8:ec:a3:dc:73:f5 (try 1/3)
[So Jul 26 16:12:16 2026] wlp3s0: RX AssocResp from b8:ec:a3:dc:73:f5 (capab=0x411 status=0 aid=45)
[So Jul 26 16:12:16 2026] wlp3s0: associated
[So Jul 26 16:12:23 2026] wlp3s0: Connection to AP b8:ec:a3:dc:73:f5 lost
[So Jul 26 16:20:45 2026] ata1.00: failed command: WRITE FPDMA QUEUED
[So Jul 26 16:20:45 2026] ata1: hard resetting link
[So Jul 26 16:27:35 2026] wlxbcfce7292407: authenticate with b8:ec:a3:dc:73:f5 (local address=bc:fc:e7:29:24:07)
[So Jul 26 16:27:35 2026] wlxbcfce7292407: send auth to b8:ec:a3:dc:73:f5 (try 1/3)
[So Jul 26 16:27:35 2026] wlxbcfce7292407: authenticated
[So Jul 26 16:27:35 2026] wlxbcfce7292407: associate with b8:ec:a3:dc:73:f5 (try 1/3)
[So Jul 26 16:27:35 2026] wlxbcfce7292407: associate with b8:ec:a3:dc:73:f5 (try 2/3)
[So Jul 26 16:27:35 2026] wlxbcfce7292407: associate with b8:ec:a3:dc:73:f5 (try 3/3)
[So Jul 26 16:27:35 2026] wlxbcfce7292407: association with b8:ec:a3:dc:73:f5 timed out
[So Jul 26 16:27:43 2026] wlxbcfce7292407: authenticate with b8:ec:a3:dc:73:f5 (local address=bc:fc:e7:29:24:07)
[So Jul 26 16:27:43 2026] wlxbcfce7292407: send auth to b8:ec:a3:dc:73:f5 (try 1/3)
[So Jul 26 16:27:43 2026] wlxbcfce7292407: authenticated
[So Jul 26 16:27:43 2026] wlxbcfce7292407: associate with b8:ec:a3:dc:73:f5 (try 1/3)
[So Jul 26 16:27:43 2026] wlxbcfce7292407: RX AssocResp from b8:ec:a3:dc:73:f5 (capab=0x411 status=0 aid=40)
[So Jul 26 16:27:43 2026] usb 1-1: rtl8xxxu_bss_info_changed: HT supported
[So Jul 26 16:27:43 2026] wlxbcfce7292407: associated
[So Jul 26 16:31:03 2026] ata1.00: failed command: WRITE FPDMA QUEUED
[So Jul 26 16:31:03 2026] ata1.00: failed command: WRITE FPDMA QUEUED
[So Jul 26 16:31:03 2026] ata1: hard resetting link
[So Jul 26 16:31:07 2026] usbcore: deregistering interface driver rtl8xxxu
[So Jul 26 16:31:07 2026] wlxbcfce7292407: deauthenticating from b8:ec:a3:dc:73:f5 by local choice (Reason: 3=DEAUTH_LEAVING)
[So Jul 26 16:31:07 2026] usb 1-1: Device still attached, trying to reset
[So Jul 26 16:31:07 2026] usb 1-1: reset high-speed USB device number 8 using xhci_hcd
[So Jul 26 16:31:09 2026] iwlwifi 0000:03:00.0: Detected crf-id 0xbadcafe, cnv-id 0x3000000 wfpm id 0x80000000
[So Jul 26 16:31:09 2026] iwlwifi 0000:03:00.0: PCI dev 24f3/0130, rev=0x201, rfid=0xd55555d5
[So Jul 26 16:31:09 2026] iwlwifi 0000:03:00.0: Detected Intel(R) Dual Band Wireless-AC 8260
[So Jul 26 16:31:09 2026] iwlwifi 0000:03:00.0: loaded firmware version 36.c8e8e144.0 8000C-36.ucode op_mode iwlmvm
[So Jul 26 16:31:09 2026] usb 1-1: Dumping efuse for RTL8188EU (0x200 bytes):
[So Jul 26 16:31:09 2026] usb 1-1: RTL8188EU rev D (TSMC) romver 0, 1T1R, TX queues 2, WiFi=1, BT=0, GPS=0, HI PA=0
[So Jul 26 16:31:09 2026] usb 1-1: RTL8188EU MAC: bc:fc:e7:29:24:07
[So Jul 26 16:31:09 2026] usb 1-1: rtl8xxxu: Loading firmware rtlwifi/rtl8188eufw.bin
[So Jul 26 16:31:09 2026] iwlwifi 0000:03:00.0: base HW address: f4:8c:50:23:4a:74, OTP minor version: 0x4
[So Jul 26 16:31:09 2026] ieee80211 phy3: Selected rate control algorithm 'iwl-mvm-rs'
[So Jul 26 16:31:09 2026] iwlwifi 0000:03:00.0 wlp3s0: renamed from wlan0
[So Jul 26 16:31:10 2026] usbcore: registered new interface driver rtl8xxxu
[So Jul 26 16:31:10 2026] rtl8xxxu 1-1:1.0 wlxbcfce7292407: renamed from wlan0
[So Jul 26 16:31:11 2026] wlxbcfce7292407: authenticate with b8:ec:a3:dc:73:f5 (local address=bc:fc:e7:29:24:07)
[So Jul 26 16:31:11 2026] wlxbcfce7292407: send auth to b8:ec:a3:dc:73:f5 (try 1/3)
[So Jul 26 16:31:11 2026] wlxbcfce7292407: authenticated
[So Jul 26 16:31:11 2026] wlxbcfce7292407: associate with b8:ec:a3:dc:73:f5 (try 1/3)
[So Jul 26 16:31:12 2026] wlxbcfce7292407: associate with b8:ec:a3:dc:73:f5 (try 2/3)
[So Jul 26 16:31:12 2026] wlxbcfce7292407: associate with b8:ec:a3:dc:73:f5 (try 3/3)
[So Jul 26 16:31:12 2026] wlxbcfce7292407: association with b8:ec:a3:dc:73:f5 timed out
[So Jul 26 16:31:13 2026] wlxbcfce7292407: authenticate with b8:ec:a3:dc:73:f5 (local address=bc:fc:e7:29:24:07)
[So Jul 26 16:31:13 2026] wlxbcfce7292407: send auth to b8:ec:a3:dc:73:f5 (try 1/3)
[So Jul 26 16:31:13 2026] wlxbcfce7292407: authenticated
[So Jul 26 16:31:13 2026] wlxbcfce7292407: associate with b8:ec:a3:dc:73:f5 (try 1/3)
[So Jul 26 16:31:13 2026] wlxbcfce7292407: associate with b8:ec:a3:dc:73:f5 (try 2/3)
[So Jul 26 16:31:13 2026] wlxbcfce7292407: associate with b8:ec:a3:dc:73:f5 (try 3/3)
[So Jul 26 16:31:14 2026] wlxbcfce7292407: association with b8:ec:a3:dc:73:f5 timed out
[So Jul 26 16:31:21 2026] wlxbcfce7292407: authenticate with b8:ec:a3:dc:73:f5 (local address=bc:fc:e7:29:24:07)
[So Jul 26 16:31:21 2026] wlxbcfce7292407: send auth to b8:ec:a3:dc:73:f5 (try 1/3)
[So Jul 26 16:31:21 2026] wlxbcfce7292407: authenticated
[So Jul 26 16:31:21 2026] wlxbcfce7292407: associate with b8:ec:a3:dc:73:f5 (try 1/3)
[So Jul 26 16:31:21 2026] wlxbcfce7292407: RX AssocResp from b8:ec:a3:dc:73:f5 (capab=0x411 status=0 aid=40)
[So Jul 26 16:31:21 2026] usb 1-1: rtl8xxxu_bss_info_changed: HT supported
[So Jul 26 16:31:21 2026] wlxbcfce7292407: associated
[So Jul 26 16:34:08 2026] wlxbcfce7292407: deauthenticating from b8:ec:a3:dc:73:f5 by local choice (Reason: 3=DEAUTH_LEAVING)
[So Jul 26 16:34:15 2026] usb 1-1: Dumping efuse for RTL8188EU (0x200 bytes):
[So Jul 26 16:34:15 2026] usb 1-1: RTL8188EU rev D (TSMC) romver 0, 1T1R, TX queues 2, WiFi=1, BT=0, GPS=0, HI PA=0
[So Jul 26 16:34:15 2026] usb 1-1: RTL8188EU MAC: bc:fc:e7:29:24:07
[So Jul 26 16:34:15 2026] usb 1-1: rtl8xxxu: Loading firmware rtlwifi/rtl8188eufw.bin
[So Jul 26 16:34:16 2026] rtl8xxxu 1-1:1.0 wlxbcfce7292407: renamed from wlan0
[So Jul 26 16:34:26 2026] wlxbcfce7292407: authenticate with b8:ec:a3:dc:73:f5 (local address=bc:fc:e7:29:24:07)
[So Jul 26 16:34:26 2026] wlxbcfce7292407: send auth to b8:ec:a3:dc:73:f5 (try 1/3)
[So Jul 26 16:34:26 2026] wlxbcfce7292407: authenticated
[So Jul 26 16:34:26 2026] wlxbcfce7292407: associate with b8:ec:a3:dc:73:f5 (try 1/3)
[So Jul 26 16:34:26 2026] wlxbcfce7292407: associate with b8:ec:a3:dc:73:f5 (try 2/3)
[So Jul 26 16:34:27 2026] wlxbcfce7292407: associate with b8:ec:a3:dc:73:f5 (try 3/3)
[So Jul 26 16:34:27 2026] wlxbcfce7292407: association with b8:ec:a3:dc:73:f5 timed out
[So Jul 26 16:34:34 2026] wlxbcfce7292407: authenticate with b8:ec:a3:dc:73:f5 (local address=bc:fc:e7:29:24:07)
[So Jul 26 16:34:34 2026] wlxbcfce7292407: send auth to b8:ec:a3:dc:73:f5 (try 1/3)
[So Jul 26 16:34:34 2026] wlxbcfce7292407: authenticated
[So Jul 26 16:34:34 2026] wlxbcfce7292407: associate with b8:ec:a3:dc:73:f5 (try 1/3)
[So Jul 26 16:34:34 2026] wlxbcfce7292407: RX AssocResp from b8:ec:a3:dc:73:f5 (capab=0x411 status=0 aid=40)
[So Jul 26 16:34:34 2026] usb 1-1: rtl8xxxu_bss_info_changed: HT supported
[So Jul 26 16:34:34 2026] wlxbcfce7292407: associated
[So Jul 26 16:45:57 2026] wlxbcfce7292407: deauthenticating from b8:ec:a3:dc:73:f5 by local choice (Reason: 3=DEAUTH_LEAVING)
[So Jul 26 16:45:58 2026] usb 1-1: Device still attached, trying to reset
[So Jul 26 16:45:58 2026] usb 1-1: reset high-speed USB device number 9 using xhci_hcd
[So Jul 26 16:45:59 2026] usb 1-7: reset high-speed USB device number 5 using xhci_hcd
[So Jul 26 16:45:59 2026] usb 1-2: reset high-speed USB device number 3 using xhci_hcd
[So Jul 26 16:45:59 2026] usb 1-6: reset full-speed USB device number 4 using xhci_hcd
[So Jul 26 16:46:00 2026] usb 1-1: Dumping efuse for RTL8188EU (0x200 bytes):
[So Jul 26 16:46:00 2026] usb 1-1: RTL8188EU rev D (TSMC) romver 0, 1T1R, TX queues 2, WiFi=1, BT=0, GPS=0, HI PA=0
[So Jul 26 16:46:00 2026] usb 1-1: RTL8188EU MAC: bc:fc:e7:29:24:07
[So Jul 26 16:46:00 2026] usb 1-1: rtl8xxxu: Loading firmware rtlwifi/rtl8188eufw.bin
[So Jul 26 16:46:01 2026] rtl8xxxu 1-1:1.0 wlxbcfce7292407: renamed from wlan0
[So Jul 26 16:46:02 2026] wlxbcfce7292407: authenticate with b8:ec:a3:dc:73:f5 (local address=bc:fc:e7:29:24:07)
[So Jul 26 16:46:02 2026] wlxbcfce7292407: send auth to b8:ec:a3:dc:73:f5 (try 1/3)
[So Jul 26 16:46:02 2026] wlxbcfce7292407: authenticated
[So Jul 26 16:46:02 2026] wlxbcfce7292407: associate with b8:ec:a3:dc:73:f5 (try 1/3)
[So Jul 26 16:46:02 2026] wlxbcfce7292407: RX AssocResp from b8:ec:a3:dc:73:f5 (capab=0x411 status=0 aid=46)
[So Jul 26 16:46:02 2026] usb 1-1: rtl8xxxu_bss_info_changed: HT supported
[So Jul 26 16:46:02 2026] wlxbcfce7292407: associated
[So Jul 26 16:49:04 2026] ata1.00: failed command: WRITE FPDMA QUEUED
[So Jul 26 16:49:04 2026] ata1.00: failed command: READ FPDMA QUEUED
[So Jul 26 16:49:04 2026] ata1.00: failed command: WRITE FPDMA QUEUED
[So Jul 26 16:49:04 2026] ata1: hard resetting link
[So Jul 26 16:51:10 2026] ata1.00: failed command: WRITE FPDMA QUEUED
[So Jul 26 16:51:10 2026] ata1.00: failed command: WRITE FPDMA QUEUED
[So Jul 26 16:51:10 2026] ata1.00: failed command: WRITE FPDMA QUEUED
[So Jul 26 16:51:10 2026] ata1.00: failed command: WRITE FPDMA QUEUED
[So Jul 26 16:51:10 2026] ata1: hard resetting link
[So Jul 26 16:55:11 2026] ata1.00: failed command: WRITE FPDMA QUEUED
[So Jul 26 16:55:11 2026] ata1.00: failed command: WRITE FPDMA QUEUED
[So Jul 26 16:55:11 2026] ata1.00: failed command: WRITE FPDMA QUEUED
[So Jul 26 16:55:11 2026] ata1: hard resetting link
[So Jul 26 17:02:36 2026] ata1.00: failed command: WRITE FPDMA QUEUED
[So Jul 26 17:02:36 2026] ata1: hard resetting link
[So Jul 26 17:02:36 2026] ata1.00: failed command: WRITE FPDMA QUEUED
[So Jul 26 17:02:36 2026] ata1: hard resetting link
[So Jul 26 15:53:33 2026] systemd[1]: Listening on systemd-factory-reset.socket - Factory Reset Management.
[So Jul 26 15:53:36 2026] Bluetooth: hci0: Reading supported features failed (-16)
[So Jul 26 16:10:37 2026] cfg80211: Loading compiled-in X.509 certificates for regulatory database
[So Jul 26 16:10:37 2026] usb 1-1: Dumping efuse for RTL8188EU (0x200 bytes):
[So Jul 26 16:10:37 2026] usb 1-1: RTL8188EU rev D (TSMC) romver 0, 1T1R, TX queues 2, WiFi=1, BT=0, GPS=0, HI PA=0
[So Jul 26 16:10:37 2026] usb 1-1: RTL8188EU MAC: bc:fc:e7:29:24:07
[So Jul 26 16:10:37 2026] usb 1-1: rtl8xxxu: Loading firmware rtlwifi/rtl8188eufw.bin
[So Jul 26 16:10:38 2026] usbcore: registered new interface driver rtl8xxxu
[So Jul 26 16:10:38 2026] rtl8xxxu 1-1:1.0 wlxbcfce7292407: renamed from wlan0
[So Jul 26 16:10:43 2026] wlxbcfce7292407: authenticate with b8:ec:a3:dc:73:f5 (local address=bc:fc:e7:29:24:07)
[So Jul 26 16:10:43 2026] wlxbcfce7292407: send auth to b8:ec:a3:dc:73:f5 (try 1/3)
[So Jul 26 16:10:43 2026] wlxbcfce7292407: authenticated
[So Jul 26 16:10:43 2026] wlxbcfce7292407: associate with b8:ec:a3:dc:73:f5 (try 1/3)
[So Jul 26 16:10:43 2026] wlxbcfce7292407: RX AssocResp from b8:ec:a3:dc:73:f5 (capab=0x411 status=0 aid=40)
[So Jul 26 16:10:43 2026] usb 1-1: rtl8xxxu_bss_info_changed: HT supported
[So Jul 26 16:10:43 2026] wlxbcfce7292407: associated
[So Jul 26 16:10:47 2026] iwlwifi 0000:03:00.0: enabling device (0000 -> 0002)
[So Jul 26 16:10:47 2026] iwlwifi 0000:03:00.0: Detected crf-id 0xbadcafe, cnv-id 0x3000000 wfpm id 0x80000000
[So Jul 26 16:10:47 2026] iwlwifi 0000:03:00.0: PCI dev 24f3/0130, rev=0x201, rfid=0xd55555d5
[So Jul 26 16:10:47 2026] iwlwifi 0000:03:00.0: Detected Intel(R) Dual Band Wireless-AC 8260
[So Jul 26 16:10:47 2026] iwlwifi 0000:03:00.0: loaded firmware version 36.c8e8e144.0 8000C-36.ucode op_mode iwlmvm
[So Jul 26 16:10:47 2026] iwlwifi 0000:03:00.0: base HW address: f4:8c:50:23:4a:74, OTP minor version: 0x4
[So Jul 26 16:10:48 2026] ieee80211 phy1: Selected rate control algorithm 'iwl-mvm-rs'
[So Jul 26 16:10:48 2026] iwlwifi 0000:03:00.0 wlp3s0: renamed from wlan0
[So Jul 26 16:11:10 2026] wlxbcfce7292407: deauthenticating from b8:ec:a3:dc:73:f5 by local choice (Reason: 3=DEAUTH_LEAVING)
[So Jul 26 16:11:12 2026] wlxbcfce7292407: authenticate with b8:ec:a3:dc:73:f5 (local address=bc:fc:e7:29:24:07)
[So Jul 26 16:11:12 2026] wlxbcfce7292407: send auth to b8:ec:a3:dc:73:f5 (try 1/3)
[So Jul 26 16:11:12 2026] wlxbcfce7292407: authenticated
[So Jul 26 16:11:12 2026] wlxbcfce7292407: associate with b8:ec:a3:dc:73:f5 (try 1/3)
[So Jul 26 16:11:12 2026] wlxbcfce7292407: RX AssocResp from b8:ec:a3:dc:73:f5 (capab=0x411 status=0 aid=40)
[So Jul 26 16:11:12 2026] usb 1-1: rtl8xxxu_bss_info_changed: HT supported
[So Jul 26 16:11:12 2026] wlxbcfce7292407: associated
[So Jul 26 16:11:15 2026] wlp3s0: authenticate with b8:ec:a3:dc:73:f5 (local address=f4:8c:50:23:4a:74)
[So Jul 26 16:11:15 2026] wlp3s0: send auth to b8:ec:a3:dc:73:f5 (try 1/3)
[So Jul 26 16:11:15 2026] wlp3s0: authenticated
[So Jul 26 16:11:15 2026] wlp3s0: associate with b8:ec:a3:dc:73:f5 (try 1/3)
[So Jul 26 16:11:15 2026] wlp3s0: RX AssocResp from b8:ec:a3:dc:73:f5 (capab=0x411 status=0 aid=45)
[So Jul 26 16:11:15 2026] wlp3s0: associated
[So Jul 26 16:11:29 2026] wlp3s0: authenticate with b8:ec:a3:dc:73:f5 (local address=f4:8c:50:23:4a:74)
[So Jul 26 16:11:29 2026] wlp3s0: send auth to b8:ec:a3:dc:73:f5 (try 1/3)
[So Jul 26 16:11:29 2026] wlp3s0: authenticated
[So Jul 26 16:11:29 2026] wlp3s0: associate with b8:ec:a3:dc:73:f5 (try 1/3)
[So Jul 26 16:11:29 2026] wlp3s0: associate with b8:ec:a3:dc:73:f5 (try 2/3)
[So Jul 26 16:11:29 2026] wlp3s0: associate with b8:ec:a3:dc:73:f5 (try 3/3)
[So Jul 26 16:11:29 2026] wlp3s0: association with b8:ec:a3:dc:73:f5 timed out
[So Jul 26 16:12:16 2026] wlp3s0: authenticate with b8:ec:a3:dc:73:f5 (local address=f4:8c:50:23:4a:74)
[So Jul 26 16:12:16 2026] wlp3s0: send auth to b8:ec:a3:dc:73:f5 (try 1/3)
[So Jul 26 16:12:16 2026] wlp3s0: authenticated
[So Jul 26 16:12:16 2026] wlp3s0: associate with b8:ec:a3:dc:73:f5 (try 1/3)
[So Jul 26 16:12:16 2026] wlp3s0: RX AssocResp from b8:ec:a3:dc:73:f5 (capab=0x411 status=0 aid=45)
[So Jul 26 16:12:16 2026] wlp3s0: associated
[So Jul 26 16:12:23 2026] wlp3s0: Connection to AP b8:ec:a3:dc:73:f5 lost
[So Jul 26 16:20:45 2026] ata1.00: failed command: WRITE FPDMA QUEUED
[So Jul 26 16:20:45 2026] ata1: hard resetting link
[So Jul 26 16:27:35 2026] wlxbcfce7292407: authenticate with b8:ec:a3:dc:73:f5 (local address=bc:fc:e7:29:24:07)
[So Jul 26 16:27:35 2026] wlxbcfce7292407: send auth to b8:ec:a3:dc:73:f5 (try 1/3)
[So Jul 26 16:27:35 2026] wlxbcfce7292407: authenticated
[So Jul 26 16:27:35 2026] wlxbcfce7292407: associate with b8:ec:a3:dc:73:f5 (try 1/3)
[So Jul 26 16:27:35 2026] wlxbcfce7292407: associate with b8:ec:a3:dc:73:f5 (try 2/3)
[So Jul 26 16:27:35 2026] wlxbcfce7292407: associate with b8:ec:a3:dc:73:f5 (try 3/3)
[So Jul 26 16:27:35 2026] wlxbcfce7292407: association with b8:ec:a3:dc:73:f5 timed out
[So Jul 26 16:27:43 2026] wlxbcfce7292407: authenticate with b8:ec:a3:dc:73:f5 (local address=bc:fc:e7:29:24:07)
[So Jul 26 16:27:43 2026] wlxbcfce7292407: send auth to b8:ec:a3:dc:73:f5 (try 1/3)
[So Jul 26 16:27:43 2026] wlxbcfce7292407: authenticated
[So Jul 26 16:27:43 2026] wlxbcfce7292407: associate with b8:ec:a3:dc:73:f5 (try 1/3)
[So Jul 26 16:27:43 2026] wlxbcfce7292407: RX AssocResp from b8:ec:a3:dc:73:f5 (capab=0x411 status=0 aid=40)
[So Jul 26 16:27:43 2026] usb 1-1: rtl8xxxu_bss_info_changed: HT supported
[So Jul 26 16:27:43 2026] wlxbcfce7292407: associated
[So Jul 26 16:31:03 2026] ata1.00: failed command: WRITE FPDMA QUEUED
[So Jul 26 16:31:03 2026] ata1.00: failed command: WRITE FPDMA QUEUED
[So Jul 26 16:31:03 2026] ata1: hard resetting link
[So Jul 26 16:31:07 2026] usbcore: deregistering interface driver rtl8xxxu
[So Jul 26 16:31:07 2026] wlxbcfce7292407: deauthenticating from b8:ec:a3:dc:73:f5 by local choice (Reason: 3=DEAUTH_LEAVING)
[So Jul 26 16:31:07 2026] usb 1-1: Device still attached, trying to reset
[So Jul 26 16:31:07 2026] usb 1-1: reset high-speed USB device number 8 using xhci_hcd
[So Jul 26 16:31:09 2026] iwlwifi 0000:03:00.0: Detected crf-id 0xbadcafe, cnv-id 0x3000000 wfpm id 0x80000000
[So Jul 26 16:31:09 2026] iwlwifi 0000:03:00.0: PCI dev 24f3/0130, rev=0x201, rfid=0xd55555d5
[So Jul 26 16:31:09 2026] iwlwifi 0000:03:00.0: Detected Intel(R) Dual Band Wireless-AC 8260
[So Jul 26 16:31:09 2026] iwlwifi 0000:03:00.0: loaded firmware version 36.c8e8e144.0 8000C-36.ucode op_mode iwlmvm
[So Jul 26 16:31:09 2026] usb 1-1: Dumping efuse for RTL8188EU (0x200 bytes):
[So Jul 26 16:31:09 2026] usb 1-1: RTL8188EU rev D (TSMC) romver 0, 1T1R, TX queues 2, WiFi=1, BT=0, GPS=0, HI PA=0
[So Jul 26 16:31:09 2026] usb 1-1: RTL8188EU MAC: bc:fc:e7:29:24:07
[So Jul 26 16:31:09 2026] usb 1-1: rtl8xxxu: Loading firmware rtlwifi/rtl8188eufw.bin
[So Jul 26 16:31:09 2026] iwlwifi 0000:03:00.0: base HW address: f4:8c:50:23:4a:74, OTP minor version: 0x4
[So Jul 26 16:31:09 2026] ieee80211 phy3: Selected rate control algorithm 'iwl-mvm-rs'
[So Jul 26 16:31:09 2026] iwlwifi 0000:03:00.0 wlp3s0: renamed from wlan0
[So Jul 26 16:31:10 2026] usbcore: registered new interface driver rtl8xxxu
[So Jul 26 16:31:10 2026] rtl8xxxu 1-1:1.0 wlxbcfce7292407: renamed from wlan0
[So Jul 26 16:31:11 2026] wlxbcfce7292407: authenticate with b8:ec:a3:dc:73:f5 (local address=bc:fc:e7:29:24:07)
[So Jul 26 16:31:11 2026] wlxbcfce7292407: send auth to b8:ec:a3:dc:73:f5 (try 1/3)
[So Jul 26 16:31:11 2026] wlxbcfce7292407: authenticated
[So Jul 26 16:31:11 2026] wlxbcfce7292407: associate with b8:ec:a3:dc:73:f5 (try 1/3)
[So Jul 26 16:31:12 2026] wlxbcfce7292407: associate with b8:ec:a3:dc:73:f5 (try 2/3)
[So Jul 26 16:31:12 2026] wlxbcfce7292407: associate with b8:ec:a3:dc:73:f5 (try 3/3)
[So Jul 26 16:31:12 2026] wlxbcfce7292407: association with b8:ec:a3:dc:73:f5 timed out
[So Jul 26 16:31:13 2026] wlxbcfce7292407: authenticate with b8:ec:a3:dc:73:f5 (local address=bc:fc:e7:29:24:07)
[So Jul 26 16:31:13 2026] wlxbcfce7292407: send auth to b8:ec:a3:dc:73:f5 (try 1/3)
[So Jul 26 16:31:13 2026] wlxbcfce7292407: authenticated
[So Jul 26 16:31:13 2026] wlxbcfce7292407: associate with b8:ec:a3:dc:73:f5 (try 1/3)
[So Jul 26 16:31:13 2026] wlxbcfce7292407: associate with b8:ec:a3:dc:73:f5 (try 2/3)
[So Jul 26 16:31:13 2026] wlxbcfce7292407: associate with b8:ec:a3:dc:73:f5 (try 3/3)
[So Jul 26 16:31:14 2026] wlxbcfce7292407: association with b8:ec:a3:dc:73:f5 timed out
[So Jul 26 16:31:21 2026] wlxbcfce7292407: authenticate with b8:ec:a3:dc:73:f5 (local address=bc:fc:e7:29:24:07)
[So Jul 26 16:31:21 2026] wlxbcfce7292407: send auth to b8:ec:a3:dc:73:f5 (try 1/3)
[So Jul 26 16:31:21 2026] wlxbcfce7292407: authenticated
[So Jul 26 16:31:21 2026] wlxbcfce7292407: associate with b8:ec:a3:dc:73:f5 (try 1/3)
[So Jul 26 16:31:21 2026] wlxbcfce7292407: RX AssocResp from b8:ec:a3:dc:73:f5 (capab=0x411 status=0 aid=40)
[So Jul 26 16:31:21 2026] usb 1-1: rtl8xxxu_bss_info_changed: HT supported
[So Jul 26 16:31:21 2026] wlxbcfce7292407: associated
[So Jul 26 16:34:08 2026] wlxbcfce7292407: deauthenticating from b8:ec:a3:dc:73:f5 by local choice (Reason: 3=DEAUTH_LEAVING)
[So Jul 26 16:34:15 2026] usb 1-1: Dumping efuse for RTL8188EU (0x200 bytes):
[So Jul 26 16:34:15 2026] usb 1-1: RTL8188EU rev D (TSMC) romver 0, 1T1R, TX queues 2, WiFi=1, BT=0, GPS=0, HI PA=0
[So Jul 26 16:34:15 2026] usb 1-1: RTL8188EU MAC: bc:fc:e7:29:24:07
[So Jul 26 16:34:15 2026] usb 1-1: rtl8xxxu: Loading firmware rtlwifi/rtl8188eufw.bin
[So Jul 26 16:34:16 2026] rtl8xxxu 1-1:1.0 wlxbcfce7292407: renamed from wlan0
[So Jul 26 16:34:26 2026] wlxbcfce7292407: authenticate with b8:ec:a3:dc:73:f5 (local address=bc:fc:e7:29:24:07)
[So Jul 26 16:34:26 2026] wlxbcfce7292407: send auth to b8:ec:a3:dc:73:f5 (try 1/3)
[So Jul 26 16:34:26 2026] wlxbcfce7292407: authenticated
[So Jul 26 16:34:26 2026] wlxbcfce7292407: associate with b8:ec:a3:dc:73:f5 (try 1/3)
[So Jul 26 16:34:26 2026] wlxbcfce7292407: associate with b8:ec:a3:dc:73:f5 (try 2/3)
[So Jul 26 16:34:27 2026] wlxbcfce7292407: associate with b8:ec:a3:dc:73:f5 (try 3/3)
[So Jul 26 16:34:27 2026] wlxbcfce7292407: association with b8:ec:a3:dc:73:f5 timed out
[So Jul 26 16:34:34 2026] wlxbcfce7292407: authenticate with b8:ec:a3:dc:73:f5 (local address=bc:fc:e7:29:24:07)
[So Jul 26 16:34:34 2026] wlxbcfce7292407: send auth to b8:ec:a3:dc:73:f5 (try 1/3)
[So Jul 26 16:34:34 2026] wlxbcfce7292407: authenticated
[So Jul 26 16:34:34 2026] wlxbcfce7292407: associate with b8:ec:a3:dc:73:f5 (try 1/3)
[So Jul 26 16:34:34 2026] wlxbcfce7292407: RX AssocResp from b8:ec:a3:dc:73:f5 (capab=0x411 status=0 aid=40)
[So Jul 26 16:34:34 2026] usb 1-1: rtl8xxxu_bss_info_changed: HT supported
[So Jul 26 16:34:34 2026] wlxbcfce7292407: associated
[So Jul 26 16:45:57 2026] wlxbcfce7292407: deauthenticating from b8:ec:a3:dc:73:f5 by local choice (Reason: 3=DEAUTH_LEAVING)
[So Jul 26 16:45:58 2026] usb 1-1: Device still attached, trying to reset
[So Jul 26 16:45:58 2026] usb 1-1: reset high-speed USB device number 9 using xhci_hcd
[So Jul 26 16:45:59 2026] usb 1-7: reset high-speed USB device number 5 using xhci_hcd
[So Jul 26 16:45:59 2026] usb 1-2: reset high-speed USB device number 3 using xhci_hcd
[So Jul 26 16:45:59 2026] usb 1-6: reset full-speed USB device number 4 using xhci_hcd
[So Jul 26 16:46:00 2026] usb 1-1: Dumping efuse for RTL8188EU (0x200 bytes):
[So Jul 26 16:46:00 2026] usb 1-1: RTL8188EU rev D (TSMC) romver 0, 1T1R, TX queues 2, WiFi=1, BT=0, GPS=0, HI PA=0
[So Jul 26 16:46:00 2026] usb 1-1: RTL8188EU MAC: bc:fc:e7:29:24:07
[So Jul 26 16:46:00 2026] usb 1-1: rtl8xxxu: Loading firmware rtlwifi/rtl8188eufw.bin
[So Jul 26 16:46:01 2026] rtl8xxxu 1-1:1.0 wlxbcfce7292407: renamed from wlan0
[So Jul 26 16:46:02 2026] wlxbcfce7292407: authenticate with b8:ec:a3:dc:73:f5 (local address=bc:fc:e7:29:24:07)
[So Jul 26 16:46:02 2026] wlxbcfce7292407: send auth to b8:ec:a3:dc:73:f5 (try 1/3)
[So Jul 26 16:46:02 2026] wlxbcfce7292407: authenticated
[So Jul 26 16:46:02 2026] wlxbcfce7292407: associate with b8:ec:a3:dc:73:f5 (try 1/3)
[So Jul 26 16:46:02 2026] wlxbcfce7292407: RX AssocResp from b8:ec:a3:dc:73:f5 (capab=0x411 status=0 aid=46)
[So Jul 26 16:46:02 2026] usb 1-1: rtl8xxxu_bss_info_changed: HT supported
[So Jul 26 16:46:02 2026] wlxbcfce7292407: associated
[So Jul 26 16:49:04 2026] ata1.00: failed command: WRITE FPDMA QUEUED
[So Jul 26 16:49:04 2026] ata1.00: failed command: READ FPDMA QUEUED
[So Jul 26 16:49:04 2026] ata1.00: failed command: WRITE FPDMA QUEUED
[So Jul 26 16:49:04 2026] ata1: hard resetting link
[So Jul 26 16:51:10 2026] ata1.00: failed command: WRITE FPDMA QUEUED
[So Jul 26 16:51:10 2026] ata1.00: failed command: WRITE FPDMA QUEUED
[So Jul 26 16:51:10 2026] ata1.00: failed command: WRITE FPDMA QUEUED
[So Jul 26 16:51:10 2026] ata1.00: failed command: WRITE FPDMA QUEUED
[So Jul 26 16:51:10 2026] ata1: hard resetting link
[So Jul 26 16:55:11 2026] ata1.00: failed command: WRITE FPDMA QUEUED
[So Jul 26 16:55:11 2026] ata1.00: failed command: WRITE FPDMA QUEUED
[So Jul 26 16:55:11 2026] ata1.00: failed command: WRITE FPDMA QUEUED
[So Jul 26 16:55:11 2026] ata1: hard resetting link
[So Jul 26 17:02:36 2026] ata1.00: failed command: WRITE FPDMA QUEUED
[So Jul 26 17:02:36 2026] ata1: hard resetting link
[So Jul 26 17:02:36 2026] ata1.00: failed command: WRITE FPDMA QUEUED
[So Jul 26 17:02:36 2026] ata1: hard resetting link
[So Jul 26 15:53:33 2026] systemd[1]: Listening on systemd-factory-reset.socket - Factory Reset Management.
[So Jul 26 15:53:36 2026] Bluetooth: hci0: Reading supported features failed (-16)
[So Jul 26 16:10:37 2026] cfg80211: Loading compiled-in X.509 certificates for regulatory database
[So Jul 26 16:10:37 2026] usb 1-1: Dumping efuse for RTL8188EU (0x200 bytes):
[So Jul 26 16:10:37 2026] usb 1-1: RTL8188EU rev D (TSMC) romver 0, 1T1R, TX queues 2, WiFi=1, BT=0, GPS=0, HI PA=0
[So Jul 26 16:10:37 2026] usb 1-1: RTL8188EU MAC: bc:fc:e7:29:24:07
[So Jul 26 16:10:37 2026] usb 1-1: rtl8xxxu: Loading firmware rtlwifi/rtl8188eufw.bin
[So Jul 26 16:10:38 2026] usbcore: registered new interface driver rtl8xxxu
[So Jul 26 16:10:38 2026] rtl8xxxu 1-1:1.0 wlxbcfce7292407: renamed from wlan0
[So Jul 26 16:10:43 2026] wlxbcfce7292407: authenticate with b8:ec:a3:dc:73:f5 (local address=bc:fc:e7:29:24:07)
[So Jul 26 16:10:43 2026] wlxbcfce7292407: send auth to b8:ec:a3:dc:73:f5 (try 1/3)
[So Jul 26 16:10:43 2026] wlxbcfce7292407: authenticated
[So Jul 26 16:10:43 2026] wlxbcfce7292407: associate with b8:ec:a3:dc:73:f5 (try 1/3)
[So Jul 26 16:10:43 2026] wlxbcfce7292407: RX AssocResp from b8:ec:a3:dc:73:f5 (capab=0x411 status=0 aid=40)
[So Jul 26 16:10:43 2026] usb 1-1: rtl8xxxu_bss_info_changed: HT supported
[So Jul 26 16:10:43 2026] wlxbcfce7292407: associated
[So Jul 26 16:10:47 2026] iwlwifi 0000:03:00.0: enabling device (0000 -> 0002)
[So Jul 26 16:10:47 2026] iwlwifi 0000:03:00.0: Detected crf-id 0xbadcafe, cnv-id 0x3000000 wfpm id 0x80000000
[So Jul 26 16:10:47 2026] iwlwifi 0000:03:00.0: PCI dev 24f3/0130, rev=0x201, rfid=0xd55555d5
[So Jul 26 16:10:47 2026] iwlwifi 0000:03:00.0: Detected Intel(R) Dual Band Wireless-AC 8260
[So Jul 26 16:10:47 2026] iwlwifi 0000:03:00.0: loaded firmware version 36.c8e8e144.0 8000C-36.ucode op_mode iwlmvm
[So Jul 26 16:10:47 2026] iwlwifi 0000:03:00.0: base HW address: f4:8c:50:23:4a:74, OTP minor version: 0x4
[So Jul 26 16:10:48 2026] ieee80211 phy1: Selected rate control algorithm 'iwl-mvm-rs'
[So Jul 26 16:10:48 2026] iwlwifi 0000:03:00.0 wlp3s0: renamed from wlan0
[So Jul 26 16:11:10 2026] wlxbcfce7292407: deauthenticating from b8:ec:a3:dc:73:f5 by local choice (Reason: 3=DEAUTH_LEAVING)
[So Jul 26 16:11:12 2026] wlxbcfce7292407: authenticate with b8:ec:a3:dc:73:f5 (local address=bc:fc:e7:29:24:07)
[So Jul 26 16:11:12 2026] wlxbcfce7292407: send auth to b8:ec:a3:dc:73:f5 (try 1/3)
[So Jul 26 16:11:12 2026] wlxbcfce7292407: authenticated
[So Jul 26 16:11:12 2026] wlxbcfce7292407: associate with b8:ec:a3:dc:73:f5 (try 1/3)
[So Jul 26 16:11:12 2026] wlxbcfce7292407: RX AssocResp from b8:ec:a3:dc:73:f5 (capab=0x411 status=0 aid=40)
[So Jul 26 16:11:12 2026] usb 1-1: rtl8xxxu_bss_info_changed: HT supported
[So Jul 26 16:11:12 2026] wlxbcfce7292407: associated
[So Jul 26 16:11:15 2026] wlp3s0: authenticate with b8:ec:a3:dc:73:f5 (local address=f4:8c:50:23:4a:74)
[So Jul 26 16:11:15 2026] wlp3s0: send auth to b8:ec:a3:dc:73:f5 (try 1/3)
[So Jul 26 16:11:15 2026] wlp3s0: authenticated
[So Jul 26 16:11:15 2026] wlp3s0: associate with b8:ec:a3:dc:73:f5 (try 1/3)
[So Jul 26 16:11:15 2026] wlp3s0: RX AssocResp from b8:ec:a3:dc:73:f5 (capab=0x411 status=0 aid=45)
[So Jul 26 16:11:15 2026] wlp3s0: associated
[So Jul 26 16:11:29 2026] wlp3s0: authenticate with b8:ec:a3:dc:73:f5 (local address=f4:8c:50:23:4a:74)
[So Jul 26 16:11:29 2026] wlp3s0: send auth to b8:ec:a3:dc:73:f5 (try 1/3)
[So Jul 26 16:11:29 2026] wlp3s0: authenticated
[So Jul 26 16:11:29 2026] wlp3s0: associate with b8:ec:a3:dc:73:f5 (try 1/3)
[So Jul 26 16:11:29 2026] wlp3s0: associate with b8:ec:a3:dc:73:f5 (try 2/3)
[So Jul 26 16:11:29 2026] wlp3s0: associate with b8:ec:a3:dc:73:f5 (try 3/3)
[So Jul 26 16:11:29 2026] wlp3s0: association with b8:ec:a3:dc:73:f5 timed out
[So Jul 26 16:12:16 2026] wlp3s0: authenticate with b8:ec:a3:dc:73:f5 (local address=f4:8c:50:23:4a:74)
[So Jul 26 16:12:16 2026] wlp3s0: send auth to b8:ec:a3:dc:73:f5 (try 1/3)
[So Jul 26 16:12:16 2026] wlp3s0: authenticated
[So Jul 26 16:12:16 2026] wlp3s0: associate with b8:ec:a3:dc:73:f5 (try 1/3)
[So Jul 26 16:12:16 2026] wlp3s0: RX AssocResp from b8:ec:a3:dc:73:f5 (capab=0x411 status=0 aid=45)
[So Jul 26 16:12:16 2026] wlp3s0: associated
[So Jul 26 16:12:23 2026] wlp3s0: Connection to AP b8:ec:a3:dc:73:f5 lost
[So Jul 26 16:20:45 2026] ata1.00: failed command: WRITE FPDMA QUEUED
[So Jul 26 16:20:45 2026] ata1: hard resetting link
[So Jul 26 16:27:35 2026] wlxbcfce7292407: authenticate with b8:ec:a3:dc:73:f5 (local address=bc:fc:e7:29:24:07)
[So Jul 26 16:27:35 2026] wlxbcfce7292407: send auth to b8:ec:a3:dc:73:f5 (try 1/3)
[So Jul 26 16:27:35 2026] wlxbcfce7292407: authenticated
[So Jul 26 16:27:35 2026] wlxbcfce7292407: associate with b8:ec:a3:dc:73:f5 (try 1/3)
[So Jul 26 16:27:35 2026] wlxbcfce7292407: associate with b8:ec:a3:dc:73:f5 (try 2/3)
[So Jul 26 16:27:35 2026] wlxbcfce7292407: associate with b8:ec:a3:dc:73:f5 (try 3/3)
[So Jul 26 16:27:35 2026] wlxbcfce7292407: association with b8:ec:a3:dc:73:f5 timed out
[So Jul 26 16:27:43 2026] wlxbcfce7292407: authenticate with b8:ec:a3:dc:73:f5 (local address=bc:fc:e7:29:24:07)
[So Jul 26 16:27:43 2026] wlxbcfce7292407: send auth to b8:ec:a3:dc:73:f5 (try 1/3)
[So Jul 26 16:27:43 2026] wlxbcfce7292407: authenticated
[So Jul 26 16:27:43 2026] wlxbcfce7292407: associate with b8:ec:a3:dc:73:f5 (try 1/3)
[So Jul 26 16:27:43 2026] wlxbcfce7292407: RX AssocResp from b8:ec:a3:dc:73:f5 (capab=0x411 status=0 aid=40)
[So Jul 26 16:27:43 2026] usb 1-1: rtl8xxxu_bss_info_changed: HT supported
[So Jul 26 16:27:43 2026] wlxbcfce7292407: associated
[So Jul 26 16:31:03 2026] ata1.00: failed command: WRITE FPDMA QUEUED
[So Jul 26 16:31:03 2026] ata1.00: failed command: WRITE FPDMA QUEUED
[So Jul 26 16:31:03 2026] ata1: hard resetting link
[So Jul 26 16:31:07 2026] usbcore: deregistering interface driver rtl8xxxu
[So Jul 26 16:31:07 2026] wlxbcfce7292407: deauthenticating from b8:ec:a3:dc:73:f5 by local choice (Reason: 3=DEAUTH_LEAVING)
[So Jul 26 16:31:07 2026] usb 1-1: Device still attached, trying to reset
[So Jul 26 16:31:07 2026] usb 1-1: reset high-speed USB device number 8 using xhci_hcd
[So Jul 26 16:31:09 2026] iwlwifi 0000:03:00.0: Detected crf-id 0xbadcafe, cnv-id 0x3000000 wfpm id 0x80000000
[So Jul 26 16:31:09 2026] iwlwifi 0000:03:00.0: PCI dev 24f3/0130, rev=0x201, rfid=0xd55555d5
[So Jul 26 16:31:09 2026] iwlwifi 0000:03:00.0: Detected Intel(R) Dual Band Wireless-AC 8260
[So Jul 26 16:31:09 2026] iwlwifi 0000:03:00.0: loaded firmware version 36.c8e8e144.0 8000C-36.ucode op_mode iwlmvm
[So Jul 26 16:31:09 2026] usb 1-1: Dumping efuse for RTL8188EU (0x200 bytes):
[So Jul 26 16:31:09 2026] usb 1-1: RTL8188EU rev D (TSMC) romver 0, 1T1R, TX queues 2, WiFi=1, BT=0, GPS=0, HI PA=0
[So Jul 26 16:31:09 2026] usb 1-1: RTL8188EU MAC: bc:fc:e7:29:24:07
[So Jul 26 16:31:09 2026] usb 1-1: rtl8xxxu: Loading firmware rtlwifi/rtl8188eufw.bin
[So Jul 26 16:31:09 2026] iwlwifi 0000:03:00.0: base HW address: f4:8c:50:23:4a:74, OTP minor version: 0x4
[So Jul 26 16:31:09 2026] ieee80211 phy3: Selected rate control algorithm 'iwl-mvm-rs'
[So Jul 26 16:31:09 2026] iwlwifi 0000:03:00.0 wlp3s0: renamed from wlan0
[So Jul 26 16:31:10 2026] usbcore: registered new interface driver rtl8xxxu
[So Jul 26 16:31:10 2026] rtl8xxxu 1-1:1.0 wlxbcfce7292407: renamed from wlan0
[So Jul 26 16:31:11 2026] wlxbcfce7292407: authenticate with b8:ec:a3:dc:73:f5 (local address=bc:fc:e7:29:24:07)
[So Jul 26 16:31:11 2026] wlxbcfce7292407: send auth to b8:ec:a3:dc:73:f5 (try 1/3)
[So Jul 26 16:31:11 2026] wlxbcfce7292407: authenticated
[So Jul 26 16:31:11 2026] wlxbcfce7292407: associate with b8:ec:a3:dc:73:f5 (try 1/3)
[So Jul 26 16:31:12 2026] wlxbcfce7292407: associate with b8:ec:a3:dc:73:f5 (try 2/3)
[So Jul 26 16:31:12 2026] wlxbcfce7292407: associate with b8:ec:a3:dc:73:f5 (try 3/3)
[So Jul 26 16:31:12 2026] wlxbcfce7292407: association with b8:ec:a3:dc:73:f5 timed out
[So Jul 26 16:31:13 2026] wlxbcfce7292407: authenticate with b8:ec:a3:dc:73:f5 (local address=bc:fc:e7:29:24:07)
[So Jul 26 16:31:13 2026] wlxbcfce7292407: send auth to b8:ec:a3:dc:73:f5 (try 1/3)
[So Jul 26 16:31:13 2026] wlxbcfce7292407: authenticated
[So Jul 26 16:31:13 2026] wlxbcfce7292407: associate with b8:ec:a3:dc:73:f5 (try 1/3)
[So Jul 26 16:31:13 2026] wlxbcfce7292407: associate with b8:ec:a3:dc:73:f5 (try 2/3)
[So Jul 26 16:31:13 2026] wlxbcfce7292407: associate with b8:ec:a3:dc:73:f5 (try 3/3)
[So Jul 26 16:31:14 2026] wlxbcfce7292407: association with b8:ec:a3:dc:73:f5 timed out
[So Jul 26 16:31:21 2026] wlxbcfce7292407: authenticate with b8:ec:a3:dc:73:f5 (local address=bc:fc:e7:29:24:07)
[So Jul 26 16:31:21 2026] wlxbcfce7292407: send auth to b8:ec:a3:dc:73:f5 (try 1/3)
[So Jul 26 16:31:21 2026] wlxbcfce7292407: authenticated
[So Jul 26 16:31:21 2026] wlxbcfce7292407: associate with b8:ec:a3:dc:73:f5 (try 1/3)
[So Jul 26 16:31:21 2026] wlxbcfce7292407: RX AssocResp from b8:ec:a3:dc:73:f5 (capab=0x411 status=0 aid=40)
[So Jul 26 16:31:21 2026] usb 1-1: rtl8xxxu_bss_info_changed: HT supported
[So Jul 26 16:31:21 2026] wlxbcfce7292407: associated
[So Jul 26 16:34:08 2026] wlxbcfce7292407: deauthenticating from b8:ec:a3:dc:73:f5 by local choice (Reason: 3=DEAUTH_LEAVING)
[So Jul 26 16:34:15 2026] usb 1-1: Dumping efuse for RTL8188EU (0x200 bytes):
[So Jul 26 16:34:15 2026] usb 1-1: RTL8188EU rev D (TSMC) romver 0, 1T1R, TX queues 2, WiFi=1, BT=0, GPS=0, HI PA=0
[So Jul 26 16:34:15 2026] usb 1-1: RTL8188EU MAC: bc:fc:e7:29:24:07
[So Jul 26 16:34:15 2026] usb 1-1: rtl8xxxu: Loading firmware rtlwifi/rtl8188eufw.bin
[So Jul 26 16:34:16 2026] rtl8xxxu 1-1:1.0 wlxbcfce7292407: renamed from wlan0
[So Jul 26 16:34:26 2026] wlxbcfce7292407: authenticate with b8:ec:a3:dc:73:f5 (local address=bc:fc:e7:29:24:07)
[So Jul 26 16:34:26 2026] wlxbcfce7292407: send auth to b8:ec:a3:dc:73:f5 (try 1/3)
[So Jul 26 16:34:26 2026] wlxbcfce7292407: authenticated
[So Jul 26 16:34:26 2026] wlxbcfce7292407: associate with b8:ec:a3:dc:73:f5 (try 1/3)
[So Jul 26 16:34:26 2026] wlxbcfce7292407: associate with b8:ec:a3:dc:73:f5 (try 2/3)
[So Jul 26 16:34:27 2026] wlxbcfce7292407: associate with b8:ec:a3:dc:73:f5 (try 3/3)
[So Jul 26 16:34:27 2026] wlxbcfce7292407: association with b8:ec:a3:dc:73:f5 timed out
[So Jul 26 16:34:34 2026] wlxbcfce7292407: authenticate with b8:ec:a3:dc:73:f5 (local address=bc:fc:e7:29:24:07)
[So Jul 26 16:34:34 2026] wlxbcfce7292407: send auth to b8:ec:a3:dc:73:f5 (try 1/3)
[So Jul 26 16:34:34 2026] wlxbcfce7292407: authenticated
[So Jul 26 16:34:34 2026] wlxbcfce7292407: associate with b8:ec:a3:dc:73:f5 (try 1/3)
[So Jul 26 16:34:34 2026] wlxbcfce7292407: RX AssocResp from b8:ec:a3:dc:73:f5 (capab=0x411 status=0 aid=40)
[So Jul 26 16:34:34 2026] usb 1-1: rtl8xxxu_bss_info_changed: HT supported
[So Jul 26 16:34:34 2026] wlxbcfce7292407: associated
[So Jul 26 16:45:57 2026] wlxbcfce7292407: deauthenticating from b8:ec:a3:dc:73:f5 by local choice (Reason: 3=DEAUTH_LEAVING)
[So Jul 26 16:45:58 2026] usb 1-1: Device still attached, trying to reset
[So Jul 26 16:45:58 2026] usb 1-1: reset high-speed USB device number 9 using xhci_hcd
[So Jul 26 16:45:59 2026] usb 1-7: reset high-speed USB device number 5 using xhci_hcd
[So Jul 26 16:45:59 2026] usb 1-2: reset high-speed USB device number 3 using xhci_hcd
[So Jul 26 16:45:59 2026] usb 1-6: reset full-speed USB device number 4 using xhci_hcd
[So Jul 26 16:46:00 2026] usb 1-1: Dumping efuse for RTL8188EU (0x200 bytes):
[So Jul 26 16:46:00 2026] usb 1-1: RTL8188EU rev D (TSMC) romver 0, 1T1R, TX queues 2, WiFi=1, BT=0, GPS=0, HI PA=0
[So Jul 26 16:46:00 2026] usb 1-1: RTL8188EU MAC: bc:fc:e7:29:24:07
[So Jul 26 16:46:00 2026] usb 1-1: rtl8xxxu: Loading firmware rtlwifi/rtl8188eufw.bin
[So Jul 26 16:46:01 2026] rtl8xxxu 1-1:1.0 wlxbcfce7292407: renamed from wlan0
[So Jul 26 16:46:02 2026] wlxbcfce7292407: authenticate with b8:ec:a3:dc:73:f5 (local address=bc:fc:e7:29:24:07)
[So Jul 26 16:46:02 2026] wlxbcfce7292407: send auth to b8:ec:a3:dc:73:f5 (try 1/3)
[So Jul 26 16:46:02 2026] wlxbcfce7292407: authenticated
[So Jul 26 16:46:02 2026] wlxbcfce7292407: associate with b8:ec:a3:dc:73:f5 (try 1/3)
[So Jul 26 16:46:02 2026] wlxbcfce7292407: RX AssocResp from b8:ec:a3:dc:73:f5 (capab=0x411 status=0 aid=46)
[So Jul 26 16:46:02 2026] usb 1-1: rtl8xxxu_bss_info_changed: HT supported
[So Jul 26 16:46:02 2026] wlxbcfce7292407: associated
[So Jul 26 16:49:04 2026] ata1.00: failed command: WRITE FPDMA QUEUED
[So Jul 26 16:49:04 2026] ata1.00: failed command: READ FPDMA QUEUED
[So Jul 26 16:49:04 2026] ata1.00: failed command: WRITE FPDMA QUEUED
[So Jul 26 16:49:04 2026] ata1: hard resetting link
[So Jul 26 16:51:10 2026] ata1.00: failed command: WRITE FPDMA QUEUED
[So Jul 26 16:51:10 2026] ata1.00: failed command: WRITE FPDMA QUEUED
[So Jul 26 16:51:10 2026] ata1.00: failed command: WRITE FPDMA QUEUED
[So Jul 26 16:51:10 2026] ata1.00: failed command: WRITE FPDMA QUEUED
[So Jul 26 16:51:10 2026] ata1: hard resetting link
[So Jul 26 16:55:11 2026] ata1.00: failed command: WRITE FPDMA QUEUED
[So Jul 26 16:55:11 2026] ata1.00: failed command: WRITE FPDMA QUEUED
[So Jul 26 16:55:11 2026] ata1.00: failed command: WRITE FPDMA QUEUED
[So Jul 26 16:55:11 2026] ata1: hard resetting link
[So Jul 26 17:02:36 2026] ata1.00: failed command: WRITE FPDMA QUEUED
[So Jul 26 17:02:36 2026] ata1: hard resetting link
[So Jul 26 17:02:36 2026] ata1.00: failed command: WRITE FPDMA QUEUED
[So Jul 26 17:02:36 2026] ata1: hard resetting link
[So Jul 26 15:53:33 2026] systemd[1]: Listening on systemd-factory-reset.socket - Factory Reset Management.
[So Jul 26 15:53:36 2026] Bluetooth: hci0: Reading supported features failed (-16)
[So Jul 26 16:10:37 2026] cfg80211: Loading compiled-in X.509 certificates for regulatory database
[So Jul 26 16:10:37 2026] usb 1-1: Dumping efuse for RTL8188EU (0x200 bytes):
[So Jul 26 16:10:37 2026] usb 1-1: RTL8188EU rev D (TSMC) romver 0, 1T1R, TX queues 2, WiFi=1, BT=0, GPS=0, HI PA=0
[So Jul 26 16:10:37 2026] usb 1-1: RTL8188EU MAC: bc:fc:e7:29:24:07
[So Jul 26 16:10:37 2026] usb 1-1: rtl8xxxu: Loading firmware rtlwifi/rtl8188eufw.bin
[So Jul 26 16:10:38 2026] usbcore: registered new interface driver rtl8xxxu
[So Jul 26 16:10:38 2026] rtl8xxxu 1-1:1.0 wlxbcfce7292407: renamed from wlan0
[So Jul 26 16:10:43 2026] wlxbcfce7292407: authenticate with b8:ec:a3:dc:73:f5 (local address=bc:fc:e7:29:24:07)
[So Jul 26 16:10:43 2026] wlxbcfce7292407: send auth to b8:ec:a3:dc:73:f5 (try 1/3)
[So Jul 26 16:10:43 2026] wlxbcfce7292407: authenticated
[So Jul 26 16:10:43 2026] wlxbcfce7292407: associate with b8:ec:a3:dc:73:f5 (try 1/3)
[So Jul 26 16:10:43 2026] wlxbcfce7292407: RX AssocResp from b8:ec:a3:dc:73:f5 (capab=0x411 status=0 aid=40)
[So Jul 26 16:10:43 2026] usb 1-1: rtl8xxxu_bss_info_changed: HT supported
[So Jul 26 16:10:43 2026] wlxbcfce7292407: associated
[So Jul 26 16:10:47 2026] iwlwifi 0000:03:00.0: enabling device (0000 -> 0002)
[So Jul 26 16:10:47 2026] iwlwifi 0000:03:00.0: Detected crf-id 0xbadcafe, cnv-id 0x3000000 wfpm id 0x80000000
[So Jul 26 16:10:47 2026] iwlwifi 0000:03:00.0: PCI dev 24f3/0130, rev=0x201, rfid=0xd55555d5
[So Jul 26 16:10:47 2026] iwlwifi 0000:03:00.0: Detected Intel(R) Dual Band Wireless-AC 8260
[So Jul 26 16:10:47 2026] iwlwifi 0000:03:00.0: loaded firmware version 36.c8e8e144.0 8000C-36.ucode op_mode iwlmvm
[So Jul 26 16:10:47 2026] iwlwifi 0000:03:00.0: base HW address: f4:8c:50:23:4a:74, OTP minor version: 0x4
[So Jul 26 16:10:48 2026] ieee80211 phy1: Selected rate control algorithm 'iwl-mvm-rs'
[So Jul 26 16:10:48 2026] iwlwifi 0000:03:00.0 wlp3s0: renamed from wlan0
[So Jul 26 16:11:10 2026] wlxbcfce7292407: deauthenticating from b8:ec:a3:dc:73:f5 by local choice (Reason: 3=DEAUTH_LEAVING)
[So Jul 26 16:11:12 2026] wlxbcfce7292407: authenticate with b8:ec:a3:dc:73:f5 (local address=bc:fc:e7:29:24:07)
[So Jul 26 16:11:12 2026] wlxbcfce7292407: send auth to b8:ec:a3:dc:73:f5 (try 1/3)
[So Jul 26 16:11:12 2026] wlxbcfce7292407: authenticated
[So Jul 26 16:11:12 2026] wlxbcfce7292407: associate with b8:ec:a3:dc:73:f5 (try 1/3)
[So Jul 26 16:11:12 2026] wlxbcfce7292407: RX AssocResp from b8:ec:a3:dc:73:f5 (capab=0x411 status=0 aid=40)
[So Jul 26 16:11:12 2026] usb 1-1: rtl8xxxu_bss_info_changed: HT supported
[So Jul 26 16:11:12 2026] wlxbcfce7292407: associated
[So Jul 26 16:11:15 2026] wlp3s0: authenticate with b8:ec:a3:dc:73:f5 (local address=f4:8c:50:23:4a:74)
[So Jul 26 16:11:15 2026] wlp3s0: send auth to b8:ec:a3:dc:73:f5 (try 1/3)
[So Jul 26 16:11:15 2026] wlp3s0: authenticated
[So Jul 26 16:11:15 2026] wlp3s0: associate with b8:ec:a3:dc:73:f5 (try 1/3)
[So Jul 26 16:11:15 2026] wlp3s0: RX AssocResp from b8:ec:a3:dc:73:f5 (capab=0x411 status=0 aid=45)
[So Jul 26 16:11:15 2026] wlp3s0: associated
[So Jul 26 16:11:29 2026] wlp3s0: authenticate with b8:ec:a3:dc:73:f5 (local address=f4:8c:50:23:4a:74)
[So Jul 26 16:11:29 2026] wlp3s0: send auth to b8:ec:a3:dc:73:f5 (try 1/3)
[So Jul 26 16:11:29 2026] wlp3s0: authenticated
[So Jul 26 16:11:29 2026] wlp3s0: associate with b8:ec:a3:dc:73:f5 (try 1/3)
[So Jul 26 16:11:29 2026] wlp3s0: associate with b8:ec:a3:dc:73:f5 (try 2/3)
[So Jul 26 16:11:29 2026] wlp3s0: associate with b8:ec:a3:dc:73:f5 (try 3/3)
[So Jul 26 16:11:29 2026] wlp3s0: association with b8:ec:a3:dc:73:f5 timed out
[So Jul 26 16:12:16 2026] wlp3s0: authenticate with b8:ec:a3:dc:73:f5 (local address=f4:8c:50:23:4a:74)
[So Jul 26 16:12:16 2026] wlp3s0: send auth to b8:ec:a3:dc:73:f5 (try 1/3)
[So Jul 26 16:12:16 2026] wlp3s0: authenticated
[So Jul 26 16:12:16 2026] wlp3s0: associate with b8:ec:a3:dc:73:f5 (try 1/3)
[So Jul 26 16:12:16 2026] wlp3s0: RX AssocResp from b8:ec:a3:dc:73:f5 (capab=0x411 status=0 aid=45)
[So Jul 26 16:12:16 2026] wlp3s0: associated
[So Jul 26 16:12:23 2026] wlp3s0: Connection to AP b8:ec:a3:dc:73:f5 lost
[So Jul 26 16:20:45 2026] ata1.00: failed command: WRITE FPDMA QUEUED
[So Jul 26 16:20:45 2026] ata1: hard resetting link
[So Jul 26 16:27:35 2026] wlxbcfce7292407: authenticate with b8:ec:a3:dc:73:f5 (local address=bc:fc:e7:29:24:07)
[So Jul 26 16:27:35 2026] wlxbcfce7292407: send auth to b8:ec:a3:dc:73:f5 (try 1/3)
[So Jul 26 16:27:35 2026] wlxbcfce7292407: authenticated
[So Jul 26 16:27:35 2026] wlxbcfce7292407: associate with b8:ec:a3:dc:73:f5 (try 1/3)
[So Jul 26 16:27:35 2026] wlxbcfce7292407: associate with b8:ec:a3:dc:73:f5 (try 2/3)
[So Jul 26 16:27:35 2026] wlxbcfce7292407: associate with b8:ec:a3:dc:73:f5 (try 3/3)
[So Jul 26 16:27:35 2026] wlxbcfce7292407: association with b8:ec:a3:dc:73:f5 timed out
[So Jul 26 16:27:43 2026] wlxbcfce7292407: authenticate with b8:ec:a3:dc:73:f5 (local address=bc:fc:e7:29:24:07)
[So Jul 26 16:27:43 2026] wlxbcfce7292407: send auth to b8:ec:a3:dc:73:f5 (try 1/3)
[So Jul 26 16:27:43 2026] wlxbcfce7292407: authenticated
[So Jul 26 16:27:43 2026] wlxbcfce7292407: associate with b8:ec:a3:dc:73:f5 (try 1/3)
[So Jul 26 16:27:43 2026] wlxbcfce7292407: RX AssocResp from b8:ec:a3:dc:73:f5 (capab=0x411 status=0 aid=40)
[So Jul 26 16:27:43 2026] usb 1-1: rtl8xxxu_bss_info_changed: HT supported
[So Jul 26 16:27:43 2026] wlxbcfce7292407: associated
[So Jul 26 16:31:03 2026] ata1.00: failed command: WRITE FPDMA QUEUED
[So Jul 26 16:31:03 2026] ata1.00: failed command: WRITE FPDMA QUEUED
[So Jul 26 16:31:03 2026] ata1: hard resetting link
[So Jul 26 16:31:07 2026] usbcore: deregistering interface driver rtl8xxxu
[So Jul 26 16:31:07 2026] wlxbcfce7292407: deauthenticating from b8:ec:a3:dc:73:f5 by local choice (Reason: 3=DEAUTH_LEAVING)
[So Jul 26 16:31:07 2026] usb 1-1: Device still attached, trying to reset
[So Jul 26 16:31:07 2026] usb 1-1: reset high-speed USB device number 8 using xhci_hcd
[So Jul 26 16:31:09 2026] iwlwifi 0000:03:00.0: Detected crf-id 0xbadcafe, cnv-id 0x3000000 wfpm id 0x80000000
[So Jul 26 16:31:09 2026] iwlwifi 0000:03:00.0: PCI dev 24f3/0130, rev=0x201, rfid=0xd55555d5
[So Jul 26 16:31:09 2026] iwlwifi 0000:03:00.0: Detected Intel(R) Dual Band Wireless-AC 8260
[So Jul 26 16:31:09 2026] iwlwifi 0000:03:00.0: loaded firmware version 36.c8e8e144.0 8000C-36.ucode op_mode iwlmvm
[So Jul 26 16:31:09 2026] usb 1-1: Dumping efuse for RTL8188EU (0x200 bytes):
[So Jul 26 16:31:09 2026] usb 1-1: RTL8188EU rev D (TSMC) romver 0, 1T1R, TX queues 2, WiFi=1, BT=0, GPS=0, HI PA=0
[So Jul 26 16:31:09 2026] usb 1-1: RTL8188EU MAC: bc:fc:e7:29:24:07
[So Jul 26 16:31:09 2026] usb 1-1: rtl8xxxu: Loading firmware rtlwifi/rtl8188eufw.bin
[So Jul 26 16:31:09 2026] iwlwifi 0000:03:00.0: base HW address: f4:8c:50:23:4a:74, OTP minor version: 0x4
[So Jul 26 16:31:09 2026] ieee80211 phy3: Selected rate control algorithm 'iwl-mvm-rs'
[So Jul 26 16:31:09 2026] iwlwifi 0000:03:00.0 wlp3s0: renamed from wlan0
[So Jul 26 16:31:10 2026] usbcore: registered new interface driver rtl8xxxu
[So Jul 26 16:31:10 2026] rtl8xxxu 1-1:1.0 wlxbcfce7292407: renamed from wlan0
[So Jul 26 16:31:11 2026] wlxbcfce7292407: authenticate with b8:ec:a3:dc:73:f5 (local address=bc:fc:e7:29:24:07)
[So Jul 26 16:31:11 2026] wlxbcfce7292407: send auth to b8:ec:a3:dc:73:f5 (try 1/3)
[So Jul 26 16:31:11 2026] wlxbcfce7292407: authenticated
[So Jul 26 16:31:11 2026] wlxbcfce7292407: associate with b8:ec:a3:dc:73:f5 (try 1/3)
[So Jul 26 16:31:12 2026] wlxbcfce7292407: associate with b8:ec:a3:dc:73:f5 (try 2/3)
[So Jul 26 16:31:12 2026] wlxbcfce7292407: associate with b8:ec:a3:dc:73:f5 (try 3/3)
[So Jul 26 16:31:12 2026] wlxbcfce7292407: association with b8:ec:a3:dc:73:f5 timed out
[So Jul 26 16:31:13 2026] wlxbcfce7292407: authenticate with b8:ec:a3:dc:73:f5 (local address=bc:fc:e7:29:24:07)
[So Jul 26 16:31:13 2026] wlxbcfce7292407: send auth to b8:ec:a3:dc:73:f5 (try 1/3)
[So Jul 26 16:31:13 2026] wlxbcfce7292407: authenticated
[So Jul 26 16:31:13 2026] wlxbcfce7292407: associate with b8:ec:a3:dc:73:f5 (try 1/3)
[So Jul 26 16:31:13 2026] wlxbcfce7292407: associate with b8:ec:a3:dc:73:f5 (try 2/3)
[So Jul 26 16:31:13 2026] wlxbcfce7292407: associate with b8:ec:a3:dc:73:f5 (try 3/3)
[So Jul 26 16:31:14 2026] wlxbcfce7292407: association with b8:ec:a3:dc:73:f5 timed out
[So Jul 26 16:31:21 2026] wlxbcfce7292407: authenticate with b8:ec:a3:dc:73:f5 (local address=bc:fc:e7:29:24:07)
[So Jul 26 16:31:21 2026] wlxbcfce7292407: send auth to b8:ec:a3:dc:73:f5 (try 1/3)
[So Jul 26 16:31:21 2026] wlxbcfce7292407: authenticated
[So Jul 26 16:31:21 2026] wlxbcfce7292407: associate with b8:ec:a3:dc:73:f5 (try 1/3)
[So Jul 26 16:31:21 2026] wlxbcfce7292407: RX AssocResp from b8:ec:a3:dc:73:f5 (capab=0x411 status=0 aid=40)
[So Jul 26 16:31:21 2026] usb 1-1: rtl8xxxu_bss_info_changed: HT supported
[So Jul 26 16:31:21 2026] wlxbcfce7292407: associated
[So Jul 26 16:34:08 2026] wlxbcfce7292407: deauthenticating from b8:ec:a3:dc:73:f5 by local choice (Reason: 3=DEAUTH_LEAVING)
[So Jul 26 16:34:15 2026] usb 1-1: Dumping efuse for RTL8188EU (0x200 bytes):
[So Jul 26 16:34:15 2026] usb 1-1: RTL8188EU rev D (TSMC) romver 0, 1T1R, TX queues 2, WiFi=1, BT=0, GPS=0, HI PA=0
[So Jul 26 16:34:15 2026] usb 1-1: RTL8188EU MAC: bc:fc:e7:29:24:07
[So Jul 26 16:34:15 2026] usb 1-1: rtl8xxxu: Loading firmware rtlwifi/rtl8188eufw.bin
[So Jul 26 16:34:16 2026] rtl8xxxu 1-1:1.0 wlxbcfce7292407: renamed from wlan0
[So Jul 26 16:34:26 2026] wlxbcfce7292407: authenticate with b8:ec:a3:dc:73:f5 (local address=bc:fc:e7:29:24:07)
[So Jul 26 16:34:26 2026] wlxbcfce7292407: send auth to b8:ec:a3:dc:73:f5 (try 1/3)
[So Jul 26 16:34:26 2026] wlxbcfce7292407: authenticated
[So Jul 26 16:34:26 2026] wlxbcfce7292407: associate with b8:ec:a3:dc:73:f5 (try 1/3)
[So Jul 26 16:34:26 2026] wlxbcfce7292407: associate with b8:ec:a3:dc:73:f5 (try 2/3)
[So Jul 26 16:34:27 2026] wlxbcfce7292407: associate with b8:ec:a3:dc:73:f5 (try 3/3)
[So Jul 26 16:34:27 2026] wlxbcfce7292407: association with b8:ec:a3:dc:73:f5 timed out
[So Jul 26 16:34:34 2026] wlxbcfce7292407: authenticate with b8:ec:a3:dc:73:f5 (local address=bc:fc:e7:29:24:07)
[So Jul 26 16:34:34 2026] wlxbcfce7292407: send auth to b8:ec:a3:dc:73:f5 (try 1/3)
[So Jul 26 16:34:34 2026] wlxbcfce7292407: authenticated
[So Jul 26 16:34:34 2026] wlxbcfce7292407: associate with b8:ec:a3:dc:73:f5 (try 1/3)
[So Jul 26 16:34:34 2026] wlxbcfce7292407: RX AssocResp from b8:ec:a3:dc:73:f5 (capab=0x411 status=0 aid=40)
[So Jul 26 16:34:34 2026] usb 1-1: rtl8xxxu_bss_info_changed: HT supported
[So Jul 26 16:34:34 2026] wlxbcfce7292407: associated
[So Jul 26 16:45:57 2026] wlxbcfce7292407: deauthenticating from b8:ec:a3:dc:73:f5 by local choice (Reason: 3=DEAUTH_LEAVING)
[So Jul 26 16:45:58 2026] usb 1-1: Device still attached, trying to reset
[So Jul 26 16:45:58 2026] usb 1-1: reset high-speed USB device number 9 using xhci_hcd
[So Jul 26 16:45:59 2026] usb 1-7: reset high-speed USB device number 5 using xhci_hcd
[So Jul 26 16:45:59 2026] usb 1-2: reset high-speed USB device number 3 using xhci_hcd
[So Jul 26 16:45:59 2026] usb 1-6: reset full-speed USB device number 4 using xhci_hcd
[So Jul 26 16:46:00 2026] usb 1-1: Dumping efuse for RTL8188EU (0x200 bytes):
[So Jul 26 16:46:00 2026] usb 1-1: RTL8188EU rev D (TSMC) romver 0, 1T1R, TX queues 2, WiFi=1, BT=0, GPS=0, HI PA=0
[So Jul 26 16:46:00 2026] usb 1-1: RTL8188EU MAC: bc:fc:e7:29:24:07
[So Jul 26 16:46:00 2026] usb 1-1: rtl8xxxu: Loading firmware rtlwifi/rtl8188eufw.bin
[So Jul 26 16:46:01 2026] rtl8xxxu 1-1:1.0 wlxbcfce7292407: renamed from wlan0
[So Jul 26 16:46:02 2026] wlxbcfce7292407: authenticate with b8:ec:a3:dc:73:f5 (local address=bc:fc:e7:29:24:07)
[So Jul 26 16:46:02 2026] wlxbcfce7292407: send auth to b8:ec:a3:dc:73:f5 (try 1/3)
[So Jul 26 16:46:02 2026] wlxbcfce7292407: authenticated
[So Jul 26 16:46:02 2026] wlxbcfce7292407: associate with b8:ec:a3:dc:73:f5 (try 1/3)
[So Jul 26 16:46:02 2026] wlxbcfce7292407: RX AssocResp from b8:ec:a3:dc:73:f5 (capab=0x411 status=0 aid=46)
[So Jul 26 16:46:02 2026] usb 1-1: rtl8xxxu_bss_info_changed: HT supported
[So Jul 26 16:46:02 2026] wlxbcfce7292407: associated
[So Jul 26 16:49:04 2026] ata1.00: failed command: WRITE FPDMA QUEUED
[So Jul 26 16:49:04 2026] ata1.00: failed command: READ FPDMA QUEUED
[So Jul 26 16:49:04 2026] ata1.00: failed command: WRITE FPDMA QUEUED
[So Jul 26 16:49:04 2026] ata1: hard resetting link
[So Jul 26 16:51:10 2026] ata1.00: failed command: WRITE FPDMA QUEUED
[So Jul 26 16:51:10 2026] ata1.00: failed command: WRITE FPDMA QUEUED
[So Jul 26 16:51:10 2026] ata1.00: failed command: WRITE FPDMA QUEUED
[So Jul 26 16:51:10 2026] ata1.00: failed command: WRITE FPDMA QUEUED
[So Jul 26 16:51:10 2026] ata1: hard resetting link
[So Jul 26 16:55:11 2026] ata1.00: failed command: WRITE FPDMA QUEUED
[So Jul 26 16:55:11 2026] ata1.00: failed command: WRITE FPDMA QUEUED
[So Jul 26 16:55:11 2026] ata1.00: failed command: WRITE FPDMA QUEUED
[So Jul 26 16:55:11 2026] ata1: hard resetting link
[So Jul 26 17:02:36 2026] ata1.00: failed command: WRITE FPDMA QUEUED
[So Jul 26 17:02:36 2026] ata1: hard resetting link
[So Jul 26 17:02:36 2026] ata1.00: failed command: WRITE FPDMA QUEUED
[So Jul 26 17:02:36 2026] ata1: hard resetting link
[So Jul 26 15:53:33 2026] systemd[1]: Listening on systemd-factory-reset.socket - Factory Reset Management.
[So Jul 26 15:53:36 2026] Bluetooth: hci0: Reading supported features failed (-16)
[So Jul 26 16:10:37 2026] cfg80211: Loading compiled-in X.509 certificates for regulatory database
[So Jul 26 16:10:37 2026] usb 1-1: Dumping efuse for RTL8188EU (0x200 bytes):
[So Jul 26 16:10:37 2026] usb 1-1: RTL8188EU rev D (TSMC) romver 0, 1T1R, TX queues 2, WiFi=1, BT=0, GPS=0, HI PA=0
[So Jul 26 16:10:37 2026] usb 1-1: RTL8188EU MAC: bc:fc:e7:29:24:07
[So Jul 26 16:10:37 2026] usb 1-1: rtl8xxxu: Loading firmware rtlwifi/rtl8188eufw.bin
[So Jul 26 16:10:38 2026] usbcore: registered new interface driver rtl8xxxu
[So Jul 26 16:10:38 2026] rtl8xxxu 1-1:1.0 wlxbcfce7292407: renamed from wlan0
[So Jul 26 16:10:43 2026] wlxbcfce7292407: authenticate with b8:ec:a3:dc:73:f5 (local address=bc:fc:e7:29:24:07)
[So Jul 26 16:10:43 2026] wlxbcfce7292407: send auth to b8:ec:a3:dc:73:f5 (try 1/3)
[So Jul 26 16:10:43 2026] wlxbcfce7292407: authenticated
[So Jul 26 16:10:43 2026] wlxbcfce7292407: associate with b8:ec:a3:dc:73:f5 (try 1/3)
[So Jul 26 16:10:43 2026] wlxbcfce7292407: RX AssocResp from b8:ec:a3:dc:73:f5 (capab=0x411 status=0 aid=40)
[So Jul 26 16:10:43 2026] usb 1-1: rtl8xxxu_bss_info_changed: HT supported
[So Jul 26 16:10:43 2026] wlxbcfce7292407: associated
[So Jul 26 16:10:47 2026] iwlwifi 0000:03:00.0: enabling device (0000 -> 0002)
[So Jul 26 16:10:47 2026] iwlwifi 0000:03:00.0: Detected crf-id 0xbadcafe, cnv-id 0x3000000 wfpm id 0x80000000
[So Jul 26 16:10:47 2026] iwlwifi 0000:03:00.0: PCI dev 24f3/0130, rev=0x201, rfid=0xd55555d5
[So Jul 26 16:10:47 2026] iwlwifi 0000:03:00.0: Detected Intel(R) Dual Band Wireless-AC 8260
[So Jul 26 16:10:47 2026] iwlwifi 0000:03:00.0: loaded firmware version 36.c8e8e144.0 8000C-36.ucode op_mode iwlmvm
[So Jul 26 16:10:47 2026] iwlwifi 0000:03:00.0: base HW address: f4:8c:50:23:4a:74, OTP minor version: 0x4
[So Jul 26 16:10:48 2026] ieee80211 phy1: Selected rate control algorithm 'iwl-mvm-rs'
[So Jul 26 16:10:48 2026] iwlwifi 0000:03:00.0 wlp3s0: renamed from wlan0
[So Jul 26 16:11:10 2026] wlxbcfce7292407: deauthenticating from b8:ec:a3:dc:73:f5 by local choice (Reason: 3=DEAUTH_LEAVING)
[So Jul 26 16:11:12 2026] wlxbcfce7292407: authenticate with b8:ec:a3:dc:73:f5 (local address=bc:fc:e7:29:24:07)
[So Jul 26 16:11:12 2026] wlxbcfce7292407: send auth to b8:ec:a3:dc:73:f5 (try 1/3)
[So Jul 26 16:11:12 2026] wlxbcfce7292407: authenticated
[So Jul 26 16:11:12 2026] wlxbcfce7292407: associate with b8:ec:a3:dc:73:f5 (try 1/3)
[So Jul 26 16:11:12 2026] wlxbcfce7292407: RX AssocResp from b8:ec:a3:dc:73:f5 (capab=0x411 status=0 aid=40)
[So Jul 26 16:11:12 2026] usb 1-1: rtl8xxxu_bss_info_changed: HT supported
[So Jul 26 16:11:12 2026] wlxbcfce7292407: associated
[So Jul 26 16:11:15 2026] wlp3s0: authenticate with b8:ec:a3:dc:73:f5 (local address=f4:8c:50:23:4a:74)
[So Jul 26 16:11:15 2026] wlp3s0: send auth to b8:ec:a3:dc:73:f5 (try 1/3)
[So Jul 26 16:11:15 2026] wlp3s0: authenticated
[So Jul 26 16:11:15 2026] wlp3s0: associate with b8:ec:a3:dc:73:f5 (try 1/3)
[So Jul 26 16:11:15 2026] wlp3s0: RX AssocResp from b8:ec:a3:dc:73:f5 (capab=0x411 status=0 aid=45)
[So Jul 26 16:11:15 2026] wlp3s0: associated
[So Jul 26 16:11:29 2026] wlp3s0: authenticate with b8:ec:a3:dc:73:f5 (local address=f4:8c:50:23:4a:74)
[So Jul 26 16:11:29 2026] wlp3s0: send auth to b8:ec:a3:dc:73:f5 (try 1/3)
[So Jul 26 16:11:29 2026] wlp3s0: authenticated
[So Jul 26 16:11:29 2026] wlp3s0: associate with b8:ec:a3:dc:73:f5 (try 1/3)
[So Jul 26 16:11:29 2026] wlp3s0: associate with b8:ec:a3:dc:73:f5 (try 2/3)
[So Jul 26 16:11:29 2026] wlp3s0: associate with b8:ec:a3:dc:73:f5 (try 3/3)
[So Jul 26 16:11:29 2026] wlp3s0: association with b8:ec:a3:dc:73:f5 timed out
[So Jul 26 16:12:16 2026] wlp3s0: authenticate with b8:ec:a3:dc:73:f5 (local address=f4:8c:50:23:4a:74)
[So Jul 26 16:12:16 2026] wlp3s0: send auth to b8:ec:a3:dc:73:f5 (try 1/3)
[So Jul 26 16:12:16 2026] wlp3s0: authenticated
[So Jul 26 16:12:16 2026] wlp3s0: associate with b8:ec:a3:dc:73:f5 (try 1/3)
[So Jul 26 16:12:16 2026] wlp3s0: RX AssocResp from b8:ec:a3:dc:73:f5 (capab=0x411 status=0 aid=45)
[So Jul 26 16:12:16 2026] wlp3s0: associated
[So Jul 26 16:12:23 2026] wlp3s0: Connection to AP b8:ec:a3:dc:73:f5 lost
[So Jul 26 16:20:45 2026] ata1.00: failed command: WRITE FPDMA QUEUED
[So Jul 26 16:20:45 2026] ata1: hard resetting link
[So Jul 26 16:27:35 2026] wlxbcfce7292407: authenticate with b8:ec:a3:dc:73:f5 (local address=bc:fc:e7:29:24:07)
[So Jul 26 16:27:35 2026] wlxbcfce7292407: send auth to b8:ec:a3:dc:73:f5 (try 1/3)
[So Jul 26 16:27:35 2026] wlxbcfce7292407: authenticated
[So Jul 26 16:27:35 2026] wlxbcfce7292407: associate with b8:ec:a3:dc:73:f5 (try 1/3)
[So Jul 26 16:27:35 2026] wlxbcfce7292407: associate with b8:ec:a3:dc:73:f5 (try 2/3)
[So Jul 26 16:27:35 2026] wlxbcfce7292407: associate with b8:ec:a3:dc:73:f5 (try 3/3)
[So Jul 26 16:27:35 2026] wlxbcfce7292407: association with b8:ec:a3:dc:73:f5 timed out
[So Jul 26 16:27:43 2026] wlxbcfce7292407: authenticate with b8:ec:a3:dc:73:f5 (local address=bc:fc:e7:29:24:07)
[So Jul 26 16:27:43 2026] wlxbcfce7292407: send auth to b8:ec:a3:dc:73:f5 (try 1/3)
[So Jul 26 16:27:43 2026] wlxbcfce7292407: authenticated
[So Jul 26 16:27:43 2026] wlxbcfce7292407: associate with b8:ec:a3:dc:73:f5 (try 1/3)
[So Jul 26 16:27:43 2026] wlxbcfce7292407: RX AssocResp from b8:ec:a3:dc:73:f5 (capab=0x411 status=0 aid=40)
[So Jul 26 16:27:43 2026] usb 1-1: rtl8xxxu_bss_info_changed: HT supported
[So Jul 26 16:27:43 2026] wlxbcfce7292407: associated
[So Jul 26 16:31:03 2026] ata1.00: failed command: WRITE FPDMA QUEUED
[So Jul 26 16:31:03 2026] ata1.00: failed command: WRITE FPDMA QUEUED
[So Jul 26 16:31:03 2026] ata1: hard resetting link
[So Jul 26 16:31:07 2026] usbcore: deregistering interface driver rtl8xxxu
[So Jul 26 16:31:07 2026] wlxbcfce7292407: deauthenticating from b8:ec:a3:dc:73:f5 by local choice (Reason: 3=DEAUTH_LEAVING)
[So Jul 26 16:31:07 2026] usb 1-1: Device still attached, trying to reset
[So Jul 26 16:31:07 2026] usb 1-1: reset high-speed USB device number 8 using xhci_hcd
[So Jul 26 16:31:09 2026] iwlwifi 0000:03:00.0: Detected crf-id 0xbadcafe, cnv-id 0x3000000 wfpm id 0x80000000
[So Jul 26 16:31:09 2026] iwlwifi 0000:03:00.0: PCI dev 24f3/0130, rev=0x201, rfid=0xd55555d5
[So Jul 26 16:31:09 2026] iwlwifi 0000:03:00.0: Detected Intel(R) Dual Band Wireless-AC 8260
[So Jul 26 16:31:09 2026] iwlwifi 0000:03:00.0: loaded firmware version 36.c8e8e144.0 8000C-36.ucode op_mode iwlmvm
[So Jul 26 16:31:09 2026] usb 1-1: Dumping efuse for RTL8188EU (0x200 bytes):
[So Jul 26 16:31:09 2026] usb 1-1: RTL8188EU rev D (TSMC) romver 0, 1T1R, TX queues 2, WiFi=1, BT=0, GPS=0, HI PA=0
[So Jul 26 16:31:09 2026] usb 1-1: RTL8188EU MAC: bc:fc:e7:29:24:07
[So Jul 26 16:31:09 2026] usb 1-1: rtl8xxxu: Loading firmware rtlwifi/rtl8188eufw.bin
[So Jul 26 16:31:09 2026] iwlwifi 0000:03:00.0: base HW address: f4:8c:50:23:4a:74, OTP minor version: 0x4
[So Jul 26 16:31:09 2026] ieee80211 phy3: Selected rate control algorithm 'iwl-mvm-rs'
[So Jul 26 16:31:09 2026] iwlwifi 0000:03:00.0 wlp3s0: renamed from wlan0
[So Jul 26 16:31:10 2026] usbcore: registered new interface driver rtl8xxxu
[So Jul 26 16:31:10 2026] rtl8xxxu 1-1:1.0 wlxbcfce7292407: renamed from wlan0
[So Jul 26 16:31:11 2026] wlxbcfce7292407: authenticate with b8:ec:a3:dc:73:f5 (local address=bc:fc:e7:29:24:07)
[So Jul 26 16:31:11 2026] wlxbcfce7292407: send auth to b8:ec:a3:dc:73:f5 (try 1/3)
[So Jul 26 16:31:11 2026] wlxbcfce7292407: authenticated
[So Jul 26 16:31:11 2026] wlxbcfce7292407: associate with b8:ec:a3:dc:73:f5 (try 1/3)
[So Jul 26 16:31:12 2026] wlxbcfce7292407: associate with b8:ec:a3:dc:73:f5 (try 2/3)
[So Jul 26 16:31:12 2026] wlxbcfce7292407: associate with b8:ec:a3:dc:73:f5 (try 3/3)
[So Jul 26 16:31:12 2026] wlxbcfce7292407: association with b8:ec:a3:dc:73:f5 timed out
[So Jul 26 16:31:13 2026] wlxbcfce7292407: authenticate with b8:ec:a3:dc:73:f5 (local address=bc:fc:e7:29:24:07)
[So Jul 26 16:31:13 2026] wlxbcfce7292407: send auth to b8:ec:a3:dc:73:f5 (try 1/3)
[So Jul 26 16:31:13 2026] wlxbcfce7292407: authenticated
[So Jul 26 16:31:13 2026] wlxbcfce7292407: associate with b8:ec:a3:dc:73:f5 (try 1/3)
[So Jul 26 16:31:13 2026] wlxbcfce7292407: associate with b8:ec:a3:dc:73:f5 (try 2/3)
[So Jul 26 16:31:13 2026] wlxbcfce7292407: associate with b8:ec:a3:dc:73:f5 (try 3/3)
[So Jul 26 16:31:14 2026] wlxbcfce7292407: association with b8:ec:a3:dc:73:f5 timed out
[So Jul 26 16:31:21 2026] wlxbcfce7292407: authenticate with b8:ec:a3:dc:73:f5 (local address=bc:fc:e7:29:24:07)
[So Jul 26 16:31:21 2026] wlxbcfce7292407: send auth to b8:ec:a3:dc:73:f5 (try 1/3)
[So Jul 26 16:31:21 2026] wlxbcfce7292407: authenticated
[So Jul 26 16:31:21 2026] wlxbcfce7292407: associate with b8:ec:a3:dc:73:f5 (try 1/3)
[So Jul 26 16:31:21 2026] wlxbcfce7292407: RX AssocResp from b8:ec:a3:dc:73:f5 (capab=0x411 status=0 aid=40)
[So Jul 26 16:31:21 2026] usb 1-1: rtl8xxxu_bss_info_changed: HT supported
[So Jul 26 16:31:21 2026] wlxbcfce7292407: associated
[So Jul 26 16:34:08 2026] wlxbcfce7292407: deauthenticating from b8:ec:a3:dc:73:f5 by local choice (Reason: 3=DEAUTH_LEAVING)
[So Jul 26 16:34:15 2026] usb 1-1: Dumping efuse for RTL8188EU (0x200 bytes):
[So Jul 26 16:34:15 2026] usb 1-1: RTL8188EU rev D (TSMC) romver 0, 1T1R, TX queues 2, WiFi=1, BT=0, GPS=0, HI PA=0
[So Jul 26 16:34:15 2026] usb 1-1: RTL8188EU MAC: bc:fc:e7:29:24:07
[So Jul 26 16:34:15 2026] usb 1-1: rtl8xxxu: Loading firmware rtlwifi/rtl8188eufw.bin
[So Jul 26 16:34:16 2026] rtl8xxxu 1-1:1.0 wlxbcfce7292407: renamed from wlan0
[So Jul 26 16:34:26 2026] wlxbcfce7292407: authenticate with b8:ec:a3:dc:73:f5 (local address=bc:fc:e7:29:24:07)
[So Jul 26 16:34:26 2026] wlxbcfce7292407: send auth to b8:ec:a3:dc:73:f5 (try 1/3)
[So Jul 26 16:34:26 2026] wlxbcfce7292407: authenticated
[So Jul 26 16:34:26 2026] wlxbcfce7292407: associate with b8:ec:a3:dc:73:f5 (try 1/3)
[So Jul 26 16:34:26 2026] wlxbcfce7292407: associate with b8:ec:a3:dc:73:f5 (try 2/3)
[So Jul 26 16:34:27 2026] wlxbcfce7292407: associate with b8:ec:a3:dc:73:f5 (try 3/3)
[So Jul 26 16:34:27 2026] wlxbcfce7292407: association with b8:ec:a3:dc:73:f5 timed out
[So Jul 26 16:34:34 2026] wlxbcfce7292407: authenticate with b8:ec:a3:dc:73:f5 (local address=bc:fc:e7:29:24:07)
[So Jul 26 16:34:34 2026] wlxbcfce7292407: send auth to b8:ec:a3:dc:73:f5 (try 1/3)
[So Jul 26 16:34:34 2026] wlxbcfce7292407: authenticated
[So Jul 26 16:34:34 2026] wlxbcfce7292407: associate with b8:ec:a3:dc:73:f5 (try 1/3)
[So Jul 26 16:34:34 2026] wlxbcfce7292407: RX AssocResp from b8:ec:a3:dc:73:f5 (capab=0x411 status=0 aid=40)
[So Jul 26 16:34:34 2026] usb 1-1: rtl8xxxu_bss_info_changed: HT supported
[So Jul 26 16:34:34 2026] wlxbcfce7292407: associated
[So Jul 26 16:45:57 2026] wlxbcfce7292407: deauthenticating from b8:ec:a3:dc:73:f5 by local choice (Reason: 3=DEAUTH_LEAVING)
[So Jul 26 16:45:58 2026] usb 1-1: Device still attached, trying to reset
[So Jul 26 16:45:58 2026] usb 1-1: reset high-speed USB device number 9 using xhci_hcd
[So Jul 26 16:45:59 2026] usb 1-7: reset high-speed USB device number 5 using xhci_hcd
[So Jul 26 16:45:59 2026] usb 1-2: reset high-speed USB device number 3 using xhci_hcd
[So Jul 26 16:45:59 2026] usb 1-6: reset full-speed USB device number 4 using xhci_hcd
[So Jul 26 16:46:00 2026] usb 1-1: Dumping efuse for RTL8188EU (0x200 bytes):
[So Jul 26 16:46:00 2026] usb 1-1: RTL8188EU rev D (TSMC) romver 0, 1T1R, TX queues 2, WiFi=1, BT=0, GPS=0, HI PA=0
[So Jul 26 16:46:00 2026] usb 1-1: RTL8188EU MAC: bc:fc:e7:29:24:07
[So Jul 26 16:46:00 2026] usb 1-1: rtl8xxxu: Loading firmware rtlwifi/rtl8188eufw.bin
[So Jul 26 16:46:01 2026] rtl8xxxu 1-1:1.0 wlxbcfce7292407: renamed from wlan0
[So Jul 26 16:46:02 2026] wlxbcfce7292407: authenticate with b8:ec:a3:dc:73:f5 (local address=bc:fc:e7:29:24:07)
[So Jul 26 16:46:02 2026] wlxbcfce7292407: send auth to b8:ec:a3:dc:73:f5 (try 1/3)
[So Jul 26 16:46:02 2026] wlxbcfce7292407: authenticated
[So Jul 26 16:46:02 2026] wlxbcfce7292407: associate with b8:ec:a3:dc:73:f5 (try 1/3)
[So Jul 26 16:46:02 2026] wlxbcfce7292407: RX AssocResp from b8:ec:a3:dc:73:f5 (capab=0x411 status=0 aid=46)
[So Jul 26 16:46:02 2026] usb 1-1: rtl8xxxu_bss_info_changed: HT supported
[So Jul 26 16:46:02 2026] wlxbcfce7292407: associated
[So Jul 26 16:49:04 2026] ata1.00: failed command: WRITE FPDMA QUEUED
[So Jul 26 16:49:04 2026] ata1.00: failed command: READ FPDMA QUEUED
[So Jul 26 16:49:04 2026] ata1.00: failed command: WRITE FPDMA QUEUED
[So Jul 26 16:49:04 2026] ata1: hard resetting link
[So Jul 26 16:51:10 2026] ata1.00: failed command: WRITE FPDMA QUEUED
[So Jul 26 16:51:10 2026] ata1.00: failed command: WRITE FPDMA QUEUED
[So Jul 26 16:51:10 2026] ata1.00: failed command: WRITE FPDMA QUEUED
[So Jul 26 16:51:10 2026] ata1.00: failed command: WRITE FPDMA QUEUED
[So Jul 26 16:51:10 2026] ata1: hard resetting link
[So Jul 26 16:55:11 2026] ata1.00: failed command: WRITE FPDMA QUEUED
[So Jul 26 16:55:11 2026] ata1.00: failed command: WRITE FPDMA QUEUED
[So Jul 26 16:55:11 2026] ata1.00: failed command: WRITE FPDMA QUEUED
[So Jul 26 16:55:11 2026] ata1: hard resetting link
[So Jul 26 17:02:36 2026] ata1.00: failed command: WRITE FPDMA QUEUED
[So Jul 26 17:02:36 2026] ata1: hard resetting link
[So Jul 26 17:02:36 2026] ata1.00: failed command: WRITE FPDMA QUEUED
[So Jul 26 17:02:36 2026] ata1: hard resetting link
[So Jul 26 15:53:33 2026] systemd[1]: Listening on systemd-factory-reset.socket - Factory Reset Management.
[So Jul 26 15:53:36 2026] Bluetooth: hci0: Reading supported features failed (-16)
[So Jul 26 16:10:37 2026] cfg80211: Loading compiled-in X.509 certificates for regulatory database
[So Jul 26 16:10:37 2026] usb 1-1: Dumping efuse for RTL8188EU (0x200 bytes):
[So Jul 26 16:10:37 2026] usb 1-1: RTL8188EU rev D (TSMC) romver 0, 1T1R, TX queues 2, WiFi=1, BT=0, GPS=0, HI PA=0
[So Jul 26 16:10:37 2026] usb 1-1: RTL8188EU MAC: bc:fc:e7:29:24:07
[So Jul 26 16:10:37 2026] usb 1-1: rtl8xxxu: Loading firmware rtlwifi/rtl8188eufw.bin
[So Jul 26 16:10:38 2026] usbcore: registered new interface driver rtl8xxxu
[So Jul 26 16:10:38 2026] rtl8xxxu 1-1:1.0 wlxbcfce7292407: renamed from wlan0
[So Jul 26 16:10:43 2026] wlxbcfce7292407: authenticate with b8:ec:a3:dc:73:f5 (local address=bc:fc:e7:29:24:07)
[So Jul 26 16:10:43 2026] wlxbcfce7292407: send auth to b8:ec:a3:dc:73:f5 (try 1/3)
[So Jul 26 16:10:43 2026] wlxbcfce7292407: authenticated
[So Jul 26 16:10:43 2026] wlxbcfce7292407: associate with b8:ec:a3:dc:73:f5 (try 1/3)
[So Jul 26 16:10:43 2026] wlxbcfce7292407: RX AssocResp from b8:ec:a3:dc:73:f5 (capab=0x411 status=0 aid=40)
[So Jul 26 16:10:43 2026] usb 1-1: rtl8xxxu_bss_info_changed: HT supported
[So Jul 26 16:10:43 2026] wlxbcfce7292407: associated
[So Jul 26 16:10:47 2026] iwlwifi 0000:03:00.0: enabling device (0000 -> 0002)
[So Jul 26 16:10:47 2026] iwlwifi 0000:03:00.0: Detected crf-id 0xbadcafe, cnv-id 0x3000000 wfpm id 0x80000000
[So Jul 26 16:10:47 2026] iwlwifi 0000:03:00.0: PCI dev 24f3/0130, rev=0x201, rfid=0xd55555d5
[So Jul 26 16:10:47 2026] iwlwifi 0000:03:00.0: Detected Intel(R) Dual Band Wireless-AC 8260
[So Jul 26 16:10:47 2026] iwlwifi 0000:03:00.0: loaded firmware version 36.c8e8e144.0 8000C-36.ucode op_mode iwlmvm
[So Jul 26 16:10:47 2026] iwlwifi 0000:03:00.0: base HW address: f4:8c:50:23:4a:74, OTP minor version: 0x4
[So Jul 26 16:10:48 2026] ieee80211 phy1: Selected rate control algorithm 'iwl-mvm-rs'
[So Jul 26 16:10:48 2026] iwlwifi 0000:03:00.0 wlp3s0: renamed from wlan0
[So Jul 26 16:11:10 2026] wlxbcfce7292407: deauthenticating from b8:ec:a3:dc:73:f5 by local choice (Reason: 3=DEAUTH_LEAVING)
[So Jul 26 16:11:12 2026] wlxbcfce7292407: authenticate with b8:ec:a3:dc:73:f5 (local address=bc:fc:e7:29:24:07)
[So Jul 26 16:11:12 2026] wlxbcfce7292407: send auth to b8:ec:a3:dc:73:f5 (try 1/3)
[So Jul 26 16:11:12 2026] wlxbcfce7292407: authenticated
[So Jul 26 16:11:12 2026] wlxbcfce7292407: associate with b8:ec:a3:dc:73:f5 (try 1/3)
[So Jul 26 16:11:12 2026] wlxbcfce7292407: RX AssocResp from b8:ec:a3:dc:73:f5 (capab=0x411 status=0 aid=40)
[So Jul 26 16:11:12 2026] usb 1-1: rtl8xxxu_bss_info_changed: HT supported
[So Jul 26 16:11:12 2026] wlxbcfce7292407: associated
[So Jul 26 16:11:15 2026] wlp3s0: authenticate with b8:ec:a3:dc:73:f5 (local address=f4:8c:50:23:4a:74)
[So Jul 26 16:11:15 2026] wlp3s0: send auth to b8:ec:a3:dc:73:f5 (try 1/3)
[So Jul 26 16:11:15 2026] wlp3s0: authenticated
[So Jul 26 16:11:15 2026] wlp3s0: associate with b8:ec:a3:dc:73:f5 (try 1/3)
[So Jul 26 16:11:15 2026] wlp3s0: RX AssocResp from b8:ec:a3:dc:73:f5 (capab=0x411 status=0 aid=45)
[So Jul 26 16:11:15 2026] wlp3s0: associated
[So Jul 26 16:11:29 2026] wlp3s0: authenticate with b8:ec:a3:dc:73:f5 (local address=f4:8c:50:23:4a:74)
[So Jul 26 16:11:29 2026] wlp3s0: send auth to b8:ec:a3:dc:73:f5 (try 1/3)
[So Jul 26 16:11:29 2026] wlp3s0: authenticated
[So Jul 26 16:11:29 2026] wlp3s0: associate with b8:ec:a3:dc:73:f5 (try 1/3)
[So Jul 26 16:11:29 2026] wlp3s0: associate with b8:ec:a3:dc:73:f5 (try 2/3)
[So Jul 26 16:11:29 2026] wlp3s0: associate with b8:ec:a3:dc:73:f5 (try 3/3)
[So Jul 26 16:11:29 2026] wlp3s0: association with b8:ec:a3:dc:73:f5 timed out
[So Jul 26 16:12:16 2026] wlp3s0: authenticate with b8:ec:a3:dc:73:f5 (local address=f4:8c:50:23:4a:74)
[So Jul 26 16:12:16 2026] wlp3s0: send auth to b8:ec:a3:dc:73:f5 (try 1/3)
[So Jul 26 16:12:16 2026] wlp3s0: authenticated
[So Jul 26 16:12:16 2026] wlp3s0: associate with b8:ec:a3:dc:73:f5 (try 1/3)
[So Jul 26 16:12:16 2026] wlp3s0: RX AssocResp from b8:ec:a3:dc:73:f5 (capab=0x411 status=0 aid=45)
[So Jul 26 16:12:16 2026] wlp3s0: associated
[So Jul 26 16:12:23 2026] wlp3s0: Connection to AP b8:ec:a3:dc:73:f5 lost
[So Jul 26 16:20:45 2026] ata1.00: failed command: WRITE FPDMA QUEUED
[So Jul 26 16:20:45 2026] ata1: hard resetting link
[So Jul 26 16:27:35 2026] wlxbcfce7292407: authenticate with b8:ec:a3:dc:73:f5 (local address=bc:fc:e7:29:24:07)
[So Jul 26 16:27:35 2026] wlxbcfce7292407: send auth to b8:ec:a3:dc:73:f5 (try 1/3)
[So Jul 26 16:27:35 2026] wlxbcfce7292407: authenticated
[So Jul 26 16:27:35 2026] wlxbcfce7292407: associate with b8:ec:a3:dc:73:f5 (try 1/3)
[So Jul 26 16:27:35 2026] wlxbcfce7292407: associate with b8:ec:a3:dc:73:f5 (try 2/3)
[So Jul 26 16:27:35 2026] wlxbcfce7292407: associate with b8:ec:a3:dc:73:f5 (try 3/3)
[So Jul 26 16:27:35 2026] wlxbcfce7292407: association with b8:ec:a3:dc:73:f5 timed out
[So Jul 26 16:27:43 2026] wlxbcfce7292407: authenticate with b8:ec:a3:dc:73:f5 (local address=bc:fc:e7:29:24:07)
[So Jul 26 16:27:43 2026] wlxbcfce7292407: send auth to b8:ec:a3:dc:73:f5 (try 1/3)
[So Jul 26 16:27:43 2026] wlxbcfce7292407: authenticated
[So Jul 26 16:27:43 2026] wlxbcfce7292407: associate with b8:ec:a3:dc:73:f5 (try 1/3)
[So Jul 26 16:27:43 2026] wlxbcfce7292407: RX AssocResp from b8:ec:a3:dc:73:f5 (capab=0x411 status=0 aid=40)
[So Jul 26 16:27:43 2026] usb 1-1: rtl8xxxu_bss_info_changed: HT supported
[So Jul 26 16:27:43 2026] wlxbcfce7292407: associated
[So Jul 26 16:31:03 2026] ata1.00: failed command: WRITE FPDMA QUEUED
[So Jul 26 16:31:03 2026] ata1.00: failed command: WRITE FPDMA QUEUED
[So Jul 26 16:31:03 2026] ata1: hard resetting link
[So Jul 26 16:31:07 2026] usbcore: deregistering interface driver rtl8xxxu
[So Jul 26 16:31:07 2026] wlxbcfce7292407: deauthenticating from b8:ec:a3:dc:73:f5 by local choice (Reason: 3=DEAUTH_LEAVING)
[So Jul 26 16:31:07 2026] usb 1-1: Device still attached, trying to reset
[So Jul 26 16:31:07 2026] usb 1-1: reset high-speed USB device number 8 using xhci_hcd
[So Jul 26 16:31:09 2026] iwlwifi 0000:03:00.0: Detected crf-id 0xbadcafe, cnv-id 0x3000000 wfpm id 0x80000000
[So Jul 26 16:31:09 2026] iwlwifi 0000:03:00.0: PCI dev 24f3/0130, rev=0x201, rfid=0xd55555d5
[So Jul 26 16:31:09 2026] iwlwifi 0000:03:00.0: Detected Intel(R) Dual Band Wireless-AC 8260
[So Jul 26 16:31:09 2026] iwlwifi 0000:03:00.0: loaded firmware version 36.c8e8e144.0 8000C-36.ucode op_mode iwlmvm
[So Jul 26 16:31:09 2026] usb 1-1: Dumping efuse for RTL8188EU (0x200 bytes):
[So Jul 26 16:31:09 2026] usb 1-1: RTL8188EU rev D (TSMC) romver 0, 1T1R, TX queues 2, WiFi=1, BT=0, GPS=0, HI PA=0
[So Jul 26 16:31:09 2026] usb 1-1: RTL8188EU MAC: bc:fc:e7:29:24:07
[So Jul 26 16:31:09 2026] usb 1-1: rtl8xxxu: Loading firmware rtlwifi/rtl8188eufw.bin
[So Jul 26 16:31:09 2026] iwlwifi 0000:03:00.0: base HW address: f4:8c:50:23:4a:74, OTP minor version: 0x4
[So Jul 26 16:31:09 2026] ieee80211 phy3: Selected rate control algorithm 'iwl-mvm-rs'
[So Jul 26 16:31:09 2026] iwlwifi 0000:03:00.0 wlp3s0: renamed from wlan0
[So Jul 26 16:31:10 2026] usbcore: registered new interface driver rtl8xxxu
[So Jul 26 16:31:10 2026] rtl8xxxu 1-1:1.0 wlxbcfce7292407: renamed from wlan0
[So Jul 26 16:31:11 2026] wlxbcfce7292407: authenticate with b8:ec:a3:dc:73:f5 (local address=bc:fc:e7:29:24:07)
[So Jul 26 16:31:11 2026] wlxbcfce7292407: send auth to b8:ec:a3:dc:73:f5 (try 1/3)
[So Jul 26 16:31:11 2026] wlxbcfce7292407: authenticated
[So Jul 26 16:31:11 2026] wlxbcfce7292407: associate with b8:ec:a3:dc:73:f5 (try 1/3)
[So Jul 26 16:31:12 2026] wlxbcfce7292407: associate with b8:ec:a3:dc:73:f5 (try 2/3)
[So Jul 26 16:31:12 2026] wlxbcfce7292407: associate with b8:ec:a3:dc:73:f5 (try 3/3)
[So Jul 26 16:31:12 2026] wlxbcfce7292407: association with b8:ec:a3:dc:73:f5 timed out
[So Jul 26 16:31:13 2026] wlxbcfce7292407: authenticate with b8:ec:a3:dc:73:f5 (local address=bc:fc:e7:29:24:07)
[So Jul 26 16:31:13 2026] wlxbcfce7292407: send auth to b8:ec:a3:dc:73:f5 (try 1/3)
[So Jul 26 16:31:13 2026] wlxbcfce7292407: authenticated
[So Jul 26 16:31:13 2026] wlxbcfce7292407: associate with b8:ec:a3:dc:73:f5 (try 1/3)
[So Jul 26 16:31:13 2026] wlxbcfce7292407: associate with b8:ec:a3:dc:73:f5 (try 2/3)
[So Jul 26 16:31:13 2026] wlxbcfce7292407: associate with b8:ec:a3:dc:73:f5 (try 3/3)
[So Jul 26 16:31:14 2026] wlxbcfce7292407: association with b8:ec:a3:dc:73:f5 timed out
[So Jul 26 16:31:21 2026] wlxbcfce7292407: authenticate with b8:ec:a3:dc:73:f5 (local address=bc:fc:e7:29:24:07)
[So Jul 26 16:31:21 2026] wlxbcfce7292407: send auth to b8:ec:a3:dc:73:f5 (try 1/3)
[So Jul 26 16:31:21 2026] wlxbcfce7292407: authenticated
[So Jul 26 16:31:21 2026] wlxbcfce7292407: associate with b8:ec:a3:dc:73:f5 (try 1/3)
[So Jul 26 16:31:21 2026] wlxbcfce7292407: RX AssocResp from b8:ec:a3:dc:73:f5 (capab=0x411 status=0 aid=40)
[So Jul 26 16:31:21 2026] usb 1-1: rtl8xxxu_bss_info_changed: HT supported
[So Jul 26 16:31:21 2026] wlxbcfce7292407: associated
[So Jul 26 16:34:08 2026] wlxbcfce7292407: deauthenticating from b8:ec:a3:dc:73:f5 by local choice (Reason: 3=DEAUTH_LEAVING)
[So Jul 26 16:34:15 2026] usb 1-1: Dumping efuse for RTL8188EU (0x200 bytes):
[So Jul 26 16:34:15 2026] usb 1-1: RTL8188EU rev D (TSMC) romver 0, 1T1R, TX queues 2, WiFi=1, BT=0, GPS=0, HI PA=0
[So Jul 26 16:34:15 2026] usb 1-1: RTL8188EU MAC: bc:fc:e7:29:24:07
[So Jul 26 16:34:15 2026] usb 1-1: rtl8xxxu: Loading firmware rtlwifi/rtl8188eufw.bin
[So Jul 26 16:34:16 2026] rtl8xxxu 1-1:1.0 wlxbcfce7292407: renamed from wlan0
[So Jul 26 16:34:26 2026] wlxbcfce7292407: authenticate with b8:ec:a3:dc:73:f5 (local address=bc:fc:e7:29:24:07)
[So Jul 26 16:34:26 2026] wlxbcfce7292407: send auth to b8:ec:a3:dc:73:f5 (try 1/3)
[So Jul 26 16:34:26 2026] wlxbcfce7292407: authenticated
[So Jul 26 16:34:26 2026] wlxbcfce7292407: associate with b8:ec:a3:dc:73:f5 (try 1/3)
[So Jul 26 16:34:26 2026] wlxbcfce7292407: associate with b8:ec:a3:dc:73:f5 (try 2/3)
[So Jul 26 16:34:27 2026] wlxbcfce7292407: associate with b8:ec:a3:dc:73:f5 (try 3/3)
[So Jul 26 16:34:27 2026] wlxbcfce7292407: association with b8:ec:a3:dc:73:f5 timed out
[So Jul 26 16:34:34 2026] wlxbcfce7292407: authenticate with b8:ec:a3:dc:73:f5 (local address=bc:fc:e7:29:24:07)
[So Jul 26 16:34:34 2026] wlxbcfce7292407: send auth to b8:ec:a3:dc:73:f5 (try 1/3)
[So Jul 26 16:34:34 2026] wlxbcfce7292407: authenticated
[So Jul 26 16:34:34 2026] wlxbcfce7292407: associate with b8:ec:a3:dc:73:f5 (try 1/3)
[So Jul 26 16:34:34 2026] wlxbcfce7292407: RX AssocResp from b8:ec:a3:dc:73:f5 (capab=0x411 status=0 aid=40)
[So Jul 26 16:34:34 2026] usb 1-1: rtl8xxxu_bss_info_changed: HT supported
[So Jul 26 16:34:34 2026] wlxbcfce7292407: associated
[So Jul 26 16:45:57 2026] wlxbcfce7292407: deauthenticating from b8:ec:a3:dc:73:f5 by local choice (Reason: 3=DEAUTH_LEAVING)
[So Jul 26 16:45:58 2026] usb 1-1: Device still attached, trying to reset
[So Jul 26 16:45:58 2026] usb 1-1: reset high-speed USB device number 9 using xhci_hcd
[So Jul 26 16:45:59 2026] usb 1-7: reset high-speed USB device number 5 using xhci_hcd
[So Jul 26 16:45:59 2026] usb 1-2: reset high-speed USB device number 3 using xhci_hcd
[So Jul 26 16:45:59 2026] usb 1-6: reset full-speed USB device number 4 using xhci_hcd
[So Jul 26 16:46:00 2026] usb 1-1: Dumping efuse for RTL8188EU (0x200 bytes):
[So Jul 26 16:46:00 2026] usb 1-1: RTL8188EU rev D (TSMC) romver 0, 1T1R, TX queues 2, WiFi=1, BT=0, GPS=0, HI PA=0
[So Jul 26 16:46:00 2026] usb 1-1: RTL8188EU MAC: bc:fc:e7:29:24:07
[So Jul 26 16:46:00 2026] usb 1-1: rtl8xxxu: Loading firmware rtlwifi/rtl8188eufw.bin
[So Jul 26 16:46:01 2026] rtl8xxxu 1-1:1.0 wlxbcfce7292407: renamed from wlan0
[So Jul 26 16:46:02 2026] wlxbcfce7292407: authenticate with b8:ec:a3:dc:73:f5 (local address=bc:fc:e7:29:24:07)
[So Jul 26 16:46:02 2026] wlxbcfce7292407: send auth to b8:ec:a3:dc:73:f5 (try 1/3)
[So Jul 26 16:46:02 2026] wlxbcfce7292407: authenticated
[So Jul 26 16:46:02 2026] wlxbcfce7292407: associate with b8:ec:a3:dc:73:f5 (try 1/3)
[So Jul 26 16:46:02 2026] wlxbcfce7292407: RX AssocResp from b8:ec:a3:dc:73:f5 (capab=0x411 status=0 aid=46)
[So Jul 26 16:46:02 2026] usb 1-1: rtl8xxxu_bss_info_changed: HT supported
[So Jul 26 16:46:02 2026] wlxbcfce7292407: associated
[So Jul 26 16:49:04 2026] ata1.00: failed command: WRITE FPDMA QUEUED
[So Jul 26 16:49:04 2026] ata1.00: failed command: READ FPDMA QUEUED
[So Jul 26 16:49:04 2026] ata1.00: failed command: WRITE FPDMA QUEUED
[So Jul 26 16:49:04 2026] ata1: hard resetting link
[So Jul 26 16:51:10 2026] ata1.00: failed command: WRITE FPDMA QUEUED
[So Jul 26 16:51:10 2026] ata1.00: failed command: WRITE FPDMA QUEUED
[So Jul 26 16:51:10 2026] ata1.00: failed command: WRITE FPDMA QUEUED
[So Jul 26 16:51:10 2026] ata1.00: failed command: WRITE FPDMA QUEUED
[So Jul 26 16:51:10 2026] ata1: hard resetting link
[So Jul 26 16:55:11 2026] ata1.00: failed command: WRITE FPDMA QUEUED
[So Jul 26 16:55:11 2026] ata1.00: failed command: WRITE FPDMA QUEUED
[So Jul 26 16:55:11 2026] ata1.00: failed command: WRITE FPDMA QUEUED
[So Jul 26 16:55:11 2026] ata1: hard resetting link
[So Jul 26 17:02:36 2026] ata1.00: failed command: WRITE FPDMA QUEUED
[So Jul 26 17:02:36 2026] ata1: hard resetting link
[So Jul 26 17:02:36 2026] ata1.00: failed command: WRITE FPDMA QUEUED
[So Jul 26 17:02:36 2026] ata1: hard resetting link
[So Jul 26 15:53:33 2026] systemd[1]: Listening on systemd-factory-reset.socket - Factory Reset Management.
[So Jul 26 15:53:36 2026] Bluetooth: hci0: Reading supported features failed (-16)
[So Jul 26 16:10:37 2026] cfg80211: Loading compiled-in X.509 certificates for regulatory database
[So Jul 26 16:10:37 2026] usb 1-1: Dumping efuse for RTL8188EU (0x200 bytes):
[So Jul 26 16:10:37 2026] usb 1-1: RTL8188EU rev D (TSMC) romver 0, 1T1R, TX queues 2, WiFi=1, BT=0, GPS=0, HI PA=0
[So Jul 26 16:10:37 2026] usb 1-1: RTL8188EU MAC: bc:fc:e7:29:24:07
[So Jul 26 16:10:37 2026] usb 1-1: rtl8xxxu: Loading firmware rtlwifi/rtl8188eufw.bin
[So Jul 26 16:10:38 2026] usbcore: registered new interface driver rtl8xxxu
[So Jul 26 16:10:38 2026] rtl8xxxu 1-1:1.0 wlxbcfce7292407: renamed from wlan0
[So Jul 26 16:10:43 2026] wlxbcfce7292407: authenticate with b8:ec:a3:dc:73:f5 (local address=bc:fc:e7:29:24:07)
[So Jul 26 16:10:43 2026] wlxbcfce7292407: send auth to b8:ec:a3:dc:73:f5 (try 1/3)
[So Jul 26 16:10:43 2026] wlxbcfce7292407: authenticated
[So Jul 26 16:10:43 2026] wlxbcfce7292407: associate with b8:ec:a3:dc:73:f5 (try 1/3)
[So Jul 26 16:10:43 2026] wlxbcfce7292407: RX AssocResp from b8:ec:a3:dc:73:f5 (capab=0x411 status=0 aid=40)
[So Jul 26 16:10:43 2026] usb 1-1: rtl8xxxu_bss_info_changed: HT supported
[So Jul 26 16:10:43 2026] wlxbcfce7292407: associated
[So Jul 26 16:10:47 2026] iwlwifi 0000:03:00.0: enabling device (0000 -> 0002)
[So Jul 26 16:10:47 2026] iwlwifi 0000:03:00.0: Detected crf-id 0xbadcafe, cnv-id 0x3000000 wfpm id 0x80000000
[So Jul 26 16:10:47 2026] iwlwifi 0000:03:00.0: PCI dev 24f3/0130, rev=0x201, rfid=0xd55555d5
[So Jul 26 16:10:47 2026] iwlwifi 0000:03:00.0: Detected Intel(R) Dual Band Wireless-AC 8260
[So Jul 26 16:10:47 2026] iwlwifi 0000:03:00.0: loaded firmware version 36.c8e8e144.0 8000C-36.ucode op_mode iwlmvm
[So Jul 26 16:10:47 2026] iwlwifi 0000:03:00.0: base HW address: f4:8c:50:23:4a:74, OTP minor version: 0x4
[So Jul 26 16:10:48 2026] ieee80211 phy1: Selected rate control algorithm 'iwl-mvm-rs'
[So Jul 26 16:10:48 2026] iwlwifi 0000:03:00.0 wlp3s0: renamed from wlan0
[So Jul 26 16:11:10 2026] wlxbcfce7292407: deauthenticating from b8:ec:a3:dc:73:f5 by local choice (Reason: 3=DEAUTH_LEAVING)
[So Jul 26 16:11:12 2026] wlxbcfce7292407: authenticate with b8:ec:a3:dc:73:f5 (local address=bc:fc:e7:29:24:07)
[So Jul 26 16:11:12 2026] wlxbcfce7292407: send auth to b8:ec:a3:dc:73:f5 (try 1/3)
[So Jul 26 16:11:12 2026] wlxbcfce7292407: authenticated
[So Jul 26 16:11:12 2026] wlxbcfce7292407: associate with b8:ec:a3:dc:73:f5 (try 1/3)
[So Jul 26 16:11:12 2026] wlxbcfce7292407: RX AssocResp from b8:ec:a3:dc:73:f5 (capab=0x411 status=0 aid=40)
[So Jul 26 16:11:12 2026] usb 1-1: rtl8xxxu_bss_info_changed: HT supported
[So Jul 26 16:11:12 2026] wlxbcfce7292407: associated
[So Jul 26 16:11:15 2026] wlp3s0: authenticate with b8:ec:a3:dc:73:f5 (local address=f4:8c:50:23:4a:74)
[So Jul 26 16:11:15 2026] wlp3s0: send auth to b8:ec:a3:dc:73:f5 (try 1/3)
[So Jul 26 16:11:15 2026] wlp3s0: authenticated
[So Jul 26 16:11:15 2026] wlp3s0: associate with b8:ec:a3:dc:73:f5 (try 1/3)
[So Jul 26 16:11:15 2026] wlp3s0: RX AssocResp from b8:ec:a3:dc:73:f5 (capab=0x411 status=0 aid=45)
[So Jul 26 16:11:15 2026] wlp3s0: associated
[So Jul 26 16:11:29 2026] wlp3s0: authenticate with b8:ec:a3:dc:73:f5 (local address=f4:8c:50:23:4a:74)
[So Jul 26 16:11:29 2026] wlp3s0: send auth to b8:ec:a3:dc:73:f5 (try 1/3)
[So Jul 26 16:11:29 2026] wlp3s0: authenticated
[So Jul 26 16:11:29 2026] wlp3s0: associate with b8:ec:a3:dc:73:f5 (try 1/3)
[So Jul 26 16:11:29 2026] wlp3s0: associate with b8:ec:a3:dc:73:f5 (try 2/3)
[So Jul 26 16:11:29 2026] wlp3s0: associate with b8:ec:a3:dc:73:f5 (try 3/3)
[So Jul 26 16:11:29 2026] wlp3s0: association with b8:ec:a3:dc:73:f5 timed out
[So Jul 26 16:12:16 2026] wlp3s0: authenticate with b8:ec:a3:dc:73:f5 (local address=f4:8c:50:23:4a:74)
[So Jul 26 16:12:16 2026] wlp3s0: send auth to b8:ec:a3:dc:73:f5 (try 1/3)
[So Jul 26 16:12:16 2026] wlp3s0: authenticated
[So Jul 26 16:12:16 2026] wlp3s0: associate with b8:ec:a3:dc:73:f5 (try 1/3)
[So Jul 26 16:12:16 2026] wlp3s0: RX AssocResp from b8:ec:a3:dc:73:f5 (capab=0x411 status=0 aid=45)
[So Jul 26 16:12:16 2026] wlp3s0: associated
[So Jul 26 16:12:23 2026] wlp3s0: Connection to AP b8:ec:a3:dc:73:f5 lost
[So Jul 26 16:20:45 2026] ata1.00: failed command: WRITE FPDMA QUEUED
[So Jul 26 16:20:45 2026] ata1: hard resetting link
[So Jul 26 16:27:35 2026] wlxbcfce7292407: authenticate with b8:ec:a3:dc:73:f5 (local address=bc:fc:e7:29:24:07)
[So Jul 26 16:27:35 2026] wlxbcfce7292407: send auth to b8:ec:a3:dc:73:f5 (try 1/3)
[So Jul 26 16:27:35 2026] wlxbcfce7292407: authenticated
[So Jul 26 16:27:35 2026] wlxbcfce7292407: associate with b8:ec:a3:dc:73:f5 (try 1/3)
[So Jul 26 16:27:35 2026] wlxbcfce7292407: associate with b8:ec:a3:dc:73:f5 (try 2/3)
[So Jul 26 16:27:35 2026] wlxbcfce7292407: associate with b8:ec:a3:dc:73:f5 (try 3/3)
[So Jul 26 16:27:35 2026] wlxbcfce7292407: association with b8:ec:a3:dc:73:f5 timed out
[So Jul 26 16:27:43 2026] wlxbcfce7292407: authenticate with b8:ec:a3:dc:73:f5 (local address=bc:fc:e7:29:24:07)
[So Jul 26 16:27:43 2026] wlxbcfce7292407: send auth to b8:ec:a3:dc:73:f5 (try 1/3)
[So Jul 26 16:27:43 2026] wlxbcfce7292407: authenticated
[So Jul 26 16:27:43 2026] wlxbcfce7292407: associate with b8:ec:a3:dc:73:f5 (try 1/3)
[So Jul 26 16:27:43 2026] wlxbcfce7292407: RX AssocResp from b8:ec:a3:dc:73:f5 (capab=0x411 status=0 aid=40)
[So Jul 26 16:27:43 2026] usb 1-1: rtl8xxxu_bss_info_changed: HT supported
[So Jul 26 16:27:43 2026] wlxbcfce7292407: associated
[So Jul 26 16:31:03 2026] ata1.00: failed command: WRITE FPDMA QUEUED
[So Jul 26 16:31:03 2026] ata1.00: failed command: WRITE FPDMA QUEUED
[So Jul 26 16:31:03 2026] ata1: hard resetting link
[So Jul 26 16:31:07 2026] usbcore: deregistering interface driver rtl8xxxu
[So Jul 26 16:31:07 2026] wlxbcfce7292407: deauthenticating from b8:ec:a3:dc:73:f5 by local choice (Reason: 3=DEAUTH_LEAVING)
[So Jul 26 16:31:07 2026] usb 1-1: Device still attached, trying to reset
[So Jul 26 16:31:07 2026] usb 1-1: reset high-speed USB device number 8 using xhci_hcd
[So Jul 26 16:31:09 2026] iwlwifi 0000:03:00.0: Detected crf-id 0xbadcafe, cnv-id 0x3000000 wfpm id 0x80000000
[So Jul 26 16:31:09 2026] iwlwifi 0000:03:00.0: PCI dev 24f3/0130, rev=0x201, rfid=0xd55555d5
[So Jul 26 16:31:09 2026] iwlwifi 0000:03:00.0: Detected Intel(R) Dual Band Wireless-AC 8260
[So Jul 26 16:31:09 2026] iwlwifi 0000:03:00.0: loaded firmware version 36.c8e8e144.0 8000C-36.ucode op_mode iwlmvm
[So Jul 26 16:31:09 2026] usb 1-1: Dumping efuse for RTL8188EU (0x200 bytes):
[So Jul 26 16:31:09 2026] usb 1-1: RTL8188EU rev D (TSMC) romver 0, 1T1R, TX queues 2, WiFi=1, BT=0, GPS=0, HI PA=0
[So Jul 26 16:31:09 2026] usb 1-1: RTL8188EU MAC: bc:fc:e7:29:24:07
[So Jul 26 16:31:09 2026] usb 1-1: rtl8xxxu: Loading firmware rtlwifi/rtl8188eufw.bin
[So Jul 26 16:31:09 2026] iwlwifi 0000:03:00.0: base HW address: f4:8c:50:23:4a:74, OTP minor version: 0x4
[So Jul 26 16:31:09 2026] ieee80211 phy3: Selected rate control algorithm 'iwl-mvm-rs'
[So Jul 26 16:31:09 2026] iwlwifi 0000:03:00.0 wlp3s0: renamed from wlan0
[So Jul 26 16:31:10 2026] usbcore: registered new interface driver rtl8xxxu
[So Jul 26 16:31:10 2026] rtl8xxxu 1-1:1.0 wlxbcfce7292407: renamed from wlan0
[So Jul 26 16:31:11 2026] wlxbcfce7292407: authenticate with b8:ec:a3:dc:73:f5 (local address=bc:fc:e7:29:24:07)
[So Jul 26 16:31:11 2026] wlxbcfce7292407: send auth to b8:ec:a3:dc:73:f5 (try 1/3)
[So Jul 26 16:31:11 2026] wlxbcfce7292407: authenticated
[So Jul 26 16:31:11 2026] wlxbcfce7292407: associate with b8:ec:a3:dc:73:f5 (try 1/3)
[So Jul 26 16:31:12 2026] wlxbcfce7292407: associate with b8:ec:a3:dc:73:f5 (try 2/3)
[So Jul 26 16:31:12 2026] wlxbcfce7292407: associate with b8:ec:a3:dc:73:f5 (try 3/3)
[So Jul 26 16:31:12 2026] wlxbcfce7292407: association with b8:ec:a3:dc:73:f5 timed out
[So Jul 26 16:31:13 2026] wlxbcfce7292407: authenticate with b8:ec:a3:dc:73:f5 (local address=bc:fc:e7:29:24:07)
[So Jul 26 16:31:13 2026] wlxbcfce7292407: send auth to b8:ec:a3:dc:73:f5 (try 1/3)
[So Jul 26 16:31:13 2026] wlxbcfce7292407: authenticated
[So Jul 26 16:31:13 2026] wlxbcfce7292407: associate with b8:ec:a3:dc:73:f5 (try 1/3)
[So Jul 26 16:31:13 2026] wlxbcfce7292407: associate with b8:ec:a3:dc:73:f5 (try 2/3)
[So Jul 26 16:31:13 2026] wlxbcfce7292407: associate with b8:ec:a3:dc:73:f5 (try 3/3)
[So Jul 26 16:31:14 2026] wlxbcfce7292407: association with b8:ec:a3:dc:73:f5 timed out
[So Jul 26 16:31:21 2026] wlxbcfce7292407: authenticate with b8:ec:a3:dc:73:f5 (local address=bc:fc:e7:29:24:07)
[So Jul 26 16:31:21 2026] wlxbcfce7292407: send auth to b8:ec:a3:dc:73:f5 (try 1/3)
[So Jul 26 16:31:21 2026] wlxbcfce7292407: authenticated
[So Jul 26 16:31:21 2026] wlxbcfce7292407: associate with b8:ec:a3:dc:73:f5 (try 1/3)
[So Jul 26 16:31:21 2026] wlxbcfce7292407: RX AssocResp from b8:ec:a3:dc:73:f5 (capab=0x411 status=0 aid=40)
[So Jul 26 16:31:21 2026] usb 1-1: rtl8xxxu_bss_info_changed: HT supported
[So Jul 26 16:31:21 2026] wlxbcfce7292407: associated
[So Jul 26 16:34:08 2026] wlxbcfce7292407: deauthenticating from b8:ec:a3:dc:73:f5 by local choice (Reason: 3=DEAUTH_LEAVING)
[So Jul 26 16:34:15 2026] usb 1-1: Dumping efuse for RTL8188EU (0x200 bytes):
[So Jul 26 16:34:15 2026] usb 1-1: RTL8188EU rev D (TSMC) romver 0, 1T1R, TX queues 2, WiFi=1, BT=0, GPS=0, HI PA=0
[So Jul 26 16:34:15 2026] usb 1-1: RTL8188EU MAC: bc:fc:e7:29:24:07
[So Jul 26 16:34:15 2026] usb 1-1: rtl8xxxu: Loading firmware rtlwifi/rtl8188eufw.bin
[So Jul 26 16:34:16 2026] rtl8xxxu 1-1:1.0 wlxbcfce7292407: renamed from wlan0
[So Jul 26 16:34:26 2026] wlxbcfce7292407: authenticate with b8:ec:a3:dc:73:f5 (local address=bc:fc:e7:29:24:07)
[So Jul 26 16:34:26 2026] wlxbcfce7292407: send auth to b8:ec:a3:dc:73:f5 (try 1/3)
[So Jul 26 16:34:26 2026] wlxbcfce7292407: authenticated
[So Jul 26 16:34:26 2026] wlxbcfce7292407: associate with b8:ec:a3:dc:73:f5 (try 1/3)
[So Jul 26 16:34:26 2026] wlxbcfce7292407: associate with b8:ec:a3:dc:73:f5 (try 2/3)
[So Jul 26 16:34:27 2026] wlxbcfce7292407: associate with b8:ec:a3:dc:73:f5 (try 3/3)
[So Jul 26 16:34:27 2026] wlxbcfce7292407: association with b8:ec:a3:dc:73:f5 timed out
[So Jul 26 16:34:34 2026] wlxbcfce7292407: authenticate with b8:ec:a3:dc:73:f5 (local address=bc:fc:e7:29:24:07)
[So Jul 26 16:34:34 2026] wlxbcfce7292407: send auth to b8:ec:a3:dc:73:f5 (try 1/3)
[So Jul 26 16:34:34 2026] wlxbcfce7292407: authenticated
[So Jul 26 16:34:34 2026] wlxbcfce7292407: associate with b8:ec:a3:dc:73:f5 (try 1/3)
[So Jul 26 16:34:34 2026] wlxbcfce7292407: RX AssocResp from b8:ec:a3:dc:73:f5 (capab=0x411 status=0 aid=40)
[So Jul 26 16:34:34 2026] usb 1-1: rtl8xxxu_bss_info_changed: HT supported
[So Jul 26 16:34:34 2026] wlxbcfce7292407: associated
[So Jul 26 16:45:57 2026] wlxbcfce7292407: deauthenticating from b8:ec:a3:dc:73:f5 by local choice (Reason: 3=DEAUTH_LEAVING)
[So Jul 26 16:45:58 2026] usb 1-1: Device still attached, trying to reset
[So Jul 26 16:45:58 2026] usb 1-1: reset high-speed USB device number 9 using xhci_hcd
[So Jul 26 16:45:59 2026] usb 1-7: reset high-speed USB device number 5 using xhci_hcd
[So Jul 26 16:45:59 2026] usb 1-2: reset high-speed USB device number 3 using xhci_hcd
[So Jul 26 16:45:59 2026] usb 1-6: reset full-speed USB device number 4 using xhci_hcd
[So Jul 26 16:46:00 2026] usb 1-1: Dumping efuse for RTL8188EU (0x200 bytes):
[So Jul 26 16:46:00 2026] usb 1-1: RTL8188EU rev D (TSMC) romver 0, 1T1R, TX queues 2, WiFi=1, BT=0, GPS=0, HI PA=0
[So Jul 26 16:46:00 2026] usb 1-1: RTL8188EU MAC: bc:fc:e7:29:24:07
[So Jul 26 16:46:00 2026] usb 1-1: rtl8xxxu: Loading firmware rtlwifi/rtl8188eufw.bin
[So Jul 26 16:46:01 2026] rtl8xxxu 1-1:1.0 wlxbcfce7292407: renamed from wlan0
[So Jul 26 16:46:02 2026] wlxbcfce7292407: authenticate with b8:ec:a3:dc:73:f5 (local address=bc:fc:e7:29:24:07)
[So Jul 26 16:46:02 2026] wlxbcfce7292407: send auth to b8:ec:a3:dc:73:f5 (try 1/3)
[So Jul 26 16:46:02 2026] wlxbcfce7292407: authenticated
[So Jul 26 16:46:02 2026] wlxbcfce7292407: associate with b8:ec:a3:dc:73:f5 (try 1/3)
[So Jul 26 16:46:02 2026] wlxbcfce7292407: RX AssocResp from b8:ec:a3:dc:73:f5 (capab=0x411 status=0 aid=46)
[So Jul 26 16:46:02 2026] usb 1-1: rtl8xxxu_bss_info_changed: HT supported
[So Jul 26 16:46:02 2026] wlxbcfce7292407: associated
[So Jul 26 16:49:04 2026] ata1.00: failed command: WRITE FPDMA QUEUED
[So Jul 26 16:49:04 2026] ata1.00: failed command: READ FPDMA QUEUED
[So Jul 26 16:49:04 2026] ata1.00: failed command: WRITE FPDMA QUEUED
[So Jul 26 16:49:04 2026] ata1: hard resetting link
[So Jul 26 16:51:10 2026] ata1.00: failed command: WRITE FPDMA QUEUED
[So Jul 26 16:51:10 2026] ata1.00: failed command: WRITE FPDMA QUEUED
[So Jul 26 16:51:10 2026] ata1.00: failed command: WRITE FPDMA QUEUED
[So Jul 26 16:51:10 2026] ata1.00: failed command: WRITE FPDMA QUEUED
[So Jul 26 16:51:10 2026] ata1: hard resetting link
[So Jul 26 16:55:11 2026] ata1.00: failed command: WRITE FPDMA QUEUED
[So Jul 26 16:55:11 2026] ata1.00: failed command: WRITE FPDMA QUEUED
[So Jul 26 16:55:11 2026] ata1.00: failed command: WRITE FPDMA QUEUED
[So Jul 26 16:55:11 2026] ata1: hard resetting link
[So Jul 26 17:02:36 2026] ata1.00: failed command: WRITE FPDMA QUEUED
[So Jul 26 17:02:36 2026] ata1: hard resetting link
[So Jul 26 17:02:36 2026] ata1.00: failed command: WRITE FPDMA QUEUED
[So Jul 26 17:02:36 2026] ata1: hard resetting link
[So Jul 26 15:53:33 2026] systemd[1]: Listening on systemd-factory-reset.socket - Factory Reset Management.
[So Jul 26 15:53:36 2026] Bluetooth: hci0: Reading supported features failed (-16)
[So Jul 26 16:10:37 2026] cfg80211: Loading compiled-in X.509 certificates for regulatory database
[So Jul 26 16:10:37 2026] usb 1-1: Dumping efuse for RTL8188EU (0x200 bytes):
[So Jul 26 16:10:37 2026] usb 1-1: RTL8188EU rev D (TSMC) romver 0, 1T1R, TX queues 2, WiFi=1, BT=0, GPS=0, HI PA=0
[So Jul 26 16:10:37 2026] usb 1-1: RTL8188EU MAC: bc:fc:e7:29:24:07
[So Jul 26 16:10:37 2026] usb 1-1: rtl8xxxu: Loading firmware rtlwifi/rtl8188eufw.bin
[So Jul 26 16:10:38 2026] usbcore: registered new interface driver rtl8xxxu
[So Jul 26 16:10:38 2026] rtl8xxxu 1-1:1.0 wlxbcfce7292407: renamed from wlan0
[So Jul 26 16:10:43 2026] wlxbcfce7292407: authenticate with b8:ec:a3:dc:73:f5 (local address=bc:fc:e7:29:24:07)
[So Jul 26 16:10:43 2026] wlxbcfce7292407: send auth to b8:ec:a3:dc:73:f5 (try 1/3)
[So Jul 26 16:10:43 2026] wlxbcfce7292407: authenticated
[So Jul 26 16:10:43 2026] wlxbcfce7292407: associate with b8:ec:a3:dc:73:f5 (try 1/3)
[So Jul 26 16:10:43 2026] wlxbcfce7292407: RX AssocResp from b8:ec:a3:dc:73:f5 (capab=0x411 status=0 aid=40)
[So Jul 26 16:10:43 2026] usb 1-1: rtl8xxxu_bss_info_changed: HT supported
[So Jul 26 16:10:43 2026] wlxbcfce7292407: associated
[So Jul 26 16:10:47 2026] iwlwifi 0000:03:00.0: enabling device (0000 -> 0002)
[So Jul 26 16:10:47 2026] iwlwifi 0000:03:00.0: Detected crf-id 0xbadcafe, cnv-id 0x3000000 wfpm id 0x80000000
[So Jul 26 16:10:47 2026] iwlwifi 0000:03:00.0: PCI dev 24f3/0130, rev=0x201, rfid=0xd55555d5
[So Jul 26 16:10:47 2026] iwlwifi 0000:03:00.0: Detected Intel(R) Dual Band Wireless-AC 8260
[So Jul 26 16:10:47 2026] iwlwifi 0000:03:00.0: loaded firmware version 36.c8e8e144.0 8000C-36.ucode op_mode iwlmvm
[So Jul 26 16:10:47 2026] iwlwifi 0000:03:00.0: base HW address: f4:8c:50:23:4a:74, OTP minor version: 0x4
[So Jul 26 16:10:48 2026] ieee80211 phy1: Selected rate control algorithm 'iwl-mvm-rs'
[So Jul 26 16:10:48 2026] iwlwifi 0000:03:00.0 wlp3s0: renamed from wlan0
[So Jul 26 16:11:10 2026] wlxbcfce7292407: deauthenticating from b8:ec:a3:dc:73:f5 by local choice (Reason: 3=DEAUTH_LEAVING)
[So Jul 26 16:11:12 2026] wlxbcfce7292407: authenticate with b8:ec:a3:dc:73:f5 (local address=bc:fc:e7:29:24:07)
[So Jul 26 16:11:12 2026] wlxbcfce7292407: send auth to b8:ec:a3:dc:73:f5 (try 1/3)
[So Jul 26 16:11:12 2026] wlxbcfce7292407: authenticated
[So Jul 26 16:11:12 2026] wlxbcfce7292407: associate with b8:ec:a3:dc:73:f5 (try 1/3)
[So Jul 26 16:11:12 2026] wlxbcfce7292407: RX AssocResp from b8:ec:a3:dc:73:f5 (capab=0x411 status=0 aid=40)
[So Jul 26 16:11:12 2026] usb 1-1: rtl8xxxu_bss_info_changed: HT supported
[So Jul 26 16:11:12 2026] wlxbcfce7292407: associated
[So Jul 26 16:11:15 2026] wlp3s0: authenticate with b8:ec:a3:dc:73:f5 (local address=f4:8c:50:23:4a:74)
[So Jul 26 16:11:15 2026] wlp3s0: send auth to b8:ec:a3:dc:73:f5 (try 1/3)
[So Jul 26 16:11:15 2026] wlp3s0: authenticated
[So Jul 26 16:11:15 2026] wlp3s0: associate with b8:ec:a3:dc:73:f5 (try 1/3)
[So Jul 26 16:11:15 2026] wlp3s0: RX AssocResp from b8:ec:a3:dc:73:f5 (capab=0x411 status=0 aid=45)
[So Jul 26 16:11:15 2026] wlp3s0: associated
[So Jul 26 16:11:29 2026] wlp3s0: authenticate with b8:ec:a3:dc:73:f5 (local address=f4:8c:50:23:4a:74)
[So Jul 26 16:11:29 2026] wlp3s0: send auth to b8:ec:a3:dc:73:f5 (try 1/3)
[So Jul 26 16:11:29 2026] wlp3s0: authenticated
[So Jul 26 16:11:29 2026] wlp3s0: associate with b8:ec:a3:dc:73:f5 (try 1/3)
[So Jul 26 16:11:29 2026] wlp3s0: associate with b8:ec:a3:dc:73:f5 (try 2/3)
[So Jul 26 16:11:29 2026] wlp3s0: associate with b8:ec:a3:dc:73:f5 (try 3/3)
[So Jul 26 16:11:29 2026] wlp3s0: association with b8:ec:a3:dc:73:f5 timed out
[So Jul 26 16:12:16 2026] wlp3s0: authenticate with b8:ec:a3:dc:73:f5 (local address=f4:8c:50:23:4a:74)
[So Jul 26 16:12:16 2026] wlp3s0: send auth to b8:ec:a3:dc:73:f5 (try 1/3)
[So Jul 26 16:12:16 2026] wlp3s0: authenticated
[So Jul 26 16:12:16 2026] wlp3s0: associate with b8:ec:a3:dc:73:f5 (try 1/3)
[So Jul 26 16:12:16 2026] wlp3s0: RX AssocResp from b8:ec:a3:dc:73:f5 (capab=0x411 status=0 aid=45)
[So Jul 26 16:12:16 2026] wlp3s0: associated
[So Jul 26 16:12:23 2026] wlp3s0: Connection to AP b8:ec:a3:dc:73:f5 lost
[So Jul 26 16:20:45 2026] ata1.00: failed command: WRITE FPDMA QUEUED
[So Jul 26 16:20:45 2026] ata1: hard resetting link
[So Jul 26 16:27:35 2026] wlxbcfce7292407: authenticate with b8:ec:a3:dc:73:f5 (local address=bc:fc:e7:29:24:07)
[So Jul 26 16:27:35 2026] wlxbcfce7292407: send auth to b8:ec:a3:dc:73:f5 (try 1/3)
[So Jul 26 16:27:35 2026] wlxbcfce7292407: authenticated
[So Jul 26 16:27:35 2026] wlxbcfce7292407: associate with b8:ec:a3:dc:73:f5 (try 1/3)
[So Jul 26 16:27:35 2026] wlxbcfce7292407: associate with b8:ec:a3:dc:73:f5 (try 2/3)
[So Jul 26 16:27:35 2026] wlxbcfce7292407: associate with b8:ec:a3:dc:73:f5 (try 3/3)
[So Jul 26 16:27:35 2026] wlxbcfce7292407: association with b8:ec:a3:dc:73:f5 timed out
[So Jul 26 16:27:43 2026] wlxbcfce7292407: authenticate with b8:ec:a3:dc:73:f5 (local address=bc:fc:e7:29:24:07)
[So Jul 26 16:27:43 2026] wlxbcfce7292407: send auth to b8:ec:a3:dc:73:f5 (try 1/3)
[So Jul 26 16:27:43 2026] wlxbcfce7292407: authenticated
[So Jul 26 16:27:43 2026] wlxbcfce7292407: associate with b8:ec:a3:dc:73:f5 (try 1/3)
[So Jul 26 16:27:43 2026] wlxbcfce7292407: RX AssocResp from b8:ec:a3:dc:73:f5 (capab=0x411 status=0 aid=40)
[So Jul 26 16:27:43 2026] usb 1-1: rtl8xxxu_bss_info_changed: HT supported
[So Jul 26 16:27:43 2026] wlxbcfce7292407: associated
[So Jul 26 16:31:03 2026] ata1.00: failed command: WRITE FPDMA QUEUED
[So Jul 26 16:31:03 2026] ata1.00: failed command: WRITE FPDMA QUEUED
[So Jul 26 16:31:03 2026] ata1: hard resetting link
[So Jul 26 16:31:07 2026] usbcore: deregistering interface driver rtl8xxxu
[So Jul 26 16:31:07 2026] wlxbcfce7292407: deauthenticating from b8:ec:a3:dc:73:f5 by local choice (Reason: 3=DEAUTH_LEAVING)
[So Jul 26 16:31:07 2026] usb 1-1: Device still attached, trying to reset
[So Jul 26 16:31:07 2026] usb 1-1: reset high-speed USB device number 8 using xhci_hcd
[So Jul 26 16:31:09 2026] iwlwifi 0000:03:00.0: Detected crf-id 0xbadcafe, cnv-id 0x3000000 wfpm id 0x80000000
[So Jul 26 16:31:09 2026] iwlwifi 0000:03:00.0: PCI dev 24f3/0130, rev=0x201, rfid=0xd55555d5
[So Jul 26 16:31:09 2026] iwlwifi 0000:03:00.0: Detected Intel(R) Dual Band Wireless-AC 8260
[So Jul 26 16:31:09 2026] iwlwifi 0000:03:00.0: loaded firmware version 36.c8e8e144.0 8000C-36.ucode op_mode iwlmvm
[So Jul 26 16:31:09 2026] usb 1-1: Dumping efuse for RTL8188EU (0x200 bytes):
[So Jul 26 16:31:09 2026] usb 1-1: RTL8188EU rev D (TSMC) romver 0, 1T1R, TX queues 2, WiFi=1, BT=0, GPS=0, HI PA=0
[So Jul 26 16:31:09 2026] usb 1-1: RTL8188EU MAC: bc:fc:e7:29:24:07
[So Jul 26 16:31:09 2026] usb 1-1: rtl8xxxu: Loading firmware rtlwifi/rtl8188eufw.bin
[So Jul 26 16:31:09 2026] iwlwifi 0000:03:00.0: base HW address: f4:8c:50:23:4a:74, OTP minor version: 0x4
[So Jul 26 16:31:09 2026] ieee80211 phy3: Selected rate control algorithm 'iwl-mvm-rs'
[So Jul 26 16:31:09 2026] iwlwifi 0000:03:00.0 wlp3s0: renamed from wlan0
[So Jul 26 16:31:10 2026] usbcore: registered new interface driver rtl8xxxu
[So Jul 26 16:31:10 2026] rtl8xxxu 1-1:1.0 wlxbcfce7292407: renamed from wlan0
[So Jul 26 16:31:11 2026] wlxbcfce7292407: authenticate with b8:ec:a3:dc:73:f5 (local address=bc:fc:e7:29:24:07)
[So Jul 26 16:31:11 2026] wlxbcfce7292407: send auth to b8:ec:a3:dc:73:f5 (try 1/3)
[So Jul 26 16:31:11 2026] wlxbcfce7292407: authenticated
[So Jul 26 16:31:11 2026] wlxbcfce7292407: associate with b8:ec:a3:dc:73:f5 (try 1/3)
[So Jul 26 16:31:12 2026] wlxbcfce7292407: associate with b8:ec:a3:dc:73:f5 (try 2/3)
[So Jul 26 16:31:12 2026] wlxbcfce7292407: associate with b8:ec:a3:dc:73:f5 (try 3/3)
[So Jul 26 16:31:12 2026] wlxbcfce7292407: association with b8:ec:a3:dc:73:f5 timed out
[So Jul 26 16:31:13 2026] wlxbcfce7292407: authenticate with b8:ec:a3:dc:73:f5 (local address=bc:fc:e7:29:24:07)
[So Jul 26 16:31:13 2026] wlxbcfce7292407: send auth to b8:ec:a3:dc:73:f5 (try 1/3)
[So Jul 26 16:31:13 2026] wlxbcfce7292407: authenticated
[So Jul 26 16:31:13 2026] wlxbcfce7292407: associate with b8:ec:a3:dc:73:f5 (try 1/3)
[So Jul 26 16:31:13 2026] wlxbcfce7292407: associate with b8:ec:a3:dc:73:f5 (try 2/3)
[So Jul 26 16:31:13 2026] wlxbcfce7292407: associate with b8:ec:a3:dc:73:f5 (try 3/3)
[So Jul 26 16:31:14 2026] wlxbcfce7292407: association with b8:ec:a3:dc:73:f5 timed out
[So Jul 26 16:31:21 2026] wlxbcfce7292407: authenticate with b8:ec:a3:dc:73:f5 (local address=bc:fc:e7:29:24:07)
[So Jul 26 16:31:21 2026] wlxbcfce7292407: send auth to b8:ec:a3:dc:73:f5 (try 1/3)
[So Jul 26 16:31:21 2026] wlxbcfce7292407: authenticated
[So Jul 26 16:31:21 2026] wlxbcfce7292407: associate with b8:ec:a3:dc:73:f5 (try 1/3)
[So Jul 26 16:31:21 2026] wlxbcfce7292407: RX AssocResp from b8:ec:a3:dc:73:f5 (capab=0x411 status=0 aid=40)
[So Jul 26 16:31:21 2026] usb 1-1: rtl8xxxu_bss_info_changed: HT supported
[So Jul 26 16:31:21 2026] wlxbcfce7292407: associated
[So Jul 26 16:34:08 2026] wlxbcfce7292407: deauthenticating from b8:ec:a3:dc:73:f5 by local choice (Reason: 3=DEAUTH_LEAVING)
[So Jul 26 16:34:15 2026] usb 1-1: Dumping efuse for RTL8188EU (0x200 bytes):
[So Jul 26 16:34:15 2026] usb 1-1: RTL8188EU rev D (TSMC) romver 0, 1T1R, TX queues 2, WiFi=1, BT=0, GPS=0, HI PA=0
[So Jul 26 16:34:15 2026] usb 1-1: RTL8188EU MAC: bc:fc:e7:29:24:07
[So Jul 26 16:34:15 2026] usb 1-1: rtl8xxxu: Loading firmware rtlwifi/rtl8188eufw.bin
[So Jul 26 16:34:16 2026] rtl8xxxu 1-1:1.0 wlxbcfce7292407: renamed from wlan0
[So Jul 26 16:34:26 2026] wlxbcfce7292407: authenticate with b8:ec:a3:dc:73:f5 (local address=bc:fc:e7:29:24:07)
[So Jul 26 16:34:26 2026] wlxbcfce7292407: send auth to b8:ec:a3:dc:73:f5 (try 1/3)
[So Jul 26 16:34:26 2026] wlxbcfce7292407: authenticated
[So Jul 26 16:34:26 2026] wlxbcfce7292407: associate with b8:ec:a3:dc:73:f5 (try 1/3)
[So Jul 26 16:34:26 2026] wlxbcfce7292407: associate with b8:ec:a3:dc:73:f5 (try 2/3)
[So Jul 26 16:34:27 2026] wlxbcfce7292407: associate with b8:ec:a3:dc:73:f5 (try 3/3)
[So Jul 26 16:34:27 2026] wlxbcfce7292407: association with b8:ec:a3:dc:73:f5 timed out
[So Jul 26 16:34:34 2026] wlxbcfce7292407: authenticate with b8:ec:a3:dc:73:f5 (local address=bc:fc:e7:29:24:07)
[So Jul 26 16:34:34 2026] wlxbcfce7292407: send auth to b8:ec:a3:dc:73:f5 (try 1/3)
[So Jul 26 16:34:34 2026] wlxbcfce7292407: authenticated
[So Jul 26 16:34:34 2026] wlxbcfce7292407: associate with b8:ec:a3:dc:73:f5 (try 1/3)
[So Jul 26 16:34:34 2026] wlxbcfce7292407: RX AssocResp from b8:ec:a3:dc:73:f5 (capab=0x411 status=0 aid=40)
[So Jul 26 16:34:34 2026] usb 1-1: rtl8xxxu_bss_info_changed: HT supported
[So Jul 26 16:34:34 2026] wlxbcfce7292407: associated
[So Jul 26 16:45:57 2026] wlxbcfce7292407: deauthenticating from b8:ec:a3:dc:73:f5 by local choice (Reason: 3=DEAUTH_LEAVING)
[So Jul 26 16:45:58 2026] usb 1-1: Device still attached, trying to reset
[So Jul 26 16:45:58 2026] usb 1-1: reset high-speed USB device number 9 using xhci_hcd
[So Jul 26 16:45:59 2026] usb 1-7: reset high-speed USB device number 5 using xhci_hcd
[So Jul 26 16:45:59 2026] usb 1-2: reset high-speed USB device number 3 using xhci_hcd
[So Jul 26 16:45:59 2026] usb 1-6: reset full-speed USB device number 4 using xhci_hcd
[So Jul 26 16:46:00 2026] usb 1-1: Dumping efuse for RTL8188EU (0x200 bytes):
[So Jul 26 16:46:00 2026] usb 1-1: RTL8188EU rev D (TSMC) romver 0, 1T1R, TX queues 2, WiFi=1, BT=0, GPS=0, HI PA=0
[So Jul 26 16:46:00 2026] usb 1-1: RTL8188EU MAC: bc:fc:e7:29:24:07
[So Jul 26 16:46:00 2026] usb 1-1: rtl8xxxu: Loading firmware rtlwifi/rtl8188eufw.bin
[So Jul 26 16:46:01 2026] rtl8xxxu 1-1:1.0 wlxbcfce7292407: renamed from wlan0
[So Jul 26 16:46:02 2026] wlxbcfce7292407: authenticate with b8:ec:a3:dc:73:f5 (local address=bc:fc:e7:29:24:07)
[So Jul 26 16:46:02 2026] wlxbcfce7292407: send auth to b8:ec:a3:dc:73:f5 (try 1/3)
[So Jul 26 16:46:02 2026] wlxbcfce7292407: authenticated
[So Jul 26 16:46:02 2026] wlxbcfce7292407: associate with b8:ec:a3:dc:73:f5 (try 1/3)
[So Jul 26 16:46:02 2026] wlxbcfce7292407: RX AssocResp from b8:ec:a3:dc:73:f5 (capab=0x411 status=0 aid=46)
[So Jul 26 16:46:02 2026] usb 1-1: rtl8xxxu_bss_info_changed: HT supported
[So Jul 26 16:46:02 2026] wlxbcfce7292407: associated
[So Jul 26 16:49:04 2026] ata1.00: failed command: WRITE FPDMA QUEUED
[So Jul 26 16:49:04 2026] ata1.00: failed command: READ FPDMA QUEUED
[So Jul 26 16:49:04 2026] ata1.00: failed command: WRITE FPDMA QUEUED
[So Jul 26 16:49:04 2026] ata1: hard resetting link
[So Jul 26 16:51:10 2026] ata1.00: failed command: WRITE FPDMA QUEUED
[So Jul 26 16:51:10 2026] ata1.00: failed command: WRITE FPDMA QUEUED
[So Jul 26 16:51:10 2026] ata1.00: failed command: WRITE FPDMA QUEUED
[So Jul 26 16:51:10 2026] ata1.00: failed command: WRITE FPDMA QUEUED
[So Jul 26 16:51:10 2026] ata1: hard resetting link
[So Jul 26 16:55:11 2026] ata1.00: failed command: WRITE FPDMA QUEUED
[So Jul 26 16:55:11 2026] ata1.00: failed command: WRITE FPDMA QUEUED
[So Jul 26 16:55:11 2026] ata1.00: failed command: WRITE FPDMA QUEUED
[So Jul 26 16:55:11 2026] ata1: hard resetting link
[So Jul 26 17:02:36 2026] ata1.00: failed command: WRITE FPDMA QUEUED
[So Jul 26 17:02:36 2026] ata1: hard resetting link
[So Jul 26 17:02:36 2026] ata1.00: failed command: WRITE FPDMA QUEUED
[So Jul 26 17:02:36 2026] ata1: hard resetting link
[So Jul 26 15:53:33 2026] systemd[1]: Listening on systemd-factory-reset.socket - Factory Reset Management.
[So Jul 26 15:53:36 2026] Bluetooth: hci0: Reading supported features failed (-16)
[So Jul 26 16:10:37 2026] cfg80211: Loading compiled-in X.509 certificates for regulatory database
[So Jul 26 16:10:37 2026] usb 1-1: Dumping efuse for RTL8188EU (0x200 bytes):
[So Jul 26 16:10:37 2026] usb 1-1: RTL8188EU rev D (TSMC) romver 0, 1T1R, TX queues 2, WiFi=1, BT=0, GPS=0, HI PA=0
[So Jul 26 16:10:37 2026] usb 1-1: RTL8188EU MAC: bc:fc:e7:29:24:07
[So Jul 26 16:10:37 2026] usb 1-1: rtl8xxxu: Loading firmware rtlwifi/rtl8188eufw.bin
[So Jul 26 16:10:38 2026] usbcore: registered new interface driver rtl8xxxu
[So Jul 26 16:10:38 2026] rtl8xxxu 1-1:1.0 wlxbcfce7292407: renamed from wlan0
[So Jul 26 16:10:43 2026] wlxbcfce7292407: authenticate with b8:ec:a3:dc:73:f5 (local address=bc:fc:e7:29:24:07)
[So Jul 26 16:10:43 2026] wlxbcfce7292407: send auth to b8:ec:a3:dc:73:f5 (try 1/3)
[So Jul 26 16:10:43 2026] wlxbcfce7292407: authenticated
[So Jul 26 16:10:43 2026] wlxbcfce7292407: associate with b8:ec:a3:dc:73:f5 (try 1/3)
[So Jul 26 16:10:43 2026] wlxbcfce7292407: RX AssocResp from b8:ec:a3:dc:73:f5 (capab=0x411 status=0 aid=40)
[So Jul 26 16:10:43 2026] usb 1-1: rtl8xxxu_bss_info_changed: HT supported
[So Jul 26 16:10:43 2026] wlxbcfce7292407: associated
[So Jul 26 16:10:47 2026] iwlwifi 0000:03:00.0: enabling device (0000 -> 0002)
[So Jul 26 16:10:47 2026] iwlwifi 0000:03:00.0: Detected crf-id 0xbadcafe, cnv-id 0x3000000 wfpm id 0x80000000
[So Jul 26 16:10:47 2026] iwlwifi 0000:03:00.0: PCI dev 24f3/0130, rev=0x201, rfid=0xd55555d5
[So Jul 26 16:10:47 2026] iwlwifi 0000:03:00.0: Detected Intel(R) Dual Band Wireless-AC 8260
[So Jul 26 16:10:47 2026] iwlwifi 0000:03:00.0: loaded firmware version 36.c8e8e144.0 8000C-36.ucode op_mode iwlmvm
[So Jul 26 16:10:47 2026] iwlwifi 0000:03:00.0: base HW address: f4:8c:50:23:4a:74, OTP minor version: 0x4
[So Jul 26 16:10:48 2026] ieee80211 phy1: Selected rate control algorithm 'iwl-mvm-rs'
[So Jul 26 16:10:48 2026] iwlwifi 0000:03:00.0 wlp3s0: renamed from wlan0
[So Jul 26 16:11:10 2026] wlxbcfce7292407: deauthenticating from b8:ec:a3:dc:73:f5 by local choice (Reason: 3=DEAUTH_LEAVING)
[So Jul 26 16:11:12 2026] wlxbcfce7292407: authenticate with b8:ec:a3:dc:73:f5 (local address=bc:fc:e7:29:24:07)
[So Jul 26 16:11:12 2026] wlxbcfce7292407: send auth to b8:ec:a3:dc:73:f5 (try 1/3)
[So Jul 26 16:11:12 2026] wlxbcfce7292407: authenticated
[So Jul 26 16:11:12 2026] wlxbcfce7292407: associate with b8:ec:a3:dc:73:f5 (try 1/3)
[So Jul 26 16:11:12 2026] wlxbcfce7292407: RX AssocResp from b8:ec:a3:dc:73:f5 (capab=0x411 status=0 aid=40)
[So Jul 26 16:11:12 2026] usb 1-1: rtl8xxxu_bss_info_changed: HT supported
[So Jul 26 16:11:12 2026] wlxbcfce7292407: associated
[So Jul 26 16:11:15 2026] wlp3s0: authenticate with b8:ec:a3:dc:73:f5 (local address=f4:8c:50:23:4a:74)
[So Jul 26 16:11:15 2026] wlp3s0: send auth to b8:ec:a3:dc:73:f5 (try 1/3)
[So Jul 26 16:11:15 2026] wlp3s0: authenticated
[So Jul 26 16:11:15 2026] wlp3s0: associate with b8:ec:a3:dc:73:f5 (try 1/3)
[So Jul 26 16:11:15 2026] wlp3s0: RX AssocResp from b8:ec:a3:dc:73:f5 (capab=0x411 status=0 aid=45)
[So Jul 26 16:11:15 2026] wlp3s0: associated
[So Jul 26 16:11:29 2026] wlp3s0: authenticate with b8:ec:a3:dc:73:f5 (local address=f4:8c:50:23:4a:74)
[So Jul 26 16:11:29 2026] wlp3s0: send auth to b8:ec:a3:dc:73:f5 (try 1/3)
[So Jul 26 16:11:29 2026] wlp3s0: authenticated
[So Jul 26 16:11:29 2026] wlp3s0: associate with b8:ec:a3:dc:73:f5 (try 1/3)
[So Jul 26 16:11:29 2026] wlp3s0: associate with b8:ec:a3:dc:73:f5 (try 2/3)
[So Jul 26 16:11:29 2026] wlp3s0: associate with b8:ec:a3:dc:73:f5 (try 3/3)
[So Jul 26 16:11:29 2026] wlp3s0: association with b8:ec:a3:dc:73:f5 timed out
[So Jul 26 16:12:16 2026] wlp3s0: authenticate with b8:ec:a3:dc:73:f5 (local address=f4:8c:50:23:4a:74)
[So Jul 26 16:12:16 2026] wlp3s0: send auth to b8:ec:a3:dc:73:f5 (try 1/3)
[So Jul 26 16:12:16 2026] wlp3s0: authenticated
[So Jul 26 16:12:16 2026] wlp3s0: associate with b8:ec:a3:dc:73:f5 (try 1/3)
[So Jul 26 16:12:16 2026] wlp3s0: RX AssocResp from b8:ec:a3:dc:73:f5 (capab=0x411 status=0 aid=45)
[So Jul 26 16:12:16 2026] wlp3s0: associated
[So Jul 26 16:12:23 2026] wlp3s0: Connection to AP b8:ec:a3:dc:73:f5 lost
[So Jul 26 16:20:45 2026] ata1.00: failed command: WRITE FPDMA QUEUED
[So Jul 26 16:20:45 2026] ata1: hard resetting link
[So Jul 26 16:27:35 2026] wlxbcfce7292407: authenticate with b8:ec:a3:dc:73:f5 (local address=bc:fc:e7:29:24:07)
[So Jul 26 16:27:35 2026] wlxbcfce7292407: send auth to b8:ec:a3:dc:73:f5 (try 1/3)
[So Jul 26 16:27:35 2026] wlxbcfce7292407: authenticated
[So Jul 26 16:27:35 2026] wlxbcfce7292407: associate with b8:ec:a3:dc:73:f5 (try 1/3)
[So Jul 26 16:27:35 2026] wlxbcfce7292407: associate with b8:ec:a3:dc:73:f5 (try 2/3)
[So Jul 26 16:27:35 2026] wlxbcfce7292407: associate with b8:ec:a3:dc:73:f5 (try 3/3)
[So Jul 26 16:27:35 2026] wlxbcfce7292407: association with b8:ec:a3:dc:73:f5 timed out
[So Jul 26 16:27:43 2026] wlxbcfce7292407: authenticate with b8:ec:a3:dc:73:f5 (local address=bc:fc:e7:29:24:07)
[So Jul 26 16:27:43 2026] wlxbcfce7292407: send auth to b8:ec:a3:dc:73:f5 (try 1/3)
[So Jul 26 16:27:43 2026] wlxbcfce7292407: authenticated
[So Jul 26 16:27:43 2026] wlxbcfce7292407: associate with b8:ec:a3:dc:73:f5 (try 1/3)
[So Jul 26 16:27:43 2026] wlxbcfce7292407: RX AssocResp from b8:ec:a3:dc:73:f5 (capab=0x411 status=0 aid=40)
[So Jul 26 16:27:43 2026] usb 1-1: rtl8xxxu_bss_info_changed: HT supported
[So Jul 26 16:27:43 2026] wlxbcfce7292407: associated
[So Jul 26 16:31:03 2026] ata1.00: failed command: WRITE FPDMA QUEUED
[So Jul 26 16:31:03 2026] ata1.00: failed command: WRITE FPDMA QUEUED
[So Jul 26 16:31:03 2026] ata1: hard resetting link
[So Jul 26 16:31:07 2026] usbcore: deregistering interface driver rtl8xxxu
[So Jul 26 16:31:07 2026] wlxbcfce7292407: deauthenticating from b8:ec:a3:dc:73:f5 by local choice (Reason: 3=DEAUTH_LEAVING)
[So Jul 26 16:31:07 2026] usb 1-1: Device still attached, trying to reset
[So Jul 26 16:31:07 2026] usb 1-1: reset high-speed USB device number 8 using xhci_hcd
[So Jul 26 16:31:09 2026] iwlwifi 0000:03:00.0: Detected crf-id 0xbadcafe, cnv-id 0x3000000 wfpm id 0x80000000
[So Jul 26 16:31:09 2026] iwlwifi 0000:03:00.0: PCI dev 24f3/0130, rev=0x201, rfid=0xd55555d5
[So Jul 26 16:31:09 2026] iwlwifi 0000:03:00.0: Detected Intel(R) Dual Band Wireless-AC 8260
[So Jul 26 16:31:09 2026] iwlwifi 0000:03:00.0: loaded firmware version 36.c8e8e144.0 8000C-36.ucode op_mode iwlmvm
[So Jul 26 16:31:09 2026] usb 1-1: Dumping efuse for RTL8188EU (0x200 bytes):
[So Jul 26 16:31:09 2026] usb 1-1: RTL8188EU rev D (TSMC) romver 0, 1T1R, TX queues 2, WiFi=1, BT=0, GPS=0, HI PA=0
[So Jul 26 16:31:09 2026] usb 1-1: RTL8188EU MAC: bc:fc:e7:29:24:07
[So Jul 26 16:31:09 2026] usb 1-1: rtl8xxxu: Loading firmware rtlwifi/rtl8188eufw.bin
[So Jul 26 16:31:09 2026] iwlwifi 0000:03:00.0: base HW address: f4:8c:50:23:4a:74, OTP minor version: 0x4
[So Jul 26 16:31:09 2026] ieee80211 phy3: Selected rate control algorithm 'iwl-mvm-rs'
[So Jul 26 16:31:09 2026] iwlwifi 0000:03:00.0 wlp3s0: renamed from wlan0
[So Jul 26 16:31:10 2026] usbcore: registered new interface driver rtl8xxxu
[So Jul 26 16:31:10 2026] rtl8xxxu 1-1:1.0 wlxbcfce7292407: renamed from wlan0
[So Jul 26 16:31:11 2026] wlxbcfce7292407: authenticate with b8:ec:a3:dc:73:f5 (local address=bc:fc:e7:29:24:07)
[So Jul 26 16:31:11 2026] wlxbcfce7292407: send auth to b8:ec:a3:dc:73:f5 (try 1/3)
[So Jul 26 16:31:11 2026] wlxbcfce7292407: authenticated
[So Jul 26 16:31:11 2026] wlxbcfce7292407: associate with b8:ec:a3:dc:73:f5 (try 1/3)
[So Jul 26 16:31:12 2026] wlxbcfce7292407: associate with b8:ec:a3:dc:73:f5 (try 2/3)
[So Jul 26 16:31:12 2026] wlxbcfce7292407: associate with b8:ec:a3:dc:73:f5 (try 3/3)
[So Jul 26 16:31:12 2026] wlxbcfce7292407: association with b8:ec:a3:dc:73:f5 timed out
[So Jul 26 16:31:13 2026] wlxbcfce7292407: authenticate with b8:ec:a3:dc:73:f5 (local address=bc:fc:e7:29:24:07)
[So Jul 26 16:31:13 2026] wlxbcfce7292407: send auth to b8:ec:a3:dc:73:f5 (try 1/3)
[So Jul 26 16:31:13 2026] wlxbcfce7292407: authenticated
[So Jul 26 16:31:13 2026] wlxbcfce7292407: associate with b8:ec:a3:dc:73:f5 (try 1/3)
[So Jul 26 16:31:13 2026] wlxbcfce7292407: associate with b8:ec:a3:dc:73:f5 (try 2/3)
[So Jul 26 16:31:13 2026] wlxbcfce7292407: associate with b8:ec:a3:dc:73:f5 (try 3/3)
[So Jul 26 16:31:14 2026] wlxbcfce7292407: association with b8:ec:a3:dc:73:f5 timed out
[So Jul 26 16:31:21 2026] wlxbcfce7292407: authenticate with b8:ec:a3:dc:73:f5 (local address=bc:fc:e7:29:24:07)
[So Jul 26 16:31:21 2026] wlxbcfce7292407: send auth to b8:ec:a3:dc:73:f5 (try 1/3)
[So Jul 26 16:31:21 2026] wlxbcfce7292407: authenticated
[So Jul 26 16:31:21 2026] wlxbcfce7292407: associate with b8:ec:a3:dc:73:f5 (try 1/3)
[So Jul 26 16:31:21 2026] wlxbcfce7292407: RX AssocResp from b8:ec:a3:dc:73:f5 (capab=0x411 status=0 aid=40)
[So Jul 26 16:31:21 2026] usb 1-1: rtl8xxxu_bss_info_changed: HT supported
[So Jul 26 16:31:21 2026] wlxbcfce7292407: associated
[So Jul 26 16:34:08 2026] wlxbcfce7292407: deauthenticating from b8:ec:a3:dc:73:f5 by local choice (Reason: 3=DEAUTH_LEAVING)
[So Jul 26 16:34:15 2026] usb 1-1: Dumping efuse for RTL8188EU (0x200 bytes):
[So Jul 26 16:34:15 2026] usb 1-1: RTL8188EU rev D (TSMC) romver 0, 1T1R, TX queues 2, WiFi=1, BT=0, GPS=0, HI PA=0
[So Jul 26 16:34:15 2026] usb 1-1: RTL8188EU MAC: bc:fc:e7:29:24:07
[So Jul 26 16:34:15 2026] usb 1-1: rtl8xxxu: Loading firmware rtlwifi/rtl8188eufw.bin
[So Jul 26 16:34:16 2026] rtl8xxxu 1-1:1.0 wlxbcfce7292407: renamed from wlan0
[So Jul 26 16:34:26 2026] wlxbcfce7292407: authenticate with b8:ec:a3:dc:73:f5 (local address=bc:fc:e7:29:24:07)
[So Jul 26 16:34:26 2026] wlxbcfce7292407: send auth to b8:ec:a3:dc:73:f5 (try 1/3)
[So Jul 26 16:34:26 2026] wlxbcfce7292407: authenticated
[So Jul 26 16:34:26 2026] wlxbcfce7292407: associate with b8:ec:a3:dc:73:f5 (try 1/3)
[So Jul 26 16:34:26 2026] wlxbcfce7292407: associate with b8:ec:a3:dc:73:f5 (try 2/3)
[So Jul 26 16:34:27 2026] wlxbcfce7292407: associate with b8:ec:a3:dc:73:f5 (try 3/3)
[So Jul 26 16:34:27 2026] wlxbcfce7292407: association with b8:ec:a3:dc:73:f5 timed out
[So Jul 26 16:34:34 2026] wlxbcfce7292407: authenticate with b8:ec:a3:dc:73:f5 (local address=bc:fc:e7:29:24:07)
[So Jul 26 16:34:34 2026] wlxbcfce7292407: send auth to b8:ec:a3:dc:73:f5 (try 1/3)
[So Jul 26 16:34:34 2026] wlxbcfce7292407: authenticated
[So Jul 26 16:34:34 2026] wlxbcfce7292407: associate with b8:ec:a3:dc:73:f5 (try 1/3)
[So Jul 26 16:34:34 2026] wlxbcfce7292407: RX AssocResp from b8:ec:a3:dc:73:f5 (capab=0x411 status=0 aid=40)
[So Jul 26 16:34:34 2026] usb 1-1: rtl8xxxu_bss_info_changed: HT supported
[So Jul 26 16:34:34 2026] wlxbcfce7292407: associated
[So Jul 26 16:45:57 2026] wlxbcfce7292407: deauthenticating from b8:ec:a3:dc:73:f5 by local choice (Reason: 3=DEAUTH_LEAVING)
[So Jul 26 16:45:58 2026] usb 1-1: Device still attached, trying to reset
[So Jul 26 16:45:58 2026] usb 1-1: reset high-speed USB device number 9 using xhci_hcd
[So Jul 26 16:45:59 2026] usb 1-7: reset high-speed USB device number 5 using xhci_hcd
[So Jul 26 16:45:59 2026] usb 1-2: reset high-speed USB device number 3 using xhci_hcd
[So Jul 26 16:45:59 2026] usb 1-6: reset full-speed USB device number 4 using xhci_hcd
[So Jul 26 16:46:00 2026] usb 1-1: Dumping efuse for RTL8188EU (0x200 bytes):
[So Jul 26 16:46:00 2026] usb 1-1: RTL8188EU rev D (TSMC) romver 0, 1T1R, TX queues 2, WiFi=1, BT=0, GPS=0, HI PA=0
[So Jul 26 16:46:00 2026] usb 1-1: RTL8188EU MAC: bc:fc:e7:29:24:07
[So Jul 26 16:46:00 2026] usb 1-1: rtl8xxxu: Loading firmware rtlwifi/rtl8188eufw.bin
[So Jul 26 16:46:01 2026] rtl8xxxu 1-1:1.0 wlxbcfce7292407: renamed from wlan0
[So Jul 26 16:46:02 2026] wlxbcfce7292407: authenticate with b8:ec:a3:dc:73:f5 (local address=bc:fc:e7:29:24:07)
[So Jul 26 16:46:02 2026] wlxbcfce7292407: send auth to b8:ec:a3:dc:73:f5 (try 1/3)
[So Jul 26 16:46:02 2026] wlxbcfce7292407: authenticated
[So Jul 26 16:46:02 2026] wlxbcfce7292407: associate with b8:ec:a3:dc:73:f5 (try 1/3)
[So Jul 26 16:46:02 2026] wlxbcfce7292407: RX AssocResp from b8:ec:a3:dc:73:f5 (capab=0x411 status=0 aid=46)
[So Jul 26 16:46:02 2026] usb 1-1: rtl8xxxu_bss_info_changed: HT supported
[So Jul 26 16:46:02 2026] wlxbcfce7292407: associated
[So Jul 26 16:49:04 2026] ata1.00: failed command: WRITE FPDMA QUEUED
[So Jul 26 16:49:04 2026] ata1.00: failed command: READ FPDMA QUEUED
[So Jul 26 16:49:04 2026] ata1.00: failed command: WRITE FPDMA QUEUED
[So Jul 26 16:49:04 2026] ata1: hard resetting link
[So Jul 26 16:51:10 2026] ata1.00: failed command: WRITE FPDMA QUEUED
[So Jul 26 16:51:10 2026] ata1.00: failed command: WRITE FPDMA QUEUED
[So Jul 26 16:51:10 2026] ata1.00: failed command: WRITE FPDMA QUEUED
[So Jul 26 16:51:10 2026] ata1.00: failed command: WRITE FPDMA QUEUED
[So Jul 26 16:51:10 2026] ata1: hard resetting link
[So Jul 26 16:55:11 2026] ata1.00: failed command: WRITE FPDMA QUEUED
[So Jul 26 16:55:11 2026] ata1.00: failed command: WRITE FPDMA QUEUED
[So Jul 26 16:55:11 2026] ata1.00: failed command: WRITE FPDMA QUEUED
[So Jul 26 16:55:11 2026] ata1: hard resetting link
[So Jul 26 17:02:36 2026] ata1.00: failed command: WRITE FPDMA QUEUED
[So Jul 26 17:02:36 2026] ata1: hard resetting link
[So Jul 26 17:02:36 2026] ata1.00: failed command: WRITE FPDMA QUEUED
[So Jul 26 17:02:36 2026] ata1: hard resetting link
[So Jul 26 15:53:33 2026] systemd[1]: Listening on systemd-factory-reset.socket - Factory Reset Management.
[So Jul 26 15:53:36 2026] Bluetooth: hci0: Reading supported features failed (-16)
[So Jul 26 16:10:37 2026] cfg80211: Loading compiled-in X.509 certificates for regulatory database
[So Jul 26 16:10:37 2026] usb 1-1: Dumping efuse for RTL8188EU (0x200 bytes):
[So Jul 26 16:10:37 2026] usb 1-1: RTL8188EU rev D (TSMC) romver 0, 1T1R, TX queues 2, WiFi=1, BT=0, GPS=0, HI PA=0
[So Jul 26 16:10:37 2026] usb 1-1: RTL8188EU MAC: bc:fc:e7:29:24:07
[So Jul 26 16:10:37 2026] usb 1-1: rtl8xxxu: Loading firmware rtlwifi/rtl8188eufw.bin
[So Jul 26 16:10:38 2026] usbcore: registered new interface driver rtl8xxxu
[So Jul 26 16:10:38 2026] rtl8xxxu 1-1:1.0 wlxbcfce7292407: renamed from wlan0
[So Jul 26 16:10:43 2026] wlxbcfce7292407: authenticate with b8:ec:a3:dc:73:f5 (local address=bc:fc:e7:29:24:07)
[So Jul 26 16:10:43 2026] wlxbcfce7292407: send auth to b8:ec:a3:dc:73:f5 (try 1/3)
[So Jul 26 16:10:43 2026] wlxbcfce7292407: authenticated
[So Jul 26 16:10:43 2026] wlxbcfce7292407: associate with b8:ec:a3:dc:73:f5 (try 1/3)
[So Jul 26 16:10:43 2026] wlxbcfce7292407: RX AssocResp from b8:ec:a3:dc:73:f5 (capab=0x411 status=0 aid=40)
[So Jul 26 16:10:43 2026] usb 1-1: rtl8xxxu_bss_info_changed: HT supported
[So Jul 26 16:10:43 2026] wlxbcfce7292407: associated
[So Jul 26 16:10:47 2026] iwlwifi 0000:03:00.0: enabling device (0000 -> 0002)
[So Jul 26 16:10:47 2026] iwlwifi 0000:03:00.0: Detected crf-id 0xbadcafe, cnv-id 0x3000000 wfpm id 0x80000000
[So Jul 26 16:10:47 2026] iwlwifi 0000:03:00.0: PCI dev 24f3/0130, rev=0x201, rfid=0xd55555d5
[So Jul 26 16:10:47 2026] iwlwifi 0000:03:00.0: Detected Intel(R) Dual Band Wireless-AC 8260
[So Jul 26 16:10:47 2026] iwlwifi 0000:03:00.0: loaded firmware version 36.c8e8e144.0 8000C-36.ucode op_mode iwlmvm
[So Jul 26 16:10:47 2026] iwlwifi 0000:03:00.0: base HW address: f4:8c:50:23:4a:74, OTP minor version: 0x4
[So Jul 26 16:10:48 2026] ieee80211 phy1: Selected rate control algorithm 'iwl-mvm-rs'
[So Jul 26 16:10:48 2026] iwlwifi 0000:03:00.0 wlp3s0: renamed from wlan0
[So Jul 26 16:11:10 2026] wlxbcfce7292407: deauthenticating from b8:ec:a3:dc:73:f5 by local choice (Reason: 3=DEAUTH_LEAVING)
[So Jul 26 16:11:12 2026] wlxbcfce7292407: authenticate with b8:ec:a3:dc:73:f5 (local address=bc:fc:e7:29:24:07)
[So Jul 26 16:11:12 2026] wlxbcfce7292407: send auth to b8:ec:a3:dc:73:f5 (try 1/3)
[So Jul 26 16:11:12 2026] wlxbcfce7292407: authenticated
[So Jul 26 16:11:12 2026] wlxbcfce7292407: associate with b8:ec:a3:dc:73:f5 (try 1/3)
[So Jul 26 16:11:12 2026] wlxbcfce7292407: RX AssocResp from b8:ec:a3:dc:73:f5 (capab=0x411 status=0 aid=40)
[So Jul 26 16:11:12 2026] usb 1-1: rtl8xxxu_bss_info_changed: HT supported
[So Jul 26 16:11:12 2026] wlxbcfce7292407: associated
[So Jul 26 16:11:15 2026] wlp3s0: authenticate with b8:ec:a3:dc:73:f5 (local address=f4:8c:50:23:4a:74)
[So Jul 26 16:11:15 2026] wlp3s0: send auth to b8:ec:a3:dc:73:f5 (try 1/3)
[So Jul 26 16:11:15 2026] wlp3s0: authenticated
[So Jul 26 16:11:15 2026] wlp3s0: associate with b8:ec:a3:dc:73:f5 (try 1/3)
[So Jul 26 16:11:15 2026] wlp3s0: RX AssocResp from b8:ec:a3:dc:73:f5 (capab=0x411 status=0 aid=45)
[So Jul 26 16:11:15 2026] wlp3s0: associated
[So Jul 26 16:11:29 2026] wlp3s0: authenticate with b8:ec:a3:dc:73:f5 (local address=f4:8c:50:23:4a:74)
[So Jul 26 16:11:29 2026] wlp3s0: send auth to b8:ec:a3:dc:73:f5 (try 1/3)
[So Jul 26 16:11:29 2026] wlp3s0: authenticated
[So Jul 26 16:11:29 2026] wlp3s0: associate with b8:ec:a3:dc:73:f5 (try 1/3)
[So Jul 26 16:11:29 2026] wlp3s0: associate with b8:ec:a3:dc:73:f5 (try 2/3)
[So Jul 26 16:11:29 2026] wlp3s0: associate with b8:ec:a3:dc:73:f5 (try 3/3)
[So Jul 26 16:11:29 2026] wlp3s0: association with b8:ec:a3:dc:73:f5 timed out
[So Jul 26 16:12:16 2026] wlp3s0: authenticate with b8:ec:a3:dc:73:f5 (local address=f4:8c:50:23:4a:74)
[So Jul 26 16:12:16 2026] wlp3s0: send auth to b8:ec:a3:dc:73:f5 (try 1/3)
[So Jul 26 16:12:16 2026] wlp3s0: authenticated
[So Jul 26 16:12:16 2026] wlp3s0: associate with b8:ec:a3:dc:73:f5 (try 1/3)
[So Jul 26 16:12:16 2026] wlp3s0: RX AssocResp from b8:ec:a3:dc:73:f5 (capab=0x411 status=0 aid=45)
[So Jul 26 16:12:16 2026] wlp3s0: associated
[So Jul 26 16:12:23 2026] wlp3s0: Connection to AP b8:ec:a3:dc:73:f5 lost
[So Jul 26 16:20:45 2026] ata1.00: failed command: WRITE FPDMA QUEUED
[So Jul 26 16:20:45 2026] ata1: hard resetting link
[So Jul 26 16:27:35 2026] wlxbcfce7292407: authenticate with b8:ec:a3:dc:73:f5 (local address=bc:fc:e7:29:24:07)
[So Jul 26 16:27:35 2026] wlxbcfce7292407: send auth to b8:ec:a3:dc:73:f5 (try 1/3)
[So Jul 26 16:27:35 2026] wlxbcfce7292407: authenticated
[So Jul 26 16:27:35 2026] wlxbcfce7292407: associate with b8:ec:a3:dc:73:f5 (try 1/3)
[So Jul 26 16:27:35 2026] wlxbcfce7292407: associate with b8:ec:a3:dc:73:f5 (try 2/3)
[So Jul 26 16:27:35 2026] wlxbcfce7292407: associate with b8:ec:a3:dc:73:f5 (try 3/3)
[So Jul 26 16:27:35 2026] wlxbcfce7292407: association with b8:ec:a3:dc:73:f5 timed out
[So Jul 26 16:27:43 2026] wlxbcfce7292407: authenticate with b8:ec:a3:dc:73:f5 (local address=bc:fc:e7:29:24:07)
[So Jul 26 16:27:43 2026] wlxbcfce7292407: send auth to b8:ec:a3:dc:73:f5 (try 1/3)
[So Jul 26 16:27:43 2026] wlxbcfce7292407: authenticated
[So Jul 26 16:27:43 2026] wlxbcfce7292407: associate with b8:ec:a3:dc:73:f5 (try 1/3)
[So Jul 26 16:27:43 2026] wlxbcfce7292407: RX AssocResp from b8:ec:a3:dc:73:f5 (capab=0x411 status=0 aid=40)
[So Jul 26 16:27:43 2026] usb 1-1: rtl8xxxu_bss_info_changed: HT supported
[So Jul 26 16:27:43 2026] wlxbcfce7292407: associated
[So Jul 26 16:31:03 2026] ata1.00: failed command: WRITE FPDMA QUEUED
[So Jul 26 16:31:03 2026] ata1.00: failed command: WRITE FPDMA QUEUED
[So Jul 26 16:31:03 2026] ata1: hard resetting link
[So Jul 26 16:31:07 2026] usbcore: deregistering interface driver rtl8xxxu
[So Jul 26 16:31:07 2026] wlxbcfce7292407: deauthenticating from b8:ec:a3:dc:73:f5 by local choice (Reason: 3=DEAUTH_LEAVING)
[So Jul 26 16:31:07 2026] usb 1-1: Device still attached, trying to reset
[So Jul 26 16:31:07 2026] usb 1-1: reset high-speed USB device number 8 using xhci_hcd
[So Jul 26 16:31:09 2026] iwlwifi 0000:03:00.0: Detected crf-id 0xbadcafe, cnv-id 0x3000000 wfpm id 0x80000000
[So Jul 26 16:31:09 2026] iwlwifi 0000:03:00.0: PCI dev 24f3/0130, rev=0x201, rfid=0xd55555d5
[So Jul 26 16:31:09 2026] iwlwifi 0000:03:00.0: Detected Intel(R) Dual Band Wireless-AC 8260
[So Jul 26 16:31:09 2026] iwlwifi 0000:03:00.0: loaded firmware version 36.c8e8e144.0 8000C-36.ucode op_mode iwlmvm
[So Jul 26 16:31:09 2026] usb 1-1: Dumping efuse for RTL8188EU (0x200 bytes):
[So Jul 26 16:31:09 2026] usb 1-1: RTL8188EU rev D (TSMC) romver 0, 1T1R, TX queues 2, WiFi=1, BT=0, GPS=0, HI PA=0
[So Jul 26 16:31:09 2026] usb 1-1: RTL8188EU MAC: bc:fc:e7:29:24:07
[So Jul 26 16:31:09 2026] usb 1-1: rtl8xxxu: Loading firmware rtlwifi/rtl8188eufw.bin
[So Jul 26 16:31:09 2026] iwlwifi 0000:03:00.0: base HW address: f4:8c:50:23:4a:74, OTP minor version: 0x4
[So Jul 26 16:31:09 2026] ieee80211 phy3: Selected rate control algorithm 'iwl-mvm-rs'
[So Jul 26 16:31:09 2026] iwlwifi 0000:03:00.0 wlp3s0: renamed from wlan0
[So Jul 26 16:31:10 2026] usbcore: registered new interface driver rtl8xxxu
[So Jul 26 16:31:10 2026] rtl8xxxu 1-1:1.0 wlxbcfce7292407: renamed from wlan0
[So Jul 26 16:31:11 2026] wlxbcfce7292407: authenticate with b8:ec:a3:dc:73:f5 (local address=bc:fc:e7:29:24:07)
[So Jul 26 16:31:11 2026] wlxbcfce7292407: send auth to b8:ec:a3:dc:73:f5 (try 1/3)
[So Jul 26 16:31:11 2026] wlxbcfce7292407: authenticated
[So Jul 26 16:31:11 2026] wlxbcfce7292407: associate with b8:ec:a3:dc:73:f5 (try 1/3)
[So Jul 26 16:31:12 2026] wlxbcfce7292407: associate with b8:ec:a3:dc:73:f5 (try 2/3)
[So Jul 26 16:31:12 2026] wlxbcfce7292407: associate with b8:ec:a3:dc:73:f5 (try 3/3)
[So Jul 26 16:31:12 2026] wlxbcfce7292407: association with b8:ec:a3:dc:73:f5 timed out
[So Jul 26 16:31:13 2026] wlxbcfce7292407: authenticate with b8:ec:a3:dc:73:f5 (local address=bc:fc:e7:29:24:07)
[So Jul 26 16:31:13 2026] wlxbcfce7292407: send auth to b8:ec:a3:dc:73:f5 (try 1/3)
[So Jul 26 16:31:13 2026] wlxbcfce7292407: authenticated
[So Jul 26 16:31:13 2026] wlxbcfce7292407: associate with b8:ec:a3:dc:73:f5 (try 1/3)
[So Jul 26 16:31:13 2026] wlxbcfce7292407: associate with b8:ec:a3:dc:73:f5 (try 2/3)
[So Jul 26 16:31:13 2026] wlxbcfce7292407: associate with b8:ec:a3:dc:73:f5 (try 3/3)
[So Jul 26 16:31:14 2026] wlxbcfce7292407: association with b8:ec:a3:dc:73:f5 timed out
[So Jul 26 16:31:21 2026] wlxbcfce7292407: authenticate with b8:ec:a3:dc:73:f5 (local address=bc:fc:e7:29:24:07)
[So Jul 26 16:31:21 2026] wlxbcfce7292407: send auth to b8:ec:a3:dc:73:f5 (try 1/3)
[So Jul 26 16:31:21 2026] wlxbcfce7292407: authenticated
[So Jul 26 16:31:21 2026] wlxbcfce7292407: associate with b8:ec:a3:dc:73:f5 (try 1/3)
[So Jul 26 16:31:21 2026] wlxbcfce7292407: RX AssocResp from b8:ec:a3:dc:73:f5 (capab=0x411 status=0 aid=40)
[So Jul 26 16:31:21 2026] usb 1-1: rtl8xxxu_bss_info_changed: HT supported
[So Jul 26 16:31:21 2026] wlxbcfce7292407: associated
[So Jul 26 16:34:08 2026] wlxbcfce7292407: deauthenticating from b8:ec:a3:dc:73:f5 by local choice (Reason: 3=DEAUTH_LEAVING)
[So Jul 26 16:34:15 2026] usb 1-1: Dumping efuse for RTL8188EU (0x200 bytes):
[So Jul 26 16:34:15 2026] usb 1-1: RTL8188EU rev D (TSMC) romver 0, 1T1R, TX queues 2, WiFi=1, BT=0, GPS=0, HI PA=0
[So Jul 26 16:34:15 2026] usb 1-1: RTL8188EU MAC: bc:fc:e7:29:24:07
[So Jul 26 16:34:15 2026] usb 1-1: rtl8xxxu: Loading firmware rtlwifi/rtl8188eufw.bin
[So Jul 26 16:34:16 2026] rtl8xxxu 1-1:1.0 wlxbcfce7292407: renamed from wlan0
[So Jul 26 16:34:26 2026] wlxbcfce7292407: authenticate with b8:ec:a3:dc:73:f5 (local address=bc:fc:e7:29:24:07)
[So Jul 26 16:34:26 2026] wlxbcfce7292407: send auth to b8:ec:a3:dc:73:f5 (try 1/3)
[So Jul 26 16:34:26 2026] wlxbcfce7292407: authenticated
[So Jul 26 16:34:26 2026] wlxbcfce7292407: associate with b8:ec:a3:dc:73:f5 (try 1/3)
[So Jul 26 16:34:26 2026] wlxbcfce7292407: associate with b8:ec:a3:dc:73:f5 (try 2/3)
[So Jul 26 16:34:27 2026] wlxbcfce7292407: associate with b8:ec:a3:dc:73:f5 (try 3/3)
[So Jul 26 16:34:27 2026] wlxbcfce7292407: association with b8:ec:a3:dc:73:f5 timed out
[So Jul 26 16:34:34 2026] wlxbcfce7292407: authenticate with b8:ec:a3:dc:73:f5 (local address=bc:fc:e7:29:24:07)
[So Jul 26 16:34:34 2026] wlxbcfce7292407: send auth to b8:ec:a3:dc:73:f5 (try 1/3)
[So Jul 26 16:34:34 2026] wlxbcfce7292407: authenticated
[So Jul 26 16:34:34 2026] wlxbcfce7292407: associate with b8:ec:a3:dc:73:f5 (try 1/3)
[So Jul 26 16:34:34 2026] wlxbcfce7292407: RX AssocResp from b8:ec:a3:dc:73:f5 (capab=0x411 status=0 aid=40)
[So Jul 26 16:34:34 2026] usb 1-1: rtl8xxxu_bss_info_changed: HT supported
[So Jul 26 16:34:34 2026] wlxbcfce7292407: associated
[So Jul 26 16:45:57 2026] wlxbcfce7292407: deauthenticating from b8:ec:a3:dc:73:f5 by local choice (Reason: 3=DEAUTH_LEAVING)
[So Jul 26 16:45:58 2026] usb 1-1: Device still attached, trying to reset
[So Jul 26 16:45:58 2026] usb 1-1: reset high-speed USB device number 9 using xhci_hcd
[So Jul 26 16:45:59 2026] usb 1-7: reset high-speed USB device number 5 using xhci_hcd
[So Jul 26 16:45:59 2026] usb 1-2: reset high-speed USB device number 3 using xhci_hcd
[So Jul 26 16:45:59 2026] usb 1-6: reset full-speed USB device number 4 using xhci_hcd
[So Jul 26 16:46:00 2026] usb 1-1: Dumping efuse for RTL8188EU (0x200 bytes):
[So Jul 26 16:46:00 2026] usb 1-1: RTL8188EU rev D (TSMC) romver 0, 1T1R, TX queues 2, WiFi=1, BT=0, GPS=0, HI PA=0
[So Jul 26 16:46:00 2026] usb 1-1: RTL8188EU MAC: bc:fc:e7:29:24:07
[So Jul 26 16:46:00 2026] usb 1-1: rtl8xxxu: Loading firmware rtlwifi/rtl8188eufw.bin
[So Jul 26 16:46:01 2026] rtl8xxxu 1-1:1.0 wlxbcfce7292407: renamed from wlan0
[So Jul 26 16:46:02 2026] wlxbcfce7292407: authenticate with b8:ec:a3:dc:73:f5 (local address=bc:fc:e7:29:24:07)
[So Jul 26 16:46:02 2026] wlxbcfce7292407: send auth to b8:ec:a3:dc:73:f5 (try 1/3)
[So Jul 26 16:46:02 2026] wlxbcfce7292407: authenticated
[So Jul 26 16:46:02 2026] wlxbcfce7292407: associate with b8:ec:a3:dc:73:f5 (try 1/3)
[So Jul 26 16:46:02 2026] wlxbcfce7292407: RX AssocResp from b8:ec:a3:dc:73:f5 (capab=0x411 status=0 aid=46)
[So Jul 26 16:46:02 2026] usb 1-1: rtl8xxxu_bss_info_changed: HT supported
[So Jul 26 16:46:02 2026] wlxbcfce7292407: associated
[So Jul 26 16:49:04 2026] ata1.00: failed command: WRITE FPDMA QUEUED
[So Jul 26 16:49:04 2026] ata1.00: failed command: READ FPDMA QUEUED
[So Jul 26 16:49:04 2026] ata1.00: failed command: WRITE FPDMA QUEUED
[So Jul 26 16:49:04 2026] ata1: hard resetting link
[So Jul 26 16:51:10 2026] ata1.00: failed command: WRITE FPDMA QUEUED
[So Jul 26 16:51:10 2026] ata1.00: failed command: WRITE FPDMA QUEUED
[So Jul 26 16:51:10 2026] ata1.00: failed command: WRITE FPDMA QUEUED
[So Jul 26 16:51:10 2026] ata1.00: failed command: WRITE FPDMA QUEUED
[So Jul 26 16:51:10 2026] ata1: hard resetting link
[So Jul 26 16:55:11 2026] ata1.00: failed command: WRITE FPDMA QUEUED
[So Jul 26 16:55:11 2026] ata1.00: failed command: WRITE FPDMA QUEUED
[So Jul 26 16:55:11 2026] ata1.00: failed command: WRITE FPDMA QUEUED
[So Jul 26 16:55:11 2026] ata1: hard resetting link
[So Jul 26 17:02:36 2026] ata1.00: failed command: WRITE FPDMA QUEUED
[So Jul 26 17:02:36 2026] ata1: hard resetting link
[So Jul 26 17:02:36 2026] ata1.00: failed command: WRITE FPDMA QUEUED
[So Jul 26 17:02:36 2026] ata1: hard resetting link
[So Jul 26 15:53:33 2026] systemd[1]: Listening on systemd-factory-reset.socket - Factory Reset Management.
[So Jul 26 15:53:36 2026] Bluetooth: hci0: Reading supported features failed (-16)
[So Jul 26 16:10:37 2026] cfg80211: Loading compiled-in X.509 certificates for regulatory database
[So Jul 26 16:10:37 2026] usb 1-1: Dumping efuse for RTL8188EU (0x200 bytes):
[So Jul 26 16:10:37 2026] usb 1-1: RTL8188EU rev D (TSMC) romver 0, 1T1R, TX queues 2, WiFi=1, BT=0, GPS=0, HI PA=0
[So Jul 26 16:10:37 2026] usb 1-1: RTL8188EU MAC: bc:fc:e7:29:24:07
[So Jul 26 16:10:37 2026] usb 1-1: rtl8xxxu: Loading firmware rtlwifi/rtl8188eufw.bin
[So Jul 26 16:10:38 2026] usbcore: registered new interface driver rtl8xxxu
[So Jul 26 16:10:38 2026] rtl8xxxu 1-1:1.0 wlxbcfce7292407: renamed from wlan0
[So Jul 26 16:10:43 2026] wlxbcfce7292407: authenticate with b8:ec:a3:dc:73:f5 (local address=bc:fc:e7:29:24:07)
[So Jul 26 16:10:43 2026] wlxbcfce7292407: send auth to b8:ec:a3:dc:73:f5 (try 1/3)
[So Jul 26 16:10:43 2026] wlxbcfce7292407: authenticated
[So Jul 26 16:10:43 2026] wlxbcfce7292407: associate with b8:ec:a3:dc:73:f5 (try 1/3)
[So Jul 26 16:10:43 2026] wlxbcfce7292407: RX AssocResp from b8:ec:a3:dc:73:f5 (capab=0x411 status=0 aid=40)
[So Jul 26 16:10:43 2026] usb 1-1: rtl8xxxu_bss_info_changed: HT supported
[So Jul 26 16:10:43 2026] wlxbcfce7292407: associated
[So Jul 26 16:10:47 2026] iwlwifi 0000:03:00.0: enabling device (0000 -> 0002)
[So Jul 26 16:10:47 2026] iwlwifi 0000:03:00.0: Detected crf-id 0xbadcafe, cnv-id 0x3000000 wfpm id 0x80000000
[So Jul 26 16:10:47 2026] iwlwifi 0000:03:00.0: PCI dev 24f3/0130, rev=0x201, rfid=0xd55555d5
[So Jul 26 16:10:47 2026] iwlwifi 0000:03:00.0: Detected Intel(R) Dual Band Wireless-AC 8260
[So Jul 26 16:10:47 2026] iwlwifi 0000:03:00.0: loaded firmware version 36.c8e8e144.0 8000C-36.ucode op_mode iwlmvm
[So Jul 26 16:10:47 2026] iwlwifi 0000:03:00.0: base HW address: f4:8c:50:23:4a:74, OTP minor version: 0x4
[So Jul 26 16:10:48 2026] ieee80211 phy1: Selected rate control algorithm 'iwl-mvm-rs'
[So Jul 26 16:10:48 2026] iwlwifi 0000:03:00.0 wlp3s0: renamed from wlan0
[So Jul 26 16:11:10 2026] wlxbcfce7292407: deauthenticating from b8:ec:a3:dc:73:f5 by local choice (Reason: 3=DEAUTH_LEAVING)
[So Jul 26 16:11:12 2026] wlxbcfce7292407: authenticate with b8:ec:a3:dc:73:f5 (local address=bc:fc:e7:29:24:07)
[So Jul 26 16:11:12 2026] wlxbcfce7292407: send auth to b8:ec:a3:dc:73:f5 (try 1/3)
[So Jul 26 16:11:12 2026] wlxbcfce7292407: authenticated
[So Jul 26 16:11:12 2026] wlxbcfce7292407: associate with b8:ec:a3:dc:73:f5 (try 1/3)
[So Jul 26 16:11:12 2026] wlxbcfce7292407: RX AssocResp from b8:ec:a3:dc:73:f5 (capab=0x411 status=0 aid=40)
[So Jul 26 16:11:12 2026] usb 1-1: rtl8xxxu_bss_info_changed: HT supported
[So Jul 26 16:11:12 2026] wlxbcfce7292407: associated
[So Jul 26 16:11:15 2026] wlp3s0: authenticate with b8:ec:a3:dc:73:f5 (local address=f4:8c:50:23:4a:74)
[So Jul 26 16:11:15 2026] wlp3s0: send auth to b8:ec:a3:dc:73:f5 (try 1/3)
[So Jul 26 16:11:15 2026] wlp3s0: authenticated
[So Jul 26 16:11:15 2026] wlp3s0: associate with b8:ec:a3:dc:73:f5 (try 1/3)
[So Jul 26 16:11:15 2026] wlp3s0: RX AssocResp from b8:ec:a3:dc:73:f5 (capab=0x411 status=0 aid=45)
[So Jul 26 16:11:15 2026] wlp3s0: associated
[So Jul 26 16:11:29 2026] wlp3s0: authenticate with b8:ec:a3:dc:73:f5 (local address=f4:8c:50:23:4a:74)
[So Jul 26 16:11:29 2026] wlp3s0: send auth to b8:ec:a3:dc:73:f5 (try 1/3)
[So Jul 26 16:11:29 2026] wlp3s0: authenticated
[So Jul 26 16:11:29 2026] wlp3s0: associate with b8:ec:a3:dc:73:f5 (try 1/3)
[So Jul 26 16:11:29 2026] wlp3s0: associate with b8:ec:a3:dc:73:f5 (try 2/3)
[So Jul 26 16:11:29 2026] wlp3s0: associate with b8:ec:a3:dc:73:f5 (try 3/3)
[So Jul 26 16:11:29 2026] wlp3s0: association with b8:ec:a3:dc:73:f5 timed out
[So Jul 26 16:12:16 2026] wlp3s0: authenticate with b8:ec:a3:dc:73:f5 (local address=f4:8c:50:23:4a:74)
[So Jul 26 16:12:16 2026] wlp3s0: send auth to b8:ec:a3:dc:73:f5 (try 1/3)
[So Jul 26 16:12:16 2026] wlp3s0: authenticated
[So Jul 26 16:12:16 2026] wlp3s0: associate with b8:ec:a3:dc:73:f5 (try 1/3)
[So Jul 26 16:12:16 2026] wlp3s0: RX AssocResp from b8:ec:a3:dc:73:f5 (capab=0x411 status=0 aid=45)
[So Jul 26 16:12:16 2026] wlp3s0: associated
[So Jul 26 16:12:23 2026] wlp3s0: Connection to AP b8:ec:a3:dc:73:f5 lost
[So Jul 26 16:20:45 2026] ata1.00: failed command: WRITE FPDMA QUEUED
[So Jul 26 16:20:45 2026] ata1: hard resetting link
[So Jul 26 16:27:35 2026] wlxbcfce7292407: authenticate with b8:ec:a3:dc:73:f5 (local address=bc:fc:e7:29:24:07)
[So Jul 26 16:27:35 2026] wlxbcfce7292407: send auth to b8:ec:a3:dc:73:f5 (try 1/3)
[So Jul 26 16:27:35 2026] wlxbcfce7292407: authenticated
[So Jul 26 16:27:35 2026] wlxbcfce7292407: associate with b8:ec:a3:dc:73:f5 (try 1/3)
[So Jul 26 16:27:35 2026] wlxbcfce7292407: associate with b8:ec:a3:dc:73:f5 (try 2/3)
[So Jul 26 16:27:35 2026] wlxbcfce7292407: associate with b8:ec:a3:dc:73:f5 (try 3/3)
[So Jul 26 16:27:35 2026] wlxbcfce7292407: association with b8:ec:a3:dc:73:f5 timed out
[So Jul 26 16:27:43 2026] wlxbcfce7292407: authenticate with b8:ec:a3:dc:73:f5 (local address=bc:fc:e7:29:24:07)
[So Jul 26 16:27:43 2026] wlxbcfce7292407: send auth to b8:ec:a3:dc:73:f5 (try 1/3)
[So Jul 26 16:27:43 2026] wlxbcfce7292407: authenticated
[So Jul 26 16:27:43 2026] wlxbcfce7292407: associate with b8:ec:a3:dc:73:f5 (try 1/3)
[So Jul 26 16:27:43 2026] wlxbcfce7292407: RX AssocResp from b8:ec:a3:dc:73:f5 (capab=0x411 status=0 aid=40)
[So Jul 26 16:27:43 2026] usb 1-1: rtl8xxxu_bss_info_changed: HT supported
[So Jul 26 16:27:43 2026] wlxbcfce7292407: associated
[So Jul 26 16:31:03 2026] ata1.00: failed command: WRITE FPDMA QUEUED
[So Jul 26 16:31:03 2026] ata1.00: failed command: WRITE FPDMA QUEUED
[So Jul 26 16:31:03 2026] ata1: hard resetting link
[So Jul 26 16:31:07 2026] usbcore: deregistering interface driver rtl8xxxu
[So Jul 26 16:31:07 2026] wlxbcfce7292407: deauthenticating from b8:ec:a3:dc:73:f5 by local choice (Reason: 3=DEAUTH_LEAVING)
[So Jul 26 16:31:07 2026] usb 1-1: Device still attached, trying to reset
[So Jul 26 16:31:07 2026] usb 1-1: reset high-speed USB device number 8 using xhci_hcd
[So Jul 26 16:31:09 2026] iwlwifi 0000:03:00.0: Detected crf-id 0xbadcafe, cnv-id 0x3000000 wfpm id 0x80000000
[So Jul 26 16:31:09 2026] iwlwifi 0000:03:00.0: PCI dev 24f3/0130, rev=0x201, rfid=0xd55555d5
[So Jul 26 16:31:09 2026] iwlwifi 0000:03:00.0: Detected Intel(R) Dual Band Wireless-AC 8260
[So Jul 26 16:31:09 2026] iwlwifi 0000:03:00.0: loaded firmware version 36.c8e8e144.0 8000C-36.ucode op_mode iwlmvm
[So Jul 26 16:31:09 2026] usb 1-1: Dumping efuse for RTL8188EU (0x200 bytes):
[So Jul 26 16:31:09 2026] usb 1-1: RTL8188EU rev D (TSMC) romver 0, 1T1R, TX queues 2, WiFi=1, BT=0, GPS=0, HI PA=0
[So Jul 26 16:31:09 2026] usb 1-1: RTL8188EU MAC: bc:fc:e7:29:24:07
[So Jul 26 16:31:09 2026] usb 1-1: rtl8xxxu: Loading firmware rtlwifi/rtl8188eufw.bin
[So Jul 26 16:31:09 2026] iwlwifi 0000:03:00.0: base HW address: f4:8c:50:23:4a:74, OTP minor version: 0x4
[So Jul 26 16:31:09 2026] ieee80211 phy3: Selected rate control algorithm 'iwl-mvm-rs'
[So Jul 26 16:31:09 2026] iwlwifi 0000:03:00.0 wlp3s0: renamed from wlan0
[So Jul 26 16:31:10 2026] usbcore: registered new interface driver rtl8xxxu
[So Jul 26 16:31:10 2026] rtl8xxxu 1-1:1.0 wlxbcfce7292407: renamed from wlan0
[So Jul 26 16:31:11 2026] wlxbcfce7292407: authenticate with b8:ec:a3:dc:73:f5 (local address=bc:fc:e7:29:24:07)
[So Jul 26 16:31:11 2026] wlxbcfce7292407: send auth to b8:ec:a3:dc:73:f5 (try 1/3)
[So Jul 26 16:31:11 2026] wlxbcfce7292407: authenticated
[So Jul 26 16:31:11 2026] wlxbcfce7292407: associate with b8:ec:a3:dc:73:f5 (try 1/3)
[So Jul 26 16:31:12 2026] wlxbcfce7292407: associate with b8:ec:a3:dc:73:f5 (try 2/3)
[So Jul 26 16:31:12 2026] wlxbcfce7292407: associate with b8:ec:a3:dc:73:f5 (try 3/3)
[So Jul 26 16:31:12 2026] wlxbcfce7292407: association with b8:ec:a3:dc:73:f5 timed out
[So Jul 26 16:31:13 2026] wlxbcfce7292407: authenticate with b8:ec:a3:dc:73:f5 (local address=bc:fc:e7:29:24:07)
[So Jul 26 16:31:13 2026] wlxbcfce7292407: send auth to b8:ec:a3:dc:73:f5 (try 1/3)
[So Jul 26 16:31:13 2026] wlxbcfce7292407: authenticated
[So Jul 26 16:31:13 2026] wlxbcfce7292407: associate with b8:ec:a3:dc:73:f5 (try 1/3)
[So Jul 26 16:31:13 2026] wlxbcfce7292407: associate with b8:ec:a3:dc:73:f5 (try 2/3)
[So Jul 26 16:31:13 2026] wlxbcfce7292407: associate with b8:ec:a3:dc:73:f5 (try 3/3)
[So Jul 26 16:31:14 2026] wlxbcfce7292407: association with b8:ec:a3:dc:73:f5 timed out
[So Jul 26 16:31:21 2026] wlxbcfce7292407: authenticate with b8:ec:a3:dc:73:f5 (local address=bc:fc:e7:29:24:07)
[So Jul 26 16:31:21 2026] wlxbcfce7292407: send auth to b8:ec:a3:dc:73:f5 (try 1/3)
[So Jul 26 16:31:21 2026] wlxbcfce7292407: authenticated
[So Jul 26 16:31:21 2026] wlxbcfce7292407: associate with b8:ec:a3:dc:73:f5 (try 1/3)
[So Jul 26 16:31:21 2026] wlxbcfce7292407: RX AssocResp from b8:ec:a3:dc:73:f5 (capab=0x411 status=0 aid=40)
[So Jul 26 16:31:21 2026] usb 1-1: rtl8xxxu_bss_info_changed: HT supported
[So Jul 26 16:31:21 2026] wlxbcfce7292407: associated
[So Jul 26 16:34:08 2026] wlxbcfce7292407: deauthenticating from b8:ec:a3:dc:73:f5 by local choice (Reason: 3=DEAUTH_LEAVING)
[So Jul 26 16:34:15 2026] usb 1-1: Dumping efuse for RTL8188EU (0x200 bytes):
[So Jul 26 16:34:15 2026] usb 1-1: RTL8188EU rev D (TSMC) romver 0, 1T1R, TX queues 2, WiFi=1, BT=0, GPS=0, HI PA=0
[So Jul 26 16:34:15 2026] usb 1-1: RTL8188EU MAC: bc:fc:e7:29:24:07
[So Jul 26 16:34:15 2026] usb 1-1: rtl8xxxu: Loading firmware rtlwifi/rtl8188eufw.bin
[So Jul 26 16:34:16 2026] rtl8xxxu 1-1:1.0 wlxbcfce7292407: renamed from wlan0
[So Jul 26 16:34:26 2026] wlxbcfce7292407: authenticate with b8:ec:a3:dc:73:f5 (local address=bc:fc:e7:29:24:07)
[So Jul 26 16:34:26 2026] wlxbcfce7292407: send auth to b8:ec:a3:dc:73:f5 (try 1/3)
[So Jul 26 16:34:26 2026] wlxbcfce7292407: authenticated
[So Jul 26 16:34:26 2026] wlxbcfce7292407: associate with b8:ec:a3:dc:73:f5 (try 1/3)
[So Jul 26 16:34:26 2026] wlxbcfce7292407: associate with b8:ec:a3:dc:73:f5 (try 2/3)
[So Jul 26 16:34:27 2026] wlxbcfce7292407: associate with b8:ec:a3:dc:73:f5 (try 3/3)
[So Jul 26 16:34:27 2026] wlxbcfce7292407: association with b8:ec:a3:dc:73:f5 timed out
[So Jul 26 16:34:34 2026] wlxbcfce7292407: authenticate with b8:ec:a3:dc:73:f5 (local address=bc:fc:e7:29:24:07)
[So Jul 26 16:34:34 2026] wlxbcfce7292407: send auth to b8:ec:a3:dc:73:f5 (try 1/3)
[So Jul 26 16:34:34 2026] wlxbcfce7292407: authenticated
[So Jul 26 16:34:34 2026] wlxbcfce7292407: associate with b8:ec:a3:dc:73:f5 (try 1/3)
[So Jul 26 16:34:34 2026] wlxbcfce7292407: RX AssocResp from b8:ec:a3:dc:73:f5 (capab=0x411 status=0 aid=40)
[So Jul 26 16:34:34 2026] usb 1-1: rtl8xxxu_bss_info_changed: HT supported
[So Jul 26 16:34:34 2026] wlxbcfce7292407: associated
[So Jul 26 16:45:57 2026] wlxbcfce7292407: deauthenticating from b8:ec:a3:dc:73:f5 by local choice (Reason: 3=DEAUTH_LEAVING)
[So Jul 26 16:45:58 2026] usb 1-1: Device still attached, trying to reset
[So Jul 26 16:45:58 2026] usb 1-1: reset high-speed USB device number 9 using xhci_hcd
[So Jul 26 16:45:59 2026] usb 1-7: reset high-speed USB device number 5 using xhci_hcd
[So Jul 26 16:45:59 2026] usb 1-2: reset high-speed USB device number 3 using xhci_hcd
[So Jul 26 16:45:59 2026] usb 1-6: reset full-speed USB device number 4 using xhci_hcd
[So Jul 26 16:46:00 2026] usb 1-1: Dumping efuse for RTL8188EU (0x200 bytes):
[So Jul 26 16:46:00 2026] usb 1-1: RTL8188EU rev D (TSMC) romver 0, 1T1R, TX queues 2, WiFi=1, BT=0, GPS=0, HI PA=0
[So Jul 26 16:46:00 2026] usb 1-1: RTL8188EU MAC: bc:fc:e7:29:24:07
[So Jul 26 16:46:00 2026] usb 1-1: rtl8xxxu: Loading firmware rtlwifi/rtl8188eufw.bin
[So Jul 26 16:46:01 2026] rtl8xxxu 1-1:1.0 wlxbcfce7292407: renamed from wlan0
[So Jul 26 16:46:02 2026] wlxbcfce7292407: authenticate with b8:ec:a3:dc:73:f5 (local address=bc:fc:e7:29:24:07)
[So Jul 26 16:46:02 2026] wlxbcfce7292407: send auth to b8:ec:a3:dc:73:f5 (try 1/3)
[So Jul 26 16:46:02 2026] wlxbcfce7292407: authenticated
[So Jul 26 16:46:02 2026] wlxbcfce7292407: associate with b8:ec:a3:dc:73:f5 (try 1/3)
[So Jul 26 16:46:02 2026] wlxbcfce7292407: RX AssocResp from b8:ec:a3:dc:73:f5 (capab=0x411 status=0 aid=46)
[So Jul 26 16:46:02 2026] usb 1-1: rtl8xxxu_bss_info_changed: HT supported
[So Jul 26 16:46:02 2026] wlxbcfce7292407: associated
[So Jul 26 16:49:04 2026] ata1.00: failed command: WRITE FPDMA QUEUED
[So Jul 26 16:49:04 2026] ata1.00: failed command: READ FPDMA QUEUED
[So Jul 26 16:49:04 2026] ata1.00: failed command: WRITE FPDMA QUEUED
[So Jul 26 16:49:04 2026] ata1: hard resetting link
[So Jul 26 16:51:10 2026] ata1.00: failed command: WRITE FPDMA QUEUED
[So Jul 26 16:51:10 2026] ata1.00: failed command: WRITE FPDMA QUEUED
[So Jul 26 16:51:10 2026] ata1.00: failed command: WRITE FPDMA QUEUED
[So Jul 26 16:51:10 2026] ata1.00: failed command: WRITE FPDMA QUEUED
[So Jul 26 16:51:10 2026] ata1: hard resetting link
[So Jul 26 16:55:11 2026] ata1.00: failed command: WRITE FPDMA QUEUED
[So Jul 26 16:55:11 2026] ata1.00: failed command: WRITE FPDMA QUEUED
[So Jul 26 16:55:11 2026] ata1.00: failed command: WRITE FPDMA QUEUED
[So Jul 26 16:55:11 2026] ata1: hard resetting link
[So Jul 26 17:02:36 2026] ata1.00: failed command: WRITE FPDMA QUEUED
[So Jul 26 17:02:36 2026] ata1: hard resetting link
[So Jul 26 17:02:36 2026] ata1.00: failed command: WRITE FPDMA QUEUED
[So Jul 26 17:02:36 2026] ata1: hard resetting link
[So Jul 26 15:53:33 2026] systemd[1]: Listening on systemd-factory-reset.socket - Factory Reset Management.
[So Jul 26 15:53:36 2026] Bluetooth: hci0: Reading supported features failed (-16)
[So Jul 26 16:10:37 2026] cfg80211: Loading compiled-in X.509 certificates for regulatory database
[So Jul 26 16:10:37 2026] usb 1-1: Dumping efuse for RTL8188EU (0x200 bytes):
[So Jul 26 16:10:37 2026] usb 1-1: RTL8188EU rev D (TSMC) romver 0, 1T1R, TX queues 2, WiFi=1, BT=0, GPS=0, HI PA=0
[So Jul 26 16:10:37 2026] usb 1-1: RTL8188EU MAC: bc:fc:e7:29:24:07
[So Jul 26 16:10:37 2026] usb 1-1: rtl8xxxu: Loading firmware rtlwifi/rtl8188eufw.bin
[So Jul 26 16:10:38 2026] usbcore: registered new interface driver rtl8xxxu
[So Jul 26 16:10:38 2026] rtl8xxxu 1-1:1.0 wlxbcfce7292407: renamed from wlan0
[So Jul 26 16:10:43 2026] wlxbcfce7292407: authenticate with b8:ec:a3:dc:73:f5 (local address=bc:fc:e7:29:24:07)
[So Jul 26 16:10:43 2026] wlxbcfce7292407: send auth to b8:ec:a3:dc:73:f5 (try 1/3)
[So Jul 26 16:10:43 2026] wlxbcfce7292407: authenticated
[So Jul 26 16:10:43 2026] wlxbcfce7292407: associate with b8:ec:a3:dc:73:f5 (try 1/3)
[So Jul 26 16:10:43 2026] wlxbcfce7292407: RX AssocResp from b8:ec:a3:dc:73:f5 (capab=0x411 status=0 aid=40)
[So Jul 26 16:10:43 2026] usb 1-1: rtl8xxxu_bss_info_changed: HT supported
[So Jul 26 16:10:43 2026] wlxbcfce7292407: associated
[So Jul 26 16:10:47 2026] iwlwifi 0000:03:00.0: enabling device (0000 -> 0002)
[So Jul 26 16:10:47 2026] iwlwifi 0000:03:00.0: Detected crf-id 0xbadcafe, cnv-id 0x3000000 wfpm id 0x80000000
[So Jul 26 16:10:47 2026] iwlwifi 0000:03:00.0: PCI dev 24f3/0130, rev=0x201, rfid=0xd55555d5
[So Jul 26 16:10:47 2026] iwlwifi 0000:03:00.0: Detected Intel(R) Dual Band Wireless-AC 8260
[So Jul 26 16:10:47 2026] iwlwifi 0000:03:00.0: loaded firmware version 36.c8e8e144.0 8000C-36.ucode op_mode iwlmvm
[So Jul 26 16:10:47 2026] iwlwifi 0000:03:00.0: base HW address: f4:8c:50:23:4a:74, OTP minor version: 0x4
[So Jul 26 16:10:48 2026] ieee80211 phy1: Selected rate control algorithm 'iwl-mvm-rs'
[So Jul 26 16:10:48 2026] iwlwifi 0000:03:00.0 wlp3s0: renamed from wlan0
[So Jul 26 16:11:10 2026] wlxbcfce7292407: deauthenticating from b8:ec:a3:dc:73:f5 by local choice (Reason: 3=DEAUTH_LEAVING)
[So Jul 26 16:11:12 2026] wlxbcfce7292407: authenticate with b8:ec:a3:dc:73:f5 (local address=bc:fc:e7:29:24:07)
[So Jul 26 16:11:12 2026] wlxbcfce7292407: send auth to b8:ec:a3:dc:73:f5 (try 1/3)
[So Jul 26 16:11:12 2026] wlxbcfce7292407: authenticated
[So Jul 26 16:11:12 2026] wlxbcfce7292407: associate with b8:ec:a3:dc:73:f5 (try 1/3)
[So Jul 26 16:11:12 2026] wlxbcfce7292407: RX AssocResp from b8:ec:a3:dc:73:f5 (capab=0x411 status=0 aid=40)
[So Jul 26 16:11:12 2026] usb 1-1: rtl8xxxu_bss_info_changed: HT supported
[So Jul 26 16:11:12 2026] wlxbcfce7292407: associated
[So Jul 26 16:11:15 2026] wlp3s0: authenticate with b8:ec:a3:dc:73:f5 (local address=f4:8c:50:23:4a:74)
[So Jul 26 16:11:15 2026] wlp3s0: send auth to b8:ec:a3:dc:73:f5 (try 1/3)
[So Jul 26 16:11:15 2026] wlp3s0: authenticated
[So Jul 26 16:11:15 2026] wlp3s0: associate with b8:ec:a3:dc:73:f5 (try 1/3)
[So Jul 26 16:11:15 2026] wlp3s0: RX AssocResp from b8:ec:a3:dc:73:f5 (capab=0x411 status=0 aid=45)
[So Jul 26 16:11:15 2026] wlp3s0: associated
[So Jul 26 16:11:29 2026] wlp3s0: authenticate with b8:ec:a3:dc:73:f5 (local address=f4:8c:50:23:4a:74)
[So Jul 26 16:11:29 2026] wlp3s0: send auth to b8:ec:a3:dc:73:f5 (try 1/3)
[So Jul 26 16:11:29 2026] wlp3s0: authenticated
[So Jul 26 16:11:29 2026] wlp3s0: associate with b8:ec:a3:dc:73:f5 (try 1/3)
[So Jul 26 16:11:29 2026] wlp3s0: associate with b8:ec:a3:dc:73:f5 (try 2/3)
[So Jul 26 16:11:29 2026] wlp3s0: associate with b8:ec:a3:dc:73:f5 (try 3/3)
[So Jul 26 16:11:29 2026] wlp3s0: association with b8:ec:a3:dc:73:f5 timed out
[So Jul 26 16:12:16 2026] wlp3s0: authenticate with b8:ec:a3:dc:73:f5 (local address=f4:8c:50:23:4a:74)
[So Jul 26 16:12:16 2026] wlp3s0: send auth to b8:ec:a3:dc:73:f5 (try 1/3)
[So Jul 26 16:12:16 2026] wlp3s0: authenticated
[So Jul 26 16:12:16 2026] wlp3s0: associate with b8:ec:a3:dc:73:f5 (try 1/3)
[So Jul 26 16:12:16 2026] wlp3s0: RX AssocResp from b8:ec:a3:dc:73:f5 (capab=0x411 status=0 aid=45)
[So Jul 26 16:12:16 2026] wlp3s0: associated
[So Jul 26 16:12:23 2026] wlp3s0: Connection to AP b8:ec:a3:dc:73:f5 lost
[So Jul 26 16:20:45 2026] ata1.00: failed command: WRITE FPDMA QUEUED
[So Jul 26 16:20:45 2026] ata1: hard resetting link
[So Jul 26 16:27:35 2026] wlxbcfce7292407: authenticate with b8:ec:a3:dc:73:f5 (local address=bc:fc:e7:29:24:07)
[So Jul 26 16:27:35 2026] wlxbcfce7292407: send auth to b8:ec:a3:dc:73:f5 (try 1/3)
[So Jul 26 16:27:35 2026] wlxbcfce7292407: authenticated
[So Jul 26 16:27:35 2026] wlxbcfce7292407: associate with b8:ec:a3:dc:73:f5 (try 1/3)
[So Jul 26 16:27:35 2026] wlxbcfce7292407: associate with b8:ec:a3:dc:73:f5 (try 2/3)
[So Jul 26 16:27:35 2026] wlxbcfce7292407: associate with b8:ec:a3:dc:73:f5 (try 3/3)
[So Jul 26 16:27:35 2026] wlxbcfce7292407: association with b8:ec:a3:dc:73:f5 timed out
[So Jul 26 16:27:43 2026] wlxbcfce7292407: authenticate with b8:ec:a3:dc:73:f5 (local address=bc:fc:e7:29:24:07)
[So Jul 26 16:27:43 2026] wlxbcfce7292407: send auth to b8:ec:a3:dc:73:f5 (try 1/3)
[So Jul 26 16:27:43 2026] wlxbcfce7292407: authenticated
[So Jul 26 16:27:43 2026] wlxbcfce7292407: associate with b8:ec:a3:dc:73:f5 (try 1/3)
[So Jul 26 16:27:43 2026] wlxbcfce7292407: RX AssocResp from b8:ec:a3:dc:73:f5 (capab=0x411 status=0 aid=40)
[So Jul 26 16:27:43 2026] usb 1-1: rtl8xxxu_bss_info_changed: HT supported
[So Jul 26 16:27:43 2026] wlxbcfce7292407: associated
[So Jul 26 16:31:03 2026] ata1.00: failed command: WRITE FPDMA QUEUED
[So Jul 26 16:31:03 2026] ata1.00: failed command: WRITE FPDMA QUEUED
[So Jul 26 16:31:03 2026] ata1: hard resetting link
[So Jul 26 16:31:07 2026] usbcore: deregistering interface driver rtl8xxxu
[So Jul 26 16:31:07 2026] wlxbcfce7292407: deauthenticating from b8:ec:a3:dc:73:f5 by local choice (Reason: 3=DEAUTH_LEAVING)
[So Jul 26 16:31:07 2026] usb 1-1: Device still attached, trying to reset
[So Jul 26 16:31:07 2026] usb 1-1: reset high-speed USB device number 8 using xhci_hcd
[So Jul 26 16:31:09 2026] iwlwifi 0000:03:00.0: Detected crf-id 0xbadcafe, cnv-id 0x3000000 wfpm id 0x80000000
[So Jul 26 16:31:09 2026] iwlwifi 0000:03:00.0: PCI dev 24f3/0130, rev=0x201, rfid=0xd55555d5
[So Jul 26 16:31:09 2026] iwlwifi 0000:03:00.0: Detected Intel(R) Dual Band Wireless-AC 8260
[So Jul 26 16:31:09 2026] iwlwifi 0000:03:00.0: loaded firmware version 36.c8e8e144.0 8000C-36.ucode op_mode iwlmvm
[So Jul 26 16:31:09 2026] usb 1-1: Dumping efuse for RTL8188EU (0x200 bytes):
[So Jul 26 16:31:09 2026] usb 1-1: RTL8188EU rev D (TSMC) romver 0, 1T1R, TX queues 2, WiFi=1, BT=0, GPS=0, HI PA=0
[So Jul 26 16:31:09 2026] usb 1-1: RTL8188EU MAC: bc:fc:e7:29:24:07
[So Jul 26 16:31:09 2026] usb 1-1: rtl8xxxu: Loading firmware rtlwifi/rtl8188eufw.bin
[So Jul 26 16:31:09 2026] iwlwifi 0000:03:00.0: base HW address: f4:8c:50:23:4a:74, OTP minor version: 0x4
[So Jul 26 16:31:09 2026] ieee80211 phy3: Selected rate control algorithm 'iwl-mvm-rs'
[So Jul 26 16:31:09 2026] iwlwifi 0000:03:00.0 wlp3s0: renamed from wlan0
[So Jul 26 16:31:10 2026] usbcore: registered new interface driver rtl8xxxu
[So Jul 26 16:31:10 2026] rtl8xxxu 1-1:1.0 wlxbcfce7292407: renamed from wlan0
[So Jul 26 16:31:11 2026] wlxbcfce7292407: authenticate with b8:ec:a3:dc:73:f5 (local address=bc:fc:e7:29:24:07)
[So Jul 26 16:31:11 2026] wlxbcfce7292407: send auth to b8:ec:a3:dc:73:f5 (try 1/3)
[So Jul 26 16:31:11 2026] wlxbcfce7292407: authenticated
[So Jul 26 16:31:11 2026] wlxbcfce7292407: associate with b8:ec:a3:dc:73:f5 (try 1/3)
[So Jul 26 16:31:12 2026] wlxbcfce7292407: associate with b8:ec:a3:dc:73:f5 (try 2/3)
[So Jul 26 16:31:12 2026] wlxbcfce7292407: associate with b8:ec:a3:dc:73:f5 (try 3/3)
[So Jul 26 16:31:12 2026] wlxbcfce7292407: association with b8:ec:a3:dc:73:f5 timed out
[So Jul 26 16:31:13 2026] wlxbcfce7292407: authenticate with b8:ec:a3:dc:73:f5 (local address=bc:fc:e7:29:24:07)
[So Jul 26 16:31:13 2026] wlxbcfce7292407: send auth to b8:ec:a3:dc:73:f5 (try 1/3)
[So Jul 26 16:31:13 2026] wlxbcfce7292407: authenticated
[So Jul 26 16:31:13 2026] wlxbcfce7292407: associate with b8:ec:a3:dc:73:f5 (try 1/3)
[So Jul 26 16:31:13 2026] wlxbcfce7292407: associate with b8:ec:a3:dc:73:f5 (try 2/3)
[So Jul 26 16:31:13 2026] wlxbcfce7292407: associate with b8:ec:a3:dc:73:f5 (try 3/3)
[So Jul 26 16:31:14 2026] wlxbcfce7292407: association with b8:ec:a3:dc:73:f5 timed out
[So Jul 26 16:31:21 2026] wlxbcfce7292407: authenticate with b8:ec:a3:dc:73:f5 (local address=bc:fc:e7:29:24:07)
[So Jul 26 16:31:21 2026] wlxbcfce7292407: send auth to b8:ec:a3:dc:73:f5 (try 1/3)
[So Jul 26 16:31:21 2026] wlxbcfce7292407: authenticated
[So Jul 26 16:31:21 2026] wlxbcfce7292407: associate with b8:ec:a3:dc:73:f5 (try 1/3)
[So Jul 26 16:31:21 2026] wlxbcfce7292407: RX AssocResp from b8:ec:a3:dc:73:f5 (capab=0x411 status=0 aid=40)
[So Jul 26 16:31:21 2026] usb 1-1: rtl8xxxu_bss_info_changed: HT supported
[So Jul 26 16:31:21 2026] wlxbcfce7292407: associated
[So Jul 26 16:34:08 2026] wlxbcfce7292407: deauthenticating from b8:ec:a3:dc:73:f5 by local choice (Reason: 3=DEAUTH_LEAVING)
[So Jul 26 16:34:15 2026] usb 1-1: Dumping efuse for RTL8188EU (0x200 bytes):
[So Jul 26 16:34:15 2026] usb 1-1: RTL8188EU rev D (TSMC) romver 0, 1T1R, TX queues 2, WiFi=1, BT=0, GPS=0, HI PA=0
[So Jul 26 16:34:15 2026] usb 1-1: RTL8188EU MAC: bc:fc:e7:29:24:07
[So Jul 26 16:34:15 2026] usb 1-1: rtl8xxxu: Loading firmware rtlwifi/rtl8188eufw.bin
[So Jul 26 16:34:16 2026] rtl8xxxu 1-1:1.0 wlxbcfce7292407: renamed from wlan0
[So Jul 26 16:34:26 2026] wlxbcfce7292407: authenticate with b8:ec:a3:dc:73:f5 (local address=bc:fc:e7:29:24:07)
[So Jul 26 16:34:26 2026] wlxbcfce7292407: send auth to b8:ec:a3:dc:73:f5 (try 1/3)
[So Jul 26 16:34:26 2026] wlxbcfce7292407: authenticated
[So Jul 26 16:34:26 2026] wlxbcfce7292407: associate with b8:ec:a3:dc:73:f5 (try 1/3)
[So Jul 26 16:34:26 2026] wlxbcfce7292407: associate with b8:ec:a3:dc:73:f5 (try 2/3)
[So Jul 26 16:34:27 2026] wlxbcfce7292407: associate with b8:ec:a3:dc:73:f5 (try 3/3)
[So Jul 26 16:34:27 2026] wlxbcfce7292407: association with b8:ec:a3:dc:73:f5 timed out
[So Jul 26 16:34:34 2026] wlxbcfce7292407: authenticate with b8:ec:a3:dc:73:f5 (local address=bc:fc:e7:29:24:07)
[So Jul 26 16:34:34 2026] wlxbcfce7292407: send auth to b8:ec:a3:dc:73:f5 (try 1/3)
[So Jul 26 16:34:34 2026] wlxbcfce7292407: authenticated
[So Jul 26 16:34:34 2026] wlxbcfce7292407: associate with b8:ec:a3:dc:73:f5 (try 1/3)
[So Jul 26 16:34:34 2026] wlxbcfce7292407: RX AssocResp from b8:ec:a3:dc:73:f5 (capab=0x411 status=0 aid=40)
[So Jul 26 16:34:34 2026] usb 1-1: rtl8xxxu_bss_info_changed: HT supported
[So Jul 26 16:34:34 2026] wlxbcfce7292407: associated
[So Jul 26 16:45:57 2026] wlxbcfce7292407: deauthenticating from b8:ec:a3:dc:73:f5 by local choice (Reason: 3=DEAUTH_LEAVING)
[So Jul 26 16:45:58 2026] usb 1-1: Device still attached, trying to reset
[So Jul 26 16:45:58 2026] usb 1-1: reset high-speed USB device number 9 using xhci_hcd
[So Jul 26 16:45:59 2026] usb 1-7: reset high-speed USB device number 5 using xhci_hcd
[So Jul 26 16:45:59 2026] usb 1-2: reset high-speed USB device number 3 using xhci_hcd
[So Jul 26 16:45:59 2026] usb 1-6: reset full-speed USB device number 4 using xhci_hcd
[So Jul 26 16:46:00 2026] usb 1-1: Dumping efuse for RTL8188EU (0x200 bytes):
[So Jul 26 16:46:00 2026] usb 1-1: RTL8188EU rev D (TSMC) romver 0, 1T1R, TX queues 2, WiFi=1, BT=0, GPS=0, HI PA=0
[So Jul 26 16:46:00 2026] usb 1-1: RTL8188EU MAC: bc:fc:e7:29:24:07
[So Jul 26 16:46:00 2026] usb 1-1: rtl8xxxu: Loading firmware rtlwifi/rtl8188eufw.bin
[So Jul 26 16:46:01 2026] rtl8xxxu 1-1:1.0 wlxbcfce7292407: renamed from wlan0
[So Jul 26 16:46:02 2026] wlxbcfce7292407: authenticate with b8:ec:a3:dc:73:f5 (local address=bc:fc:e7:29:24:07)
[So Jul 26 16:46:02 2026] wlxbcfce7292407: send auth to b8:ec:a3:dc:73:f5 (try 1/3)
[So Jul 26 16:46:02 2026] wlxbcfce7292407: authenticated
[So Jul 26 16:46:02 2026] wlxbcfce7292407: associate with b8:ec:a3:dc:73:f5 (try 1/3)
[So Jul 26 16:46:02 2026] wlxbcfce7292407: RX AssocResp from b8:ec:a3:dc:73:f5 (capab=0x411 status=0 aid=46)
[So Jul 26 16:46:02 2026] usb 1-1: rtl8xxxu_bss_info_changed: HT supported
[So Jul 26 16:46:02 2026] wlxbcfce7292407: associated
[So Jul 26 16:49:04 2026] ata1.00: failed command: WRITE FPDMA QUEUED
[So Jul 26 16:49:04 2026] ata1.00: failed command: READ FPDMA QUEUED
[So Jul 26 16:49:04 2026] ata1.00: failed command: WRITE FPDMA QUEUED
[So Jul 26 16:49:04 2026] ata1: hard resetting link
[So Jul 26 16:51:10 2026] ata1.00: failed command: WRITE FPDMA QUEUED
[So Jul 26 16:51:10 2026] ata1.00: failed command: WRITE FPDMA QUEUED
[So Jul 26 16:51:10 2026] ata1.00: failed command: WRITE FPDMA QUEUED
[So Jul 26 16:51:10 2026] ata1.00: failed command: WRITE FPDMA QUEUED
[So Jul 26 16:51:10 2026] ata1: hard resetting link
[So Jul 26 16:55:11 2026] ata1.00: failed command: WRITE FPDMA QUEUED
[So Jul 26 16:55:11 2026] ata1.00: failed command: WRITE FPDMA QUEUED
[So Jul 26 16:55:11 2026] ata1.00: failed command: WRITE FPDMA QUEUED
[So Jul 26 16:55:11 2026] ata1: hard resetting link
[So Jul 26 17:02:36 2026] ata1.00: failed command: WRITE FPDMA QUEUED
[So Jul 26 17:02:36 2026] ata1: hard resetting link
[So Jul 26 17:02:36 2026] ata1.00: failed command: WRITE FPDMA QUEUED
[So Jul 26 17:02:36 2026] ata1: hard resetting link
[So Jul 26 15:53:33 2026] systemd[1]: Listening on systemd-factory-reset.socket - Factory Reset Management.
[So Jul 26 15:53:36 2026] Bluetooth: hci0: Reading supported features failed (-16)
[So Jul 26 16:10:37 2026] cfg80211: Loading compiled-in X.509 certificates for regulatory database
[So Jul 26 16:10:37 2026] usb 1-1: Dumping efuse for RTL8188EU (0x200 bytes):
[So Jul 26 16:10:37 2026] usb 1-1: RTL8188EU rev D (TSMC) romver 0, 1T1R, TX queues 2, WiFi=1, BT=0, GPS=0, HI PA=0
[So Jul 26 16:10:37 2026] usb 1-1: RTL8188EU MAC: bc:fc:e7:29:24:07
[So Jul 26 16:10:37 2026] usb 1-1: rtl8xxxu: Loading firmware rtlwifi/rtl8188eufw.bin
[So Jul 26 16:10:38 2026] usbcore: registered new interface driver rtl8xxxu
[So Jul 26 16:10:38 2026] rtl8xxxu 1-1:1.0 wlxbcfce7292407: renamed from wlan0
[So Jul 26 16:10:43 2026] wlxbcfce7292407: authenticate with b8:ec:a3:dc:73:f5 (local address=bc:fc:e7:29:24:07)
[So Jul 26 16:10:43 2026] wlxbcfce7292407: send auth to b8:ec:a3:dc:73:f5 (try 1/3)
[So Jul 26 16:10:43 2026] wlxbcfce7292407: authenticated
[So Jul 26 16:10:43 2026] wlxbcfce7292407: associate with b8:ec:a3:dc:73:f5 (try 1/3)
[So Jul 26 16:10:43 2026] wlxbcfce7292407: RX AssocResp from b8:ec:a3:dc:73:f5 (capab=0x411 status=0 aid=40)
[So Jul 26 16:10:43 2026] usb 1-1: rtl8xxxu_bss_info_changed: HT supported
[So Jul 26 16:10:43 2026] wlxbcfce7292407: associated
[So Jul 26 16:10:47 2026] iwlwifi 0000:03:00.0: enabling device (0000 -> 0002)
[So Jul 26 16:10:47 2026] iwlwifi 0000:03:00.0: Detected crf-id 0xbadcafe, cnv-id 0x3000000 wfpm id 0x80000000
[So Jul 26 16:10:47 2026] iwlwifi 0000:03:00.0: PCI dev 24f3/0130, rev=0x201, rfid=0xd55555d5
[So Jul 26 16:10:47 2026] iwlwifi 0000:03:00.0: Detected Intel(R) Dual Band Wireless-AC 8260
[So Jul 26 16:10:47 2026] iwlwifi 0000:03:00.0: loaded firmware version 36.c8e8e144.0 8000C-36.ucode op_mode iwlmvm
[So Jul 26 16:10:47 2026] iwlwifi 0000:03:00.0: base HW address: f4:8c:50:23:4a:74, OTP minor version: 0x4
[So Jul 26 16:10:48 2026] ieee80211 phy1: Selected rate control algorithm 'iwl-mvm-rs'
[So Jul 26 16:10:48 2026] iwlwifi 0000:03:00.0 wlp3s0: renamed from wlan0
[So Jul 26 16:11:10 2026] wlxbcfce7292407: deauthenticating from b8:ec:a3:dc:73:f5 by local choice (Reason: 3=DEAUTH_LEAVING)
[So Jul 26 16:11:12 2026] wlxbcfce7292407: authenticate with b8:ec:a3:dc:73:f5 (local address=bc:fc:e7:29:24:07)
[So Jul 26 16:11:12 2026] wlxbcfce7292407: send auth to b8:ec:a3:dc:73:f5 (try 1/3)
[So Jul 26 16:11:12 2026] wlxbcfce7292407: authenticated
[So Jul 26 16:11:12 2026] wlxbcfce7292407: associate with b8:ec:a3:dc:73:f5 (try 1/3)
[So Jul 26 16:11:12 2026] wlxbcfce7292407: RX AssocResp from b8:ec:a3:dc:73:f5 (capab=0x411 status=0 aid=40)
[So Jul 26 16:11:12 2026] usb 1-1: rtl8xxxu_bss_info_changed: HT supported
[So Jul 26 16:11:12 2026] wlxbcfce7292407: associated
[So Jul 26 16:11:15 2026] wlp3s0: authenticate with b8:ec:a3:dc:73:f5 (local address=f4:8c:50:23:4a:74)
[So Jul 26 16:11:15 2026] wlp3s0: send auth to b8:ec:a3:dc:73:f5 (try 1/3)
[So Jul 26 16:11:15 2026] wlp3s0: authenticated
[So Jul 26 16:11:15 2026] wlp3s0: associate with b8:ec:a3:dc:73:f5 (try 1/3)
[So Jul 26 16:11:15 2026] wlp3s0: RX AssocResp from b8:ec:a3:dc:73:f5 (capab=0x411 status=0 aid=45)
[So Jul 26 16:11:15 2026] wlp3s0: associated
[So Jul 26 16:11:29 2026] wlp3s0: authenticate with b8:ec:a3:dc:73:f5 (local address=f4:8c:50:23:4a:74)
[So Jul 26 16:11:29 2026] wlp3s0: send auth to b8:ec:a3:dc:73:f5 (try 1/3)
[So Jul 26 16:11:29 2026] wlp3s0: authenticated
[So Jul 26 16:11:29 2026] wlp3s0: associate with b8:ec:a3:dc:73:f5 (try 1/3)
[So Jul 26 16:11:29 2026] wlp3s0: associate with b8:ec:a3:dc:73:f5 (try 2/3)
[So Jul 26 16:11:29 2026] wlp3s0: associate with b8:ec:a3:dc:73:f5 (try 3/3)
[So Jul 26 16:11:29 2026] wlp3s0: association with b8:ec:a3:dc:73:f5 timed out
[So Jul 26 16:12:16 2026] wlp3s0: authenticate with b8:ec:a3:dc:73:f5 (local address=f4:8c:50:23:4a:74)
[So Jul 26 16:12:16 2026] wlp3s0: send auth to b8:ec:a3:dc:73:f5 (try 1/3)
[So Jul 26 16:12:16 2026] wlp3s0: authenticated
[So Jul 26 16:12:16 2026] wlp3s0: associate with b8:ec:a3:dc:73:f5 (try 1/3)
[So Jul 26 16:12:16 2026] wlp3s0: RX AssocResp from b8:ec:a3:dc:73:f5 (capab=0x411 status=0 aid=45)
[So Jul 26 16:12:16 2026] wlp3s0: associated
[So Jul 26 16:12:23 2026] wlp3s0: Connection to AP b8:ec:a3:dc:73:f5 lost
[So Jul 26 16:20:45 2026] ata1.00: failed command: WRITE FPDMA QUEUED
[So Jul 26 16:20:45 2026] ata1: hard resetting link
[So Jul 26 16:27:35 2026] wlxbcfce7292407: authenticate with b8:ec:a3:dc:73:f5 (local address=bc:fc:e7:29:24:07)
[So Jul 26 16:27:35 2026] wlxbcfce7292407: send auth to b8:ec:a3:dc:73:f5 (try 1/3)
[So Jul 26 16:27:35 2026] wlxbcfce7292407: authenticated
[So Jul 26 16:27:35 2026] wlxbcfce7292407: associate with b8:ec:a3:dc:73:f5 (try 1/3)
[So Jul 26 16:27:35 2026] wlxbcfce7292407: associate with b8:ec:a3:dc:73:f5 (try 2/3)
[So Jul 26 16:27:35 2026] wlxbcfce7292407: associate with b8:ec:a3:dc:73:f5 (try 3/3)
[So Jul 26 16:27:35 2026] wlxbcfce7292407: association with b8:ec:a3:dc:73:f5 timed out
[So Jul 26 16:27:43 2026] wlxbcfce7292407: authenticate with b8:ec:a3:dc:73:f5 (local address=bc:fc:e7:29:24:07)
[So Jul 26 16:27:43 2026] wlxbcfce7292407: send auth to b8:ec:a3:dc:73:f5 (try 1/3)
[So Jul 26 16:27:43 2026] wlxbcfce7292407: authenticated
[So Jul 26 16:27:43 2026] wlxbcfce7292407: associate with b8:ec:a3:dc:73:f5 (try 1/3)
[So Jul 26 16:27:43 2026] wlxbcfce7292407: RX AssocResp from b8:ec:a3:dc:73:f5 (capab=0x411 status=0 aid=40)
[So Jul 26 16:27:43 2026] usb 1-1: rtl8xxxu_bss_info_changed: HT supported
[So Jul 26 16:27:43 2026] wlxbcfce7292407: associated
[So Jul 26 16:31:03 2026] ata1.00: failed command: WRITE FPDMA QUEUED
[So Jul 26 16:31:03 2026] ata1.00: failed command: WRITE FPDMA QUEUED
[So Jul 26 16:31:03 2026] ata1: hard resetting link
[So Jul 26 16:31:07 2026] usbcore: deregistering interface driver rtl8xxxu
[So Jul 26 16:31:07 2026] wlxbcfce7292407: deauthenticating from b8:ec:a3:dc:73:f5 by local choice (Reason: 3=DEAUTH_LEAVING)
[So Jul 26 16:31:07 2026] usb 1-1: Device still attached, trying to reset
[So Jul 26 16:31:07 2026] usb 1-1: reset high-speed USB device number 8 using xhci_hcd
[So Jul 26 16:31:09 2026] iwlwifi 0000:03:00.0: Detected crf-id 0xbadcafe, cnv-id 0x3000000 wfpm id 0x80000000
[So Jul 26 16:31:09 2026] iwlwifi 0000:03:00.0: PCI dev 24f3/0130, rev=0x201, rfid=0xd55555d5
[So Jul 26 16:31:09 2026] iwlwifi 0000:03:00.0: Detected Intel(R) Dual Band Wireless-AC 8260
[So Jul 26 16:31:09 2026] iwlwifi 0000:03:00.0: loaded firmware version 36.c8e8e144.0 8000C-36.ucode op_mode iwlmvm
[So Jul 26 16:31:09 2026] usb 1-1: Dumping efuse for RTL8188EU (0x200 bytes):
[So Jul 26 16:31:09 2026] usb 1-1: RTL8188EU rev D (TSMC) romver 0, 1T1R, TX queues 2, WiFi=1, BT=0, GPS=0, HI PA=0
[So Jul 26 16:31:09 2026] usb 1-1: RTL8188EU MAC: bc:fc:e7:29:24:07
[So Jul 26 16:31:09 2026] usb 1-1: rtl8xxxu: Loading firmware rtlwifi/rtl8188eufw.bin
[So Jul 26 16:31:09 2026] iwlwifi 0000:03:00.0: base HW address: f4:8c:50:23:4a:74, OTP minor version: 0x4
[So Jul 26 16:31:09 2026] ieee80211 phy3: Selected rate control algorithm 'iwl-mvm-rs'
[So Jul 26 16:31:09 2026] iwlwifi 0000:03:00.0 wlp3s0: renamed from wlan0
[So Jul 26 16:31:10 2026] usbcore: registered new interface driver rtl8xxxu
[So Jul 26 16:31:10 2026] rtl8xxxu 1-1:1.0 wlxbcfce7292407: renamed from wlan0
[So Jul 26 16:31:11 2026] wlxbcfce7292407: authenticate with b8:ec:a3:dc:73:f5 (local address=bc:fc:e7:29:24:07)
[So Jul 26 16:31:11 2026] wlxbcfce7292407: send auth to b8:ec:a3:dc:73:f5 (try 1/3)
[So Jul 26 16:31:11 2026] wlxbcfce7292407: authenticated
[So Jul 26 16:31:11 2026] wlxbcfce7292407: associate with b8:ec:a3:dc:73:f5 (try 1/3)
[So Jul 26 16:31:12 2026] wlxbcfce7292407: associate with b8:ec:a3:dc:73:f5 (try 2/3)
[So Jul 26 16:31:12 2026] wlxbcfce7292407: associate with b8:ec:a3:dc:73:f5 (try 3/3)
[So Jul 26 16:31:12 2026] wlxbcfce7292407: association with b8:ec:a3:dc:73:f5 timed out
[So Jul 26 16:31:13 2026] wlxbcfce7292407: authenticate with b8:ec:a3:dc:73:f5 (local address=bc:fc:e7:29:24:07)
[So Jul 26 16:31:13 2026] wlxbcfce7292407: send auth to b8:ec:a3:dc:73:f5 (try 1/3)
[So Jul 26 16:31:13 2026] wlxbcfce7292407: authenticated
[So Jul 26 16:31:13 2026] wlxbcfce7292407: associate with b8:ec:a3:dc:73:f5 (try 1/3)
[So Jul 26 16:31:13 2026] wlxbcfce7292407: associate with b8:ec:a3:dc:73:f5 (try 2/3)
[So Jul 26 16:31:13 2026] wlxbcfce7292407: associate with b8:ec:a3:dc:73:f5 (try 3/3)
[So Jul 26 16:31:14 2026] wlxbcfce7292407: association with b8:ec:a3:dc:73:f5 timed out
[So Jul 26 16:31:21 2026] wlxbcfce7292407: authenticate with b8:ec:a3:dc:73:f5 (local address=bc:fc:e7:29:24:07)
[So Jul 26 16:31:21 2026] wlxbcfce7292407: send auth to b8:ec:a3:dc:73:f5 (try 1/3)
[So Jul 26 16:31:21 2026] wlxbcfce7292407: authenticated
[So Jul 26 16:31:21 2026] wlxbcfce7292407: associate with b8:ec:a3:dc:73:f5 (try 1/3)
[So Jul 26 16:31:21 2026] wlxbcfce7292407: RX AssocResp from b8:ec:a3:dc:73:f5 (capab=0x411 status=0 aid=40)
[So Jul 26 16:31:21 2026] usb 1-1: rtl8xxxu_bss_info_changed: HT supported
[So Jul 26 16:31:21 2026] wlxbcfce7292407: associated
[So Jul 26 16:34:08 2026] wlxbcfce7292407: deauthenticating from b8:ec:a3:dc:73:f5 by local choice (Reason: 3=DEAUTH_LEAVING)
[So Jul 26 16:34:15 2026] usb 1-1: Dumping efuse for RTL8188EU (0x200 bytes):
[So Jul 26 16:34:15 2026] usb 1-1: RTL8188EU rev D (TSMC) romver 0, 1T1R, TX queues 2, WiFi=1, BT=0, GPS=0, HI PA=0
[So Jul 26 16:34:15 2026] usb 1-1: RTL8188EU MAC: bc:fc:e7:29:24:07
[So Jul 26 16:34:15 2026] usb 1-1: rtl8xxxu: Loading firmware rtlwifi/rtl8188eufw.bin
[So Jul 26 16:34:16 2026] rtl8xxxu 1-1:1.0 wlxbcfce7292407: renamed from wlan0
[So Jul 26 16:34:26 2026] wlxbcfce7292407: authenticate with b8:ec:a3:dc:73:f5 (local address=bc:fc:e7:29:24:07)
[So Jul 26 16:34:26 2026] wlxbcfce7292407: send auth to b8:ec:a3:dc:73:f5 (try 1/3)
[So Jul 26 16:34:26 2026] wlxbcfce7292407: authenticated
[So Jul 26 16:34:26 2026] wlxbcfce7292407: associate with b8:ec:a3:dc:73:f5 (try 1/3)
[So Jul 26 16:34:26 2026] wlxbcfce7292407: associate with b8:ec:a3:dc:73:f5 (try 2/3)
[So Jul 26 16:34:27 2026] wlxbcfce7292407: associate with b8:ec:a3:dc:73:f5 (try 3/3)
[So Jul 26 16:34:27 2026] wlxbcfce7292407: association with b8:ec:a3:dc:73:f5 timed out
[So Jul 26 16:34:34 2026] wlxbcfce7292407: authenticate with b8:ec:a3:dc:73:f5 (local address=bc:fc:e7:29:24:07)
[So Jul 26 16:34:34 2026] wlxbcfce7292407: send auth to b8:ec:a3:dc:73:f5 (try 1/3)
[So Jul 26 16:34:34 2026] wlxbcfce7292407: authenticated
[So Jul 26 16:34:34 2026] wlxbcfce7292407: associate with b8:ec:a3:dc:73:f5 (try 1/3)
[So Jul 26 16:34:34 2026] wlxbcfce7292407: RX AssocResp from b8:ec:a3:dc:73:f5 (capab=0x411 status=0 aid=40)
[So Jul 26 16:34:34 2026] usb 1-1: rtl8xxxu_bss_info_changed: HT supported
[So Jul 26 16:34:34 2026] wlxbcfce7292407: associated
[So Jul 26 16:45:57 2026] wlxbcfce7292407: deauthenticating from b8:ec:a3:dc:73:f5 by local choice (Reason: 3=DEAUTH_LEAVING)
[So Jul 26 16:45:58 2026] usb 1-1: Device still attached, trying to reset
[So Jul 26 16:45:58 2026] usb 1-1: reset high-speed USB device number 9 using xhci_hcd
[So Jul 26 16:45:59 2026] usb 1-7: reset high-speed USB device number 5 using xhci_hcd
[So Jul 26 16:45:59 2026] usb 1-2: reset high-speed USB device number 3 using xhci_hcd
[So Jul 26 16:45:59 2026] usb 1-6: reset full-speed USB device number 4 using xhci_hcd
[So Jul 26 16:46:00 2026] usb 1-1: Dumping efuse for RTL8188EU (0x200 bytes):
[So Jul 26 16:46:00 2026] usb 1-1: RTL8188EU rev D (TSMC) romver 0, 1T1R, TX queues 2, WiFi=1, BT=0, GPS=0, HI PA=0
[So Jul 26 16:46:00 2026] usb 1-1: RTL8188EU MAC: bc:fc:e7:29:24:07
[So Jul 26 16:46:00 2026] usb 1-1: rtl8xxxu: Loading firmware rtlwifi/rtl8188eufw.bin
[So Jul 26 16:46:01 2026] rtl8xxxu 1-1:1.0 wlxbcfce7292407: renamed from wlan0
[So Jul 26 16:46:02 2026] wlxbcfce7292407: authenticate with b8:ec:a3:dc:73:f5 (local address=bc:fc:e7:29:24:07)
[So Jul 26 16:46:02 2026] wlxbcfce7292407: send auth to b8:ec:a3:dc:73:f5 (try 1/3)
[So Jul 26 16:46:02 2026] wlxbcfce7292407: authenticated
[So Jul 26 16:46:02 2026] wlxbcfce7292407: associate with b8:ec:a3:dc:73:f5 (try 1/3)
[So Jul 26 16:46:02 2026] wlxbcfce7292407: RX AssocResp from b8:ec:a3:dc:73:f5 (capab=0x411 status=0 aid=46)
[So Jul 26 16:46:02 2026] usb 1-1: rtl8xxxu_bss_info_changed: HT supported
[So Jul 26 16:46:02 2026] wlxbcfce7292407: associated
[So Jul 26 16:49:04 2026] ata1.00: failed command: WRITE FPDMA QUEUED
[So Jul 26 16:49:04 2026] ata1.00: failed command: READ FPDMA QUEUED
[So Jul 26 16:49:04 2026] ata1.00: failed command: WRITE FPDMA QUEUED
[So Jul 26 16:49:04 2026] ata1: hard resetting link
[So Jul 26 16:51:10 2026] ata1.00: failed command: WRITE FPDMA QUEUED
[So Jul 26 16:51:10 2026] ata1.00: failed command: WRITE FPDMA QUEUED
[So Jul 26 16:51:10 2026] ata1.00: failed command: WRITE FPDMA QUEUED
[So Jul 26 16:51:10 2026] ata1.00: failed command: WRITE FPDMA QUEUED
[So Jul 26 16:51:10 2026] ata1: hard resetting link
[So Jul 26 16:55:11 2026] ata1.00: failed command: WRITE FPDMA QUEUED
[So Jul 26 16:55:11 2026] ata1.00: failed command: WRITE FPDMA QUEUED
[So Jul 26 16:55:11 2026] ata1.00: failed command: WRITE FPDMA QUEUED
[So Jul 26 16:55:11 2026] ata1: hard resetting link
[So Jul 26 17:02:36 2026] ata1.00: failed command: WRITE FPDMA QUEUED
[So Jul 26 17:02:36 2026] ata1: hard resetting link
[So Jul 26 17:02:36 2026] ata1.00: failed command: WRITE FPDMA QUEUED
[So Jul 26 17:02:36 2026] ata1: hard resetting link
[So Jul 26 15:53:33 2026] systemd[1]: Listening on systemd-factory-reset.socket - Factory Reset Management.
[So Jul 26 15:53:36 2026] Bluetooth: hci0: Reading supported features failed (-16)
[So Jul 26 16:10:37 2026] cfg80211: Loading compiled-in X.509 certificates for regulatory database
[So Jul 26 16:10:37 2026] usb 1-1: Dumping efuse for RTL8188EU (0x200 bytes):
[So Jul 26 16:10:37 2026] usb 1-1: RTL8188EU rev D (TSMC) romver 0, 1T1R, TX queues 2, WiFi=1, BT=0, GPS=0, HI PA=0
[So Jul 26 16:10:37 2026] usb 1-1: RTL8188EU MAC: bc:fc:e7:29:24:07
[So Jul 26 16:10:37 2026] usb 1-1: rtl8xxxu: Loading firmware rtlwifi/rtl8188eufw.bin
[So Jul 26 16:10:38 2026] usbcore: registered new interface driver rtl8xxxu
[So Jul 26 16:10:38 2026] rtl8xxxu 1-1:1.0 wlxbcfce7292407: renamed from wlan0
[So Jul 26 16:10:43 2026] wlxbcfce7292407: authenticate with b8:ec:a3:dc:73:f5 (local address=bc:fc:e7:29:24:07)
[So Jul 26 16:10:43 2026] wlxbcfce7292407: send auth to b8:ec:a3:dc:73:f5 (try 1/3)
[So Jul 26 16:10:43 2026] wlxbcfce7292407: authenticated
[So Jul 26 16:10:43 2026] wlxbcfce7292407: associate with b8:ec:a3:dc:73:f5 (try 1/3)
[So Jul 26 16:10:43 2026] wlxbcfce7292407: RX AssocResp from b8:ec:a3:dc:73:f5 (capab=0x411 status=0 aid=40)
[So Jul 26 16:10:43 2026] usb 1-1: rtl8xxxu_bss_info_changed: HT supported
[So Jul 26 16:10:43 2026] wlxbcfce7292407: associated
[So Jul 26 16:10:47 2026] iwlwifi 0000:03:00.0: enabling device (0000 -> 0002)
[So Jul 26 16:10:47 2026] iwlwifi 0000:03:00.0: Detected crf-id 0xbadcafe, cnv-id 0x3000000 wfpm id 0x80000000
[So Jul 26 16:10:47 2026] iwlwifi 0000:03:00.0: PCI dev 24f3/0130, rev=0x201, rfid=0xd55555d5
[So Jul 26 16:10:47 2026] iwlwifi 0000:03:00.0: Detected Intel(R) Dual Band Wireless-AC 8260
[So Jul 26 16:10:47 2026] iwlwifi 0000:03:00.0: loaded firmware version 36.c8e8e144.0 8000C-36.ucode op_mode iwlmvm
[So Jul 26 16:10:47 2026] iwlwifi 0000:03:00.0: base HW address: f4:8c:50:23:4a:74, OTP minor version: 0x4
[So Jul 26 16:10:48 2026] ieee80211 phy1: Selected rate control algorithm 'iwl-mvm-rs'
[So Jul 26 16:10:48 2026] iwlwifi 0000:03:00.0 wlp3s0: renamed from wlan0
[So Jul 26 16:11:10 2026] wlxbcfce7292407: deauthenticating from b8:ec:a3:dc:73:f5 by local choice (Reason: 3=DEAUTH_LEAVING)
[So Jul 26 16:11:12 2026] wlxbcfce7292407: authenticate with b8:ec:a3:dc:73:f5 (local address=bc:fc:e7:29:24:07)
[So Jul 26 16:11:12 2026] wlxbcfce7292407: send auth to b8:ec:a3:dc:73:f5 (try 1/3)
[So Jul 26 16:11:12 2026] wlxbcfce7292407: authenticated
[So Jul 26 16:11:12 2026] wlxbcfce7292407: associate with b8:ec:a3:dc:73:f5 (try 1/3)
[So Jul 26 16:11:12 2026] wlxbcfce7292407: RX AssocResp from b8:ec:a3:dc:73:f5 (capab=0x411 status=0 aid=40)
[So Jul 26 16:11:12 2026] usb 1-1: rtl8xxxu_bss_info_changed: HT supported
[So Jul 26 16:11:12 2026] wlxbcfce7292407: associated
[So Jul 26 16:11:15 2026] wlp3s0: authenticate with b8:ec:a3:dc:73:f5 (local address=f4:8c:50:23:4a:74)
[So Jul 26 16:11:15 2026] wlp3s0: send auth to b8:ec:a3:dc:73:f5 (try 1/3)
[So Jul 26 16:11:15 2026] wlp3s0: authenticated
[So Jul 26 16:11:15 2026] wlp3s0: associate with b8:ec:a3:dc:73:f5 (try 1/3)
[So Jul 26 16:11:15 2026] wlp3s0: RX AssocResp from b8:ec:a3:dc:73:f5 (capab=0x411 status=0 aid=45)
[So Jul 26 16:11:15 2026] wlp3s0: associated
[So Jul 26 16:11:29 2026] wlp3s0: authenticate with b8:ec:a3:dc:73:f5 (local address=f4:8c:50:23:4a:74)
[So Jul 26 16:11:29 2026] wlp3s0: send auth to b8:ec:a3:dc:73:f5 (try 1/3)
[So Jul 26 16:11:29 2026] wlp3s0: authenticated
[So Jul 26 16:11:29 2026] wlp3s0: associate with b8:ec:a3:dc:73:f5 (try 1/3)
[So Jul 26 16:11:29 2026] wlp3s0: associate with b8:ec:a3:dc:73:f5 (try 2/3)
[So Jul 26 16:11:29 2026] wlp3s0: associate with b8:ec:a3:dc:73:f5 (try 3/3)
[So Jul 26 16:11:29 2026] wlp3s0: association with b8:ec:a3:dc:73:f5 timed out
[So Jul 26 16:12:16 2026] wlp3s0: authenticate with b8:ec:a3:dc:73:f5 (local address=f4:8c:50:23:4a:74)
[So Jul 26 16:12:16 2026] wlp3s0: send auth to b8:ec:a3:dc:73:f5 (try 1/3)
[So Jul 26 16:12:16 2026] wlp3s0: authenticated
[So Jul 26 16:12:16 2026] wlp3s0: associate with b8:ec:a3:dc:73:f5 (try 1/3)
[So Jul 26 16:12:16 2026] wlp3s0: RX AssocResp from b8:ec:a3:dc:73:f5 (capab=0x411 status=0 aid=45)
[So Jul 26 16:12:16 2026] wlp3s0: associated
[So Jul 26 16:12:23 2026] wlp3s0: Connection to AP b8:ec:a3:dc:73:f5 lost
[So Jul 26 16:20:45 2026] ata1.00: failed command: WRITE FPDMA QUEUED
[So Jul 26 16:20:45 2026] ata1: hard resetting link
[So Jul 26 16:27:35 2026] wlxbcfce7292407: authenticate with b8:ec:a3:dc:73:f5 (local address=bc:fc:e7:29:24:07)
[So Jul 26 16:27:35 2026] wlxbcfce7292407: send auth to b8:ec:a3:dc:73:f5 (try 1/3)
[So Jul 26 16:27:35 2026] wlxbcfce7292407: authenticated
[So Jul 26 16:27:35 2026] wlxbcfce7292407: associate with b8:ec:a3:dc:73:f5 (try 1/3)
[So Jul 26 16:27:35 2026] wlxbcfce7292407: associate with b8:ec:a3:dc:73:f5 (try 2/3)
[So Jul 26 16:27:35 2026] wlxbcfce7292407: associate with b8:ec:a3:dc:73:f5 (try 3/3)
[So Jul 26 16:27:35 2026] wlxbcfce7292407: association with b8:ec:a3:dc:73:f5 timed out
[So Jul 26 16:27:43 2026] wlxbcfce7292407: authenticate with b8:ec:a3:dc:73:f5 (local address=bc:fc:e7:29:24:07)
[So Jul 26 16:27:43 2026] wlxbcfce7292407: send auth to b8:ec:a3:dc:73:f5 (try 1/3)
[So Jul 26 16:27:43 2026] wlxbcfce7292407: authenticated
[So Jul 26 16:27:43 2026] wlxbcfce7292407: associate with b8:ec:a3:dc:73:f5 (try 1/3)
[So Jul 26 16:27:43 2026] wlxbcfce7292407: RX AssocResp from b8:ec:a3:dc:73:f5 (capab=0x411 status=0 aid=40)
[So Jul 26 16:27:43 2026] usb 1-1: rtl8xxxu_bss_info_changed: HT supported
[So Jul 26 16:27:43 2026] wlxbcfce7292407: associated
[So Jul 26 16:31:03 2026] ata1.00: failed command: WRITE FPDMA QUEUED
[So Jul 26 16:31:03 2026] ata1.00: failed command: WRITE FPDMA QUEUED
[So Jul 26 16:31:03 2026] ata1: hard resetting link
[So Jul 26 16:31:07 2026] usbcore: deregistering interface driver rtl8xxxu
[So Jul 26 16:31:07 2026] wlxbcfce7292407: deauthenticating from b8:ec:a3:dc:73:f5 by local choice (Reason: 3=DEAUTH_LEAVING)
[So Jul 26 16:31:07 2026] usb 1-1: Device still attached, trying to reset
[So Jul 26 16:31:07 2026] usb 1-1: reset high-speed USB device number 8 using xhci_hcd
[So Jul 26 16:31:09 2026] iwlwifi 0000:03:00.0: Detected crf-id 0xbadcafe, cnv-id 0x3000000 wfpm id 0x80000000
[So Jul 26 16:31:09 2026] iwlwifi 0000:03:00.0: PCI dev 24f3/0130, rev=0x201, rfid=0xd55555d5
[So Jul 26 16:31:09 2026] iwlwifi 0000:03:00.0: Detected Intel(R) Dual Band Wireless-AC 8260
[So Jul 26 16:31:09 2026] iwlwifi 0000:03:00.0: loaded firmware version 36.c8e8e144.0 8000C-36.ucode op_mode iwlmvm
[So Jul 26 16:31:09 2026] usb 1-1: Dumping efuse for RTL8188EU (0x200 bytes):
[So Jul 26 16:31:09 2026] usb 1-1: RTL8188EU rev D (TSMC) romver 0, 1T1R, TX queues 2, WiFi=1, BT=0, GPS=0, HI PA=0
[So Jul 26 16:31:09 2026] usb 1-1: RTL8188EU MAC: bc:fc:e7:29:24:07
[So Jul 26 16:31:09 2026] usb 1-1: rtl8xxxu: Loading firmware rtlwifi/rtl8188eufw.bin
[So Jul 26 16:31:09 2026] iwlwifi 0000:03:00.0: base HW address: f4:8c:50:23:4a:74, OTP minor version: 0x4
[So Jul 26 16:31:09 2026] ieee80211 phy3: Selected rate control algorithm 'iwl-mvm-rs'
[So Jul 26 16:31:09 2026] iwlwifi 0000:03:00.0 wlp3s0: renamed from wlan0
[So Jul 26 16:31:10 2026] usbcore: registered new interface driver rtl8xxxu
[So Jul 26 16:31:10 2026] rtl8xxxu 1-1:1.0 wlxbcfce7292407: renamed from wlan0
[So Jul 26 16:31:11 2026] wlxbcfce7292407: authenticate with b8:ec:a3:dc:73:f5 (local address=bc:fc:e7:29:24:07)
[So Jul 26 16:31:11 2026] wlxbcfce7292407: send auth to b8:ec:a3:dc:73:f5 (try 1/3)
[So Jul 26 16:31:11 2026] wlxbcfce7292407: authenticated
[So Jul 26 16:31:11 2026] wlxbcfce7292407: associate with b8:ec:a3:dc:73:f5 (try 1/3)
[So Jul 26 16:31:12 2026] wlxbcfce7292407: associate with b8:ec:a3:dc:73:f5 (try 2/3)
[So Jul 26 16:31:12 2026] wlxbcfce7292407: associate with b8:ec:a3:dc:73:f5 (try 3/3)
[So Jul 26 16:31:12 2026] wlxbcfce7292407: association with b8:ec:a3:dc:73:f5 timed out
[So Jul 26 16:31:13 2026] wlxbcfce7292407: authenticate with b8:ec:a3:dc:73:f5 (local address=bc:fc:e7:29:24:07)
[So Jul 26 16:31:13 2026] wlxbcfce7292407: send auth to b8:ec:a3:dc:73:f5 (try 1/3)
[So Jul 26 16:31:13 2026] wlxbcfce7292407: authenticated
[So Jul 26 16:31:13 2026] wlxbcfce7292407: associate with b8:ec:a3:dc:73:f5 (try 1/3)
[So Jul 26 16:31:13 2026] wlxbcfce7292407: associate with b8:ec:a3:dc:73:f5 (try 2/3)
[So Jul 26 16:31:13 2026] wlxbcfce7292407: associate with b8:ec:a3:dc:73:f5 (try 3/3)
[So Jul 26 16:31:14 2026] wlxbcfce7292407: association with b8:ec:a3:dc:73:f5 timed out
[So Jul 26 16:31:21 2026] wlxbcfce7292407: authenticate with b8:ec:a3:dc:73:f5 (local address=bc:fc:e7:29:24:07)
[So Jul 26 16:31:21 2026] wlxbcfce7292407: send auth to b8:ec:a3:dc:73:f5 (try 1/3)
[So Jul 26 16:31:21 2026] wlxbcfce7292407: authenticated
[So Jul 26 16:31:21 2026] wlxbcfce7292407: associate with b8:ec:a3:dc:73:f5 (try 1/3)
[So Jul 26 16:31:21 2026] wlxbcfce7292407: RX AssocResp from b8:ec:a3:dc:73:f5 (capab=0x411 status=0 aid=40)
[So Jul 26 16:31:21 2026] usb 1-1: rtl8xxxu_bss_info_changed: HT supported
[So Jul 26 16:31:21 2026] wlxbcfce7292407: associated
[So Jul 26 16:34:08 2026] wlxbcfce7292407: deauthenticating from b8:ec:a3:dc:73:f5 by local choice (Reason: 3=DEAUTH_LEAVING)
[So Jul 26 16:34:15 2026] usb 1-1: Dumping efuse for RTL8188EU (0x200 bytes):
[So Jul 26 16:34:15 2026] usb 1-1: RTL8188EU rev D (TSMC) romver 0, 1T1R, TX queues 2, WiFi=1, BT=0, GPS=0, HI PA=0
[So Jul 26 16:34:15 2026] usb 1-1: RTL8188EU MAC: bc:fc:e7:29:24:07
[So Jul 26 16:34:15 2026] usb 1-1: rtl8xxxu: Loading firmware rtlwifi/rtl8188eufw.bin
[So Jul 26 16:34:16 2026] rtl8xxxu 1-1:1.0 wlxbcfce7292407: renamed from wlan0
[So Jul 26 16:34:26 2026] wlxbcfce7292407: authenticate with b8:ec:a3:dc:73:f5 (local address=bc:fc:e7:29:24:07)
[So Jul 26 16:34:26 2026] wlxbcfce7292407: send auth to b8:ec:a3:dc:73:f5 (try 1/3)
[So Jul 26 16:34:26 2026] wlxbcfce7292407: authenticated
[So Jul 26 16:34:26 2026] wlxbcfce7292407: associate with b8:ec:a3:dc:73:f5 (try 1/3)
[So Jul 26 16:34:26 2026] wlxbcfce7292407: associate with b8:ec:a3:dc:73:f5 (try 2/3)
[So Jul 26 16:34:27 2026] wlxbcfce7292407: associate with b8:ec:a3:dc:73:f5 (try 3/3)
[So Jul 26 16:34:27 2026] wlxbcfce7292407: association with b8:ec:a3:dc:73:f5 timed out
[So Jul 26 16:34:34 2026] wlxbcfce7292407: authenticate with b8:ec:a3:dc:73:f5 (local address=bc:fc:e7:29:24:07)
[So Jul 26 16:34:34 2026] wlxbcfce7292407: send auth to b8:ec:a3:dc:73:f5 (try 1/3)
[So Jul 26 16:34:34 2026] wlxbcfce7292407: authenticated
[So Jul 26 16:34:34 2026] wlxbcfce7292407: associate with b8:ec:a3:dc:73:f5 (try 1/3)
[So Jul 26 16:34:34 2026] wlxbcfce7292407: RX AssocResp from b8:ec:a3:dc:73:f5 (capab=0x411 status=0 aid=40)
[So Jul 26 16:34:34 2026] usb 1-1: rtl8xxxu_bss_info_changed: HT supported
[So Jul 26 16:34:34 2026] wlxbcfce7292407: associated
[So Jul 26 16:45:57 2026] wlxbcfce7292407: deauthenticating from b8:ec:a3:dc:73:f5 by local choice (Reason: 3=DEAUTH_LEAVING)
[So Jul 26 16:45:58 2026] usb 1-1: Device still attached, trying to reset
[So Jul 26 16:45:58 2026] usb 1-1: reset high-speed USB device number 9 using xhci_hcd
[So Jul 26 16:45:59 2026] usb 1-7: reset high-speed USB device number 5 using xhci_hcd
[So Jul 26 16:45:59 2026] usb 1-2: reset high-speed USB device number 3 using xhci_hcd
[So Jul 26 16:45:59 2026] usb 1-6: reset full-speed USB device number 4 using xhci_hcd
[So Jul 26 16:46:00 2026] usb 1-1: Dumping efuse for RTL8188EU (0x200 bytes):
[So Jul 26 16:46:00 2026] usb 1-1: RTL8188EU rev D (TSMC) romver 0, 1T1R, TX queues 2, WiFi=1, BT=0, GPS=0, HI PA=0
[So Jul 26 16:46:00 2026] usb 1-1: RTL8188EU MAC: bc:fc:e7:29:24:07
[So Jul 26 16:46:00 2026] usb 1-1: rtl8xxxu: Loading firmware rtlwifi/rtl8188eufw.bin
[So Jul 26 16:46:01 2026] rtl8xxxu 1-1:1.0 wlxbcfce7292407: renamed from wlan0
[So Jul 26 16:46:02 2026] wlxbcfce7292407: authenticate with b8:ec:a3:dc:73:f5 (local address=bc:fc:e7:29:24:07)
[So Jul 26 16:46:02 2026] wlxbcfce7292407: send auth to b8:ec:a3:dc:73:f5 (try 1/3)
[So Jul 26 16:46:02 2026] wlxbcfce7292407: authenticated
[So Jul 26 16:46:02 2026] wlxbcfce7292407: associate with b8:ec:a3:dc:73:f5 (try 1/3)
[So Jul 26 16:46:02 2026] wlxbcfce7292407: RX AssocResp from b8:ec:a3:dc:73:f5 (capab=0x411 status=0 aid=46)
[So Jul 26 16:46:02 2026] usb 1-1: rtl8xxxu_bss_info_changed: HT supported
[So Jul 26 16:46:02 2026] wlxbcfce7292407: associated
[So Jul 26 16:49:04 2026] ata1.00: failed command: WRITE FPDMA QUEUED
[So Jul 26 16:49:04 2026] ata1.00: failed command: READ FPDMA QUEUED
[So Jul 26 16:49:04 2026] ata1.00: failed command: WRITE FPDMA QUEUED
[So Jul 26 16:49:04 2026] ata1: hard resetting link
[So Jul 26 16:51:10 2026] ata1.00: failed command: WRITE FPDMA QUEUED
[So Jul 26 16:51:10 2026] ata1.00: failed command: WRITE FPDMA QUEUED
[So Jul 26 16:51:10 2026] ata1.00: failed command: WRITE FPDMA QUEUED
[So Jul 26 16:51:10 2026] ata1.00: failed command: WRITE FPDMA QUEUED
[So Jul 26 16:51:10 2026] ata1: hard resetting link
[So Jul 26 16:55:11 2026] ata1.00: failed command: WRITE FPDMA QUEUED
[So Jul 26 16:55:11 2026] ata1.00: failed command: WRITE FPDMA QUEUED
[So Jul 26 16:55:11 2026] ata1.00: failed command: WRITE FPDMA QUEUED
[So Jul 26 16:55:11 2026] ata1: hard resetting link
[So Jul 26 17:02:36 2026] ata1.00: failed command: WRITE FPDMA QUEUED
[So Jul 26 17:02:36 2026] ata1: hard resetting link
[So Jul 26 17:02:36 2026] ata1.00: failed command: WRITE FPDMA QUEUED
[So Jul 26 17:02:36 2026] ata1: hard resetting link
[So Jul 26 15:53:33 2026] systemd[1]: Listening on systemd-factory-reset.socket - Factory Reset Management.
[So Jul 26 15:53:36 2026] Bluetooth: hci0: Reading supported features failed (-16)
[So Jul 26 16:10:37 2026] cfg80211: Loading compiled-in X.509 certificates for regulatory database
[So Jul 26 16:10:37 2026] usb 1-1: Dumping efuse for RTL8188EU (0x200 bytes):
[So Jul 26 16:10:37 2026] usb 1-1: RTL8188EU rev D (TSMC) romver 0, 1T1R, TX queues 2, WiFi=1, BT=0, GPS=0, HI PA=0
[So Jul 26 16:10:37 2026] usb 1-1: RTL8188EU MAC: bc:fc:e7:29:24:07
[So Jul 26 16:10:37 2026] usb 1-1: rtl8xxxu: Loading firmware rtlwifi/rtl8188eufw.bin
[So Jul 26 16:10:38 2026] usbcore: registered new interface driver rtl8xxxu
[So Jul 26 16:10:38 2026] rtl8xxxu 1-1:1.0 wlxbcfce7292407: renamed from wlan0
[So Jul 26 16:10:43 2026] wlxbcfce7292407: authenticate with b8:ec:a3:dc:73:f5 (local address=bc:fc:e7:29:24:07)
[So Jul 26 16:10:43 2026] wlxbcfce7292407: send auth to b8:ec:a3:dc:73:f5 (try 1/3)
[So Jul 26 16:10:43 2026] wlxbcfce7292407: authenticated
[So Jul 26 16:10:43 2026] wlxbcfce7292407: associate with b8:ec:a3:dc:73:f5 (try 1/3)
[So Jul 26 16:10:43 2026] wlxbcfce7292407: RX AssocResp from b8:ec:a3:dc:73:f5 (capab=0x411 status=0 aid=40)
[So Jul 26 16:10:43 2026] usb 1-1: rtl8xxxu_bss_info_changed: HT supported
[So Jul 26 16:10:43 2026] wlxbcfce7292407: associated
[So Jul 26 16:10:47 2026] iwlwifi 0000:03:00.0: enabling device (0000 -> 0002)
[So Jul 26 16:10:47 2026] iwlwifi 0000:03:00.0: Detected crf-id 0xbadcafe, cnv-id 0x3000000 wfpm id 0x80000000
[So Jul 26 16:10:47 2026] iwlwifi 0000:03:00.0: PCI dev 24f3/0130, rev=0x201, rfid=0xd55555d5
[So Jul 26 16:10:47 2026] iwlwifi 0000:03:00.0: Detected Intel(R) Dual Band Wireless-AC 8260
[So Jul 26 16:10:47 2026] iwlwifi 0000:03:00.0: loaded firmware version 36.c8e8e144.0 8000C-36.ucode op_mode iwlmvm
[So Jul 26 16:10:47 2026] iwlwifi 0000:03:00.0: base HW address: f4:8c:50:23:4a:74, OTP minor version: 0x4
[So Jul 26 16:10:48 2026] ieee80211 phy1: Selected rate control algorithm 'iwl-mvm-rs'
[So Jul 26 16:10:48 2026] iwlwifi 0000:03:00.0 wlp3s0: renamed from wlan0
[So Jul 26 16:11:10 2026] wlxbcfce7292407: deauthenticating from b8:ec:a3:dc:73:f5 by local choice (Reason: 3=DEAUTH_LEAVING)
[So Jul 26 16:11:12 2026] wlxbcfce7292407: authenticate with b8:ec:a3:dc:73:f5 (local address=bc:fc:e7:29:24:07)
[So Jul 26 16:11:12 2026] wlxbcfce7292407: send auth to b8:ec:a3:dc:73:f5 (try 1/3)
[So Jul 26 16:11:12 2026] wlxbcfce7292407: authenticated
[So Jul 26 16:11:12 2026] wlxbcfce7292407: associate with b8:ec:a3:dc:73:f5 (try 1/3)
[So Jul 26 16:11:12 2026] wlxbcfce7292407: RX AssocResp from b8:ec:a3:dc:73:f5 (capab=0x411 status=0 aid=40)
[So Jul 26 16:11:12 2026] usb 1-1: rtl8xxxu_bss_info_changed: HT supported
[So Jul 26 16:11:12 2026] wlxbcfce7292407: associated
[So Jul 26 16:11:15 2026] wlp3s0: authenticate with b8:ec:a3:dc:73:f5 (local address=f4:8c:50:23:4a:74)
[So Jul 26 16:11:15 2026] wlp3s0: send auth to b8:ec:a3:dc:73:f5 (try 1/3)
[So Jul 26 16:11:15 2026] wlp3s0: authenticated
[So Jul 26 16:11:15 2026] wlp3s0: associate with b8:ec:a3:dc:73:f5 (try 1/3)
[So Jul 26 16:11:15 2026] wlp3s0: RX AssocResp from b8:ec:a3:dc:73:f5 (capab=0x411 status=0 aid=45)
[So Jul 26 16:11:15 2026] wlp3s0: associated
[So Jul 26 16:11:29 2026] wlp3s0: authenticate with b8:ec:a3:dc:73:f5 (local address=f4:8c:50:23:4a:74)
[So Jul 26 16:11:29 2026] wlp3s0: send auth to b8:ec:a3:dc:73:f5 (try 1/3)
[So Jul 26 16:11:29 2026] wlp3s0: authenticated
[So Jul 26 16:11:29 2026] wlp3s0: associate with b8:ec:a3:dc:73:f5 (try 1/3)
[So Jul 26 16:11:29 2026] wlp3s0: associate with b8:ec:a3:dc:73:f5 (try 2/3)
[So Jul 26 16:11:29 2026] wlp3s0: associate with b8:ec:a3:dc:73:f5 (try 3/3)
[So Jul 26 16:11:29 2026] wlp3s0: association with b8:ec:a3:dc:73:f5 timed out
[So Jul 26 16:12:16 2026] wlp3s0: authenticate with b8:ec:a3:dc:73:f5 (local address=f4:8c:50:23:4a:74)
[So Jul 26 16:12:16 2026] wlp3s0: send auth to b8:ec:a3:dc:73:f5 (try 1/3)
[So Jul 26 16:12:16 2026] wlp3s0: authenticated
[So Jul 26 16:12:16 2026] wlp3s0: associate with b8:ec:a3:dc:73:f5 (try 1/3)
[So Jul 26 16:12:16 2026] wlp3s0: RX AssocResp from b8:ec:a3:dc:73:f5 (capab=0x411 status=0 aid=45)
[So Jul 26 16:12:16 2026] wlp3s0: associated
[So Jul 26 16:12:23 2026] wlp3s0: Connection to AP b8:ec:a3:dc:73:f5 lost
[So Jul 26 16:20:45 2026] ata1.00: failed command: WRITE FPDMA QUEUED
[So Jul 26 16:20:45 2026] ata1: hard resetting link
[So Jul 26 16:27:35 2026] wlxbcfce7292407: authenticate with b8:ec:a3:dc:73:f5 (local address=bc:fc:e7:29:24:07)
[So Jul 26 16:27:35 2026] wlxbcfce7292407: send auth to b8:ec:a3:dc:73:f5 (try 1/3)
[So Jul 26 16:27:35 2026] wlxbcfce7292407: authenticated
[So Jul 26 16:27:35 2026] wlxbcfce7292407: associate with b8:ec:a3:dc:73:f5 (try 1/3)
[So Jul 26 16:27:35 2026] wlxbcfce7292407: associate with b8:ec:a3:dc:73:f5 (try 2/3)
[So Jul 26 16:27:35 2026] wlxbcfce7292407: associate with b8:ec:a3:dc:73:f5 (try 3/3)
[So Jul 26 16:27:35 2026] wlxbcfce7292407: association with b8:ec:a3:dc:73:f5 timed out
[So Jul 26 16:27:43 2026] wlxbcfce7292407: authenticate with b8:ec:a3:dc:73:f5 (local address=bc:fc:e7:29:24:07)
[So Jul 26 16:27:43 2026] wlxbcfce7292407: send auth to b8:ec:a3:dc:73:f5 (try 1/3)
[So Jul 26 16:27:43 2026] wlxbcfce7292407: authenticated
[So Jul 26 16:27:43 2026] wlxbcfce7292407: associate with b8:ec:a3:dc:73:f5 (try 1/3)
[So Jul 26 16:27:43 2026] wlxbcfce7292407: RX AssocResp from b8:ec:a3:dc:73:f5 (capab=0x411 status=0 aid=40)
[So Jul 26 16:27:43 2026] usb 1-1: rtl8xxxu_bss_info_changed: HT supported
[So Jul 26 16:27:43 2026] wlxbcfce7292407: associated
[So Jul 26 16:31:03 2026] ata1.00: failed command: WRITE FPDMA QUEUED
[So Jul 26 16:31:03 2026] ata1.00: failed command: WRITE FPDMA QUEUED
[So Jul 26 16:31:03 2026] ata1: hard resetting link
[So Jul 26 16:31:07 2026] usbcore: deregistering interface driver rtl8xxxu
[So Jul 26 16:31:07 2026] wlxbcfce7292407: deauthenticating from b8:ec:a3:dc:73:f5 by local choice (Reason: 3=DEAUTH_LEAVING)
[So Jul 26 16:31:07 2026] usb 1-1: Device still attached, trying to reset
[So Jul 26 16:31:07 2026] usb 1-1: reset high-speed USB device number 8 using xhci_hcd
[So Jul 26 16:31:09 2026] iwlwifi 0000:03:00.0: Detected crf-id 0xbadcafe, cnv-id 0x3000000 wfpm id 0x80000000
[So Jul 26 16:31:09 2026] iwlwifi 0000:03:00.0: PCI dev 24f3/0130, rev=0x201, rfid=0xd55555d5
[So Jul 26 16:31:09 2026] iwlwifi 0000:03:00.0: Detected Intel(R) Dual Band Wireless-AC 8260
[So Jul 26 16:31:09 2026] iwlwifi 0000:03:00.0: loaded firmware version 36.c8e8e144.0 8000C-36.ucode op_mode iwlmvm
[So Jul 26 16:31:09 2026] usb 1-1: Dumping efuse for RTL8188EU (0x200 bytes):
[So Jul 26 16:31:09 2026] usb 1-1: RTL8188EU rev D (TSMC) romver 0, 1T1R, TX queues 2, WiFi=1, BT=0, GPS=0, HI PA=0
[So Jul 26 16:31:09 2026] usb 1-1: RTL8188EU MAC: bc:fc:e7:29:24:07
[So Jul 26 16:31:09 2026] usb 1-1: rtl8xxxu: Loading firmware rtlwifi/rtl8188eufw.bin
[So Jul 26 16:31:09 2026] iwlwifi 0000:03:00.0: base HW address: f4:8c:50:23:4a:74, OTP minor version: 0x4
[So Jul 26 16:31:09 2026] ieee80211 phy3: Selected rate control algorithm 'iwl-mvm-rs'
[So Jul 26 16:31:09 2026] iwlwifi 0000:03:00.0 wlp3s0: renamed from wlan0
[So Jul 26 16:31:10 2026] usbcore: registered new interface driver rtl8xxxu
[So Jul 26 16:31:10 2026] rtl8xxxu 1-1:1.0 wlxbcfce7292407: renamed from wlan0
[So Jul 26 16:31:11 2026] wlxbcfce7292407: authenticate with b8:ec:a3:dc:73:f5 (local address=bc:fc:e7:29:24:07)
[So Jul 26 16:31:11 2026] wlxbcfce7292407: send auth to b8:ec:a3:dc:73:f5 (try 1/3)
[So Jul 26 16:31:11 2026] wlxbcfce7292407: authenticated
[So Jul 26 16:31:11 2026] wlxbcfce7292407: associate with b8:ec:a3:dc:73:f5 (try 1/3)
[So Jul 26 16:31:12 2026] wlxbcfce7292407: associate with b8:ec:a3:dc:73:f5 (try 2/3)
[So Jul 26 16:31:12 2026] wlxbcfce7292407: associate with b8:ec:a3:dc:73:f5 (try 3/3)
[So Jul 26 16:31:12 2026] wlxbcfce7292407: association with b8:ec:a3:dc:73:f5 timed out
[So Jul 26 16:31:13 2026] wlxbcfce7292407: authenticate with b8:ec:a3:dc:73:f5 (local address=bc:fc:e7:29:24:07)
[So Jul 26 16:31:13 2026] wlxbcfce7292407: send auth to b8:ec:a3:dc:73:f5 (try 1/3)
[So Jul 26 16:31:13 2026] wlxbcfce7292407: authenticated
[So Jul 26 16:31:13 2026] wlxbcfce7292407: associate with b8:ec:a3:dc:73:f5 (try 1/3)
[So Jul 26 16:31:13 2026] wlxbcfce7292407: associate with b8:ec:a3:dc:73:f5 (try 2/3)
[So Jul 26 16:31:13 2026] wlxbcfce7292407: associate with b8:ec:a3:dc:73:f5 (try 3/3)
[So Jul 26 16:31:14 2026] wlxbcfce7292407: association with b8:ec:a3:dc:73:f5 timed out
[So Jul 26 16:31:21 2026] wlxbcfce7292407: authenticate with b8:ec:a3:dc:73:f5 (local address=bc:fc:e7:29:24:07)
[So Jul 26 16:31:21 2026] wlxbcfce7292407: send auth to b8:ec:a3:dc:73:f5 (try 1/3)
[So Jul 26 16:31:21 2026] wlxbcfce7292407: authenticated
[So Jul 26 16:31:21 2026] wlxbcfce7292407: associate with b8:ec:a3:dc:73:f5 (try 1/3)
[So Jul 26 16:31:21 2026] wlxbcfce7292407: RX AssocResp from b8:ec:a3:dc:73:f5 (capab=0x411 status=0 aid=40)
[So Jul 26 16:31:21 2026] usb 1-1: rtl8xxxu_bss_info_changed: HT supported
[So Jul 26 16:31:21 2026] wlxbcfce7292407: associated
[So Jul 26 16:34:08 2026] wlxbcfce7292407: deauthenticating from b8:ec:a3:dc:73:f5 by local choice (Reason: 3=DEAUTH_LEAVING)
[So Jul 26 16:34:15 2026] usb 1-1: Dumping efuse for RTL8188EU (0x200 bytes):
[So Jul 26 16:34:15 2026] usb 1-1: RTL8188EU rev D (TSMC) romver 0, 1T1R, TX queues 2, WiFi=1, BT=0, GPS=0, HI PA=0
[So Jul 26 16:34:15 2026] usb 1-1: RTL8188EU MAC: bc:fc:e7:29:24:07
[So Jul 26 16:34:15 2026] usb 1-1: rtl8xxxu: Loading firmware rtlwifi/rtl8188eufw.bin
[So Jul 26 16:34:16 2026] rtl8xxxu 1-1:1.0 wlxbcfce7292407: renamed from wlan0
[So Jul 26 16:34:26 2026] wlxbcfce7292407: authenticate with b8:ec:a3:dc:73:f5 (local address=bc:fc:e7:29:24:07)
[So Jul 26 16:34:26 2026] wlxbcfce7292407: send auth to b8:ec:a3:dc:73:f5 (try 1/3)
[So Jul 26 16:34:26 2026] wlxbcfce7292407: authenticated
[So Jul 26 16:34:26 2026] wlxbcfce7292407: associate with b8:ec:a3:dc:73:f5 (try 1/3)
[So Jul 26 16:34:26 2026] wlxbcfce7292407: associate with b8:ec:a3:dc:73:f5 (try 2/3)
[So Jul 26 16:34:27 2026] wlxbcfce7292407: associate with b8:ec:a3:dc:73:f5 (try 3/3)
[So Jul 26 16:34:27 2026] wlxbcfce7292407: association with b8:ec:a3:dc:73:f5 timed out
[So Jul 26 16:34:34 2026] wlxbcfce7292407: authenticate with b8:ec:a3:dc:73:f5 (local address=bc:fc:e7:29:24:07)
[So Jul 26 16:34:34 2026] wlxbcfce7292407: send auth to b8:ec:a3:dc:73:f5 (try 1/3)
[So Jul 26 16:34:34 2026] wlxbcfce7292407: authenticated
[So Jul 26 16:34:34 2026] wlxbcfce7292407: associate with b8:ec:a3:dc:73:f5 (try 1/3)
[So Jul 26 16:34:34 2026] wlxbcfce7292407: RX AssocResp from b8:ec:a3:dc:73:f5 (capab=0x411 status=0 aid=40)
[So Jul 26 16:34:34 2026] usb 1-1: rtl8xxxu_bss_info_changed: HT supported
[So Jul 26 16:34:34 2026] wlxbcfce7292407: associated
[So Jul 26 16:45:57 2026] wlxbcfce7292407: deauthenticating from b8:ec:a3:dc:73:f5 by local choice (Reason: 3=DEAUTH_LEAVING)
[So Jul 26 16:45:58 2026] usb 1-1: Device still attached, trying to reset
[So Jul 26 16:45:58 2026] usb 1-1: reset high-speed USB device number 9 using xhci_hcd
[So Jul 26 16:45:59 2026] usb 1-7: reset high-speed USB device number 5 using xhci_hcd
[So Jul 26 16:45:59 2026] usb 1-2: reset high-speed USB device number 3 using xhci_hcd
[So Jul 26 16:45:59 2026] usb 1-6: reset full-speed USB device number 4 using xhci_hcd
[So Jul 26 16:46:00 2026] usb 1-1: Dumping efuse for RTL8188EU (0x200 bytes):
[So Jul 26 16:46:00 2026] usb 1-1: RTL8188EU rev D (TSMC) romver 0, 1T1R, TX queues 2, WiFi=1, BT=0, GPS=0, HI PA=0
[So Jul 26 16:46:00 2026] usb 1-1: RTL8188EU MAC: bc:fc:e7:29:24:07
[So Jul 26 16:46:00 2026] usb 1-1: rtl8xxxu: Loading firmware rtlwifi/rtl8188eufw.bin
[So Jul 26 16:46:01 2026] rtl8xxxu 1-1:1.0 wlxbcfce7292407: renamed from wlan0
[So Jul 26 16:46:02 2026] wlxbcfce7292407: authenticate with b8:ec:a3:dc:73:f5 (local address=bc:fc:e7:29:24:07)
[So Jul 26 16:46:02 2026] wlxbcfce7292407: send auth to b8:ec:a3:dc:73:f5 (try 1/3)
[So Jul 26 16:46:02 2026] wlxbcfce7292407: authenticated
[So Jul 26 16:46:02 2026] wlxbcfce7292407: associate with b8:ec:a3:dc:73:f5 (try 1/3)
[So Jul 26 16:46:02 2026] wlxbcfce7292407: RX AssocResp from b8:ec:a3:dc:73:f5 (capab=0x411 status=0 aid=46)
[So Jul 26 16:46:02 2026] usb 1-1: rtl8xxxu_bss_info_changed: HT supported
[So Jul 26 16:46:02 2026] wlxbcfce7292407: associated
[So Jul 26 16:49:04 2026] ata1.00: failed command: WRITE FPDMA QUEUED
[So Jul 26 16:49:04 2026] ata1.00: failed command: READ FPDMA QUEUED
[So Jul 26 16:49:04 2026] ata1.00: failed command: WRITE FPDMA QUEUED
[So Jul 26 16:49:04 2026] ata1: hard resetting link
[So Jul 26 16:51:10 2026] ata1.00: failed command: WRITE FPDMA QUEUED
[So Jul 26 16:51:10 2026] ata1.00: failed command: WRITE FPDMA QUEUED
[So Jul 26 16:51:10 2026] ata1.00: failed command: WRITE FPDMA QUEUED
[So Jul 26 16:51:10 2026] ata1.00: failed command: WRITE FPDMA QUEUED
[So Jul 26 16:51:10 2026] ata1: hard resetting link
[So Jul 26 16:55:11 2026] ata1.00: failed command: WRITE FPDMA QUEUED
[So Jul 26 16:55:11 2026] ata1.00: failed command: WRITE FPDMA QUEUED
[So Jul 26 16:55:11 2026] ata1.00: failed command: WRITE FPDMA QUEUED
[So Jul 26 16:55:11 2026] ata1: hard resetting link
[So Jul 26 17:02:36 2026] ata1.00: failed command: WRITE FPDMA QUEUED
[So Jul 26 17:02:36 2026] ata1: hard resetting link
[So Jul 26 17:02:36 2026] ata1.00: failed command: WRITE FPDMA QUEUED
[So Jul 26 17:02:36 2026] ata1: hard resetting link
