Timestamp,Interface,Signal_dBm,Tx_Bitrate_Mbps,Rx_Bitrate_Mbps,Ping_Gateway_ms,Packet_Loss_Pct,Driver_State
2026-07-26 17:06:06,wlxbcfce7292407,-63,52.0,39.0,1.598,0,Connected
2026-07-26 17:06:37,wlxbcfce7292407,-67,52.0,39.0,62.827,0,Connected
2026-07-26 17:07:08,wlxbcfce7292407,-63,52.0,6.5,4.353,0,Connected
2026-07-26 17:07:39,wlxbcfce7292407,-63,52.0,52.0,2.106,0,Connected
2026-07-26 17:08:10,wlxbcfce7292407,-62,52.0,26.0,1.915,0,Connected
2026-07-26 17:08:41,wlxbcfce7292407,-63,52.0,52.0,2.625,0,Connected
2026-07-26 17:09:12,wlxbcfce7292407,-63,52.0,19.5,4.858,0,Connected
2026-07-26 17:09:43,wlxbcfce7292407,-59,39.0,39.0,4.645,0,Connected
2026-07-26 17:10:14,wlxbcfce7292407,-61,39.0,26.0,6.075,0,Connected
2026-07-26 17:10:45,wlxbcfce7292407,-67,52.0,26.0,3.471,0,Connected
2026-07-26 17:11:16,wlxbcfce7292407,-61,52.0,39.0,1.820,0,Connected
2026-07-26 17:11:46,wlxbcfce7292407,-59,52.0,26.0,2.700,0,Connected
2026-07-26 17:12:17,wlxbcfce7292407,-71,52.0,26.0,6.258,0,Connected
2026-07-26 17:12:48,wlxbcfce7292407,-69,39.0,39.0,1.925,0,Connected
2026-07-26 17:13:19,wlxbcfce7292407,-71,39.0,1.0,8.752,0,Connected
2026-07-26 17:13:50,wlxbcfce7292407,-69,39.0,19.5,1.668,0,Connected
2026-07-26 17:14:21,wlxbcfce7292407,-63,39.0,19.5,31.115,0,Connected
2026-07-26 17:14:52,wlxbcfce7292407,-79,39.0,13.0,2.203,0,Connected
2026-07-26 17:15:23,wlxbcfce7292407,-59,39.0,26.0,3.643,0,Connected
2026-07-26 17:15:54,wlxbcfce7292407,-63,39.0,19.5,1.716,0,Connected
2026-07-26 17:16:24,wlxbcfce7292407,-51,52.0,52.0,4.030,0,Connected
2026-07-26 17:16:55,wlxbcfce7292407,-47,52.0,65.0,5.854,0,Connected
2026-07-26 17:17:26,wlxbcfce7292407,-47,52.0,65.0,1.622,0,Connected
2026-07-26 17:17:57,wlxbcfce7292407,-47,52.0,65.0,1.983,0,Connected
2026-07-26 17:18:28,wlxbcfce7292407,-51,52.0,65.0,4.161,0,Connected
2026-07-26 17:18:59,wlxbcfce7292407,-46,58.5,65.0,1.875,0,Connected
2026-07-26 17:19:30,wlxbcfce7292407,-47,58.5,5.5,4.077,0,Connected
2026-07-26 17:20:01,wlxbcfce7292407,-47,58.5,65.0,2.313,0,Connected
2026-07-26 17:20:32,wlxbcfce7292407,-51,58.5,65.0,2.493,0,Connected
2026-07-26 17:21:02,wlxbcfce7292407,-47,58.5,58.5,3.734,0,Connected
2026-07-26 17:21:33,wlxbcfce7292407,-47,58.5,65.0,2.101,0,Connected
2026-07-26 17:22:04,wlxbcfce7292407,-55,58.5,52.0,7.237,0,Connected
2026-07-26 17:22:35,wlxbcfce7292407,-55,58.5,65.0,1.738,0,Connected
2026-07-26 17:23:06,wlxbcfce7292407,-47,58.5,65.0,1.777,0,Connected
2026-07-26 17:23:37,wlxbcfce7292407,-47,58.5,65.0,5.642,0,Connected
2026-07-26 17:24:08,wlxbcfce7292407,-49,58.5,65.0,1.893,0,Connected
2026-07-26 17:24:39,wlxbcfce7292407,-47,58.5,65.0,1.971,0,Connected
2026-07-26 17:25:10,wlxbcfce7292407,-47,58.5,65.0,2.141,0,Connected
2026-07-26 17:25:40,wlxbcfce7292407,-47,58.5,65.0,20.081,0,Connected
2026-07-26 17:26:11,wlxbcfce7292407,-47,58.5,26.0,85.368,0,Connected
2026-07-26 17:26:42,wlxbcfce7292407,-47,58.5,65.0,84.345,0,Connected
2026-07-26 17:27:14,wlxbcfce7292407,-55,58.5,58.5,59.106,0,Connected
2026-07-26 17:27:44,wlxbcfce7292407,-55,58.5,65.0,2.035,0,Connected
2026-07-26 17:28:15,wlxbcfce7292407,-51,58.5,65.0,4.810,0,Connected
2026-07-26 17:28:46,wlxbcfce7292407,-51,58.5,65.0,1.879,0,Connected
2026-07-26 17:29:17,wlxbcfce7292407,-47,58.5,26.0,2.049,0,Connected
2026-07-26 17:29:48,wlxbcfce7292407,-51,58.5,52.0,2.326,0,Connected
2026-07-26 17:30:19,wlxbcfce7292407,-51,58.5,39.0,1.799,0,Connected
2026-07-26 17:30:50,wlxbcfce7292407,-51,58.5,65.0,1.843,0,Connected
2026-07-26 17:31:21,wlxbcfce7292407,-47,58.5,65.0,2.084,0,Connected
2026-07-26 17:31:52,wlxbcfce7292407,-51,52.0,58.5,2.235,0,Connected
2026-07-26 17:32:23,wlxbcfce7292407,-47,52.0,26.0,5.025,0,Connected
2026-07-26 17:32:54,wlxbcfce7292407,-47,52.0,65.0,2.209,0,Connected
2026-07-26 17:33:25,wlxbcfce7292407,-47,52.0,65.0,2.023,0,Connected
2026-07-26 17:33:56,wlxbcfce7292407,-51,52.0,65.0,4.015,0,Connected
2026-07-26 17:34:26,wlxbcfce7292407,-47,52.0,65.0,1.887,0,Connected
2026-07-26 17:34:57,wlxbcfce7292407,-47,52.0,58.5,3.455,0,Connected
2026-07-26 17:35:28,wlxbcfce7292407,-47,52.0,65.0,2.209,0,Connected
2026-07-26 17:35:59,wlxbcfce7292407,-47,52.0,65.0,2.244,0,Connected
2026-07-26 17:36:30,wlxbcfce7292407,-51,52.0,13.0,5.419,0,Connected
2026-07-26 17:37:01,wlxbcfce7292407,-47,52.0,58.5,1.957,0,Connected
2026-07-26 17:37:32,wlxbcfce7292407,-49,52.0,13.0,2.902,0,Connected
2026-07-26 17:38:03,wlxbcfce7292407,-49,52.0,5.5,2.339,0,Connected
2026-07-26 17:38:34,wlxbcfce7292407,-47,52.0,65.0,1.721,0,Connected
2026-07-26 17:39:04,wlxbcfce7292407,-51,52.0,58.5,2.998,0,Connected
2026-07-26 17:39:35,wlxbcfce7292407,-49,52.0,58.5,2.072,0,Connected
2026-07-26 17:40:06,wlxbcfce7292407,-47,52.0,39.0,1.941,0,Connected
2026-07-26 17:40:37,wlxbcfce7292407,-47,52.0,65.0,4.124,0,Connected
2026-07-26 17:41:08,wlxbcfce7292407,-47,52.0,58.5,1.929,0,Connected
2026-07-26 17:41:39,wlxbcfce7292407,-47,52.0,26.0,1.675,0,Connected
2026-07-26 17:42:10,wlxbcfce7292407,-47,52.0,65.0,2.050,0,Connected
2026-07-26 17:42:41,wlxbcfce7292407,-47,52.0,58.5,2.041,0,Connected
2026-07-26 17:43:11,wlxbcfce7292407,-47,52.0,58.5,3.963,0,Connected
2026-07-26 17:43:42,wlxbcfce7292407,-49,52.0,58.5,1.800,0,Connected
2026-07-26 17:44:13,wlxbcfce7292407,-47,52.0,39.0,1.898,0,Connected
2026-07-26 17:44:44,wlxbcfce7292407,-51,52.0,58.5,2.363,0,Connected
2026-07-26 17:45:15,wlxbcfce7292407,-49,52.0,52.0,1.824,0,Connected
2026-07-26 17:45:46,wlxbcfce7292407,-47,52.0,65.0,2.566,0,Connected
2026-07-26 17:46:17,wlxbcfce7292407,-51,52.0,58.5,3.600,0,Connected
2026-07-26 20:03:22,wlxbcfce7292407,-47,72.2,26.0,1.771,0,Connected
2026-07-26 20:03:53,wlxbcfce7292407,-47,72.2,19.5,1.996,0,Connected
2026-07-26 20:04:24,wlxbcfce7292407,-51,72.2,5.5,1.944,0,Connected
2026-07-26 20:04:55,wlxbcfce7292407,-59,72.2,19.5,5.290,0,Connected
2026-07-26 20:05:26,wlxbcfce7292407,-65,72.2,39.0,2.608,0,Connected
2026-07-26 20:05:56,wlxbcfce7292407,-63,72.2,52.0,2.238,0,Connected
2026-07-26 20:06:27,wlxbcfce7292407,-75,72.2,58.5,5.127,0,Connected
2026-07-26 20:06:58,wlxbcfce7292407,-63,72.2,52.0,2.634,0,Connected
2026-07-26 20:07:29,wlxbcfce7292407,-85,72.2,39.0,6.147,0,Connected
2026-07-26 20:08:00,wlxbcfce7292407,-61,72.2,26.0,27.851,0,Connected
2026-07-26 20:08:31,wlxbcfce7292407,-59,72.2,26.0,2.199,0,Connected
2026-07-26 20:09:02,wlxbcfce7292407,-59,72.2,19.5,2.408,0,Connected
2026-07-26 20:09:33,wlxbcfce7292407,-60,72.2,52.0,2.299,0,Connected
2026-07-26 20:10:04,wlxbcfce7292407,-67,72.2,52.0,2.179,0,Connected
2026-07-26 20:10:35,wlxbcfce7292407,-67,72.2,6.0,2.437,0,Connected
2026-07-26 20:11:06,wlxbcfce7292407,-75,72.2,19.5,1.994,0,Connected
2026-07-26 20:11:37,wlxbcfce7292407,-75,72.2,52.0,2.284,0,Connected
2026-07-26 20:12:08,wlxbcfce7292407,-71,72.2,52.0,3.627,0,Connected
2026-07-26 20:12:38,wlxbcfce7292407,-67,72.2,52.0,2.123,0,Connected
2026-07-26 20:13:09,wlxbcfce7292407,-63,72.2,39.0,1.933,0,Connected
2026-07-26 20:13:40,wlxbcfce7292407,-63,72.2,6.0,2.158,0,Connected
2026-07-26 20:14:11,wlxbcfce7292407,-65,72.2,52.0,11.970,0,Connected
2026-07-26 20:14:42,wlxbcfce7292407,-63,72.2,5.5,3.832,0,Connected
2026-07-26 20:15:13,wlxbcfce7292407,N/A,0,0,TIMEOUT,100,Disconnected
2026-07-26 20:15:45,wlxbcfce7292407,-60,72.2,52.0,1.918,0,Connected
2026-07-26 20:16:16,wlxbcfce7292407,-63,72.2,52.0,2.196,0,Connected
2026-07-26 20:16:47,wlxbcfce7292407,-63,72.2,6.0,2.599,0,Connected
2026-07-26 20:17:18,wlxbcfce7292407,-85,72.2,52.0,2.613,0,Connected
2026-07-26 20:17:49,wlxbcfce7292407,-67,72.2,39.0,2.095,0,Connected
2026-07-26 20:18:19,wlxbcfce7292407,-60,72.2,39.0,2.236,0,Connected
2026-07-26 20:18:50,wlxbcfce7292407,-60,72.2,39.0,2.304,0,Connected
2026-07-26 20:19:21,wlxbcfce7292407,-63,72.2,52.0,2.470,0,Connected
2026-07-26 20:19:52,wlxbcfce7292407,-63,72.2,39.0,3.994,0,Connected
2026-07-26 20:20:23,wlxbcfce7292407,-63,72.2,52.0,2.816,0,Connected
2026-07-26 20:20:54,wlxbcfce7292407,-83,72.2,52.0,4.019,0,Connected
2026-07-26 20:21:25,wlxbcfce7292407,-63,72.2,39.0,2.173,0,Connected
2026-07-26 20:21:56,wlxbcfce7292407,-62,72.2,52.0,2.887,0,Connected
2026-07-26 20:22:27,wlxbcfce7292407,-87,72.2,52.0,2.472,0,Connected
2026-07-26 20:22:58,wlxbcfce7292407,-63,72.2,26.0,3.100,0,Connected
2026-07-26 20:23:29,wlxbcfce7292407,-63,72.2,39.0,2.725,0,Connected
2026-07-26 20:24:00,wlxbcfce7292407,-63,72.2,19.5,4.064,0,Connected
2026-07-26 20:24:30,wlxbcfce7292407,-63,72.2,39.0,5.645,0,Connected
2026-07-26 20:25:01,wlxbcfce7292407,-63,72.2,19.5,1.922,0,Connected
2026-07-26 20:25:32,wlxbcfce7292407,-79,72.2,39.0,5.280,0,Connected
2026-07-26 20:26:03,wlxbcfce7292407,-63,72.2,52.0,9.263,0,Connected
2026-07-26 20:26:34,wlxbcfce7292407,-63,72.2,39.0,4.007,0,Connected
2026-07-26 20:27:05,wlxbcfce7292407,-63,72.2,26.0,4.825,0,Connected
2026-07-26 20:27:36,wlxbcfce7292407,-79,72.2,19.5,2.929,0,Connected
2026-07-26 20:28:07,wlxbcfce7292407,-63,72.2,13.0,37.398,0,Connected
2026-07-26 20:28:38,wlxbcfce7292407,-83,72.2,39.0,5.230,0,Connected
2026-07-26 20:29:09,wlxbcfce7292407,-63,72.2,26.0,2.190,0,Connected
2026-07-26 20:29:40,wlxbcfce7292407,-63,72.2,39.0,2.986,0,Connected
2026-07-26 20:30:10,wlxbcfce7292407,-61,72.2,52.0,19.258,0,Connected
2026-07-26 20:30:41,wlxbcfce7292407,-63,72.2,39.0,1.968,0,Connected
2026-07-26 20:31:12,wlxbcfce7292407,-63,72.2,39.0,12.469,0,Connected
2026-07-26 20:31:43,wlxbcfce7292407,-62,72.2,52.0,1.980,0,Connected
2026-07-26 20:32:14,wlxbcfce7292407,-85,72.2,19.5,2.052,0,Connected
2026-07-26 20:32:45,wlxbcfce7292407,-63,72.2,52.0,1.994,0,Connected
2026-07-26 20:33:16,wlxbcfce7292407,-75,72.2,52.0,57.357,0,Connected
2026-07-26 20:33:47,wlxbcfce7292407,-63,72.2,52.0,4.500,0,Connected
2026-07-26 20:34:18,wlxbcfce7292407,-87,72.2,5.5,1.903,0,Connected
2026-07-26 20:34:49,wlxbcfce7292407,-61,72.2,39.0,2.037,0,Connected
2026-07-26 20:35:19,wlxbcfce7292407,-63,72.2,,NO_GATEWAY,100,Connected
2026-07-26 20:35:50,wlxbcfce7292407,-63,72.2,58.5,2.099,0,Connected
2026-07-26 20:36:20,wlxbcfce7292407,N/A,0,0,TIMEOUT,100,Disconnected
2026-07-26 20:36:52,wlxbcfce7292407,N/A,0,0,NO_GATEWAY,100,Disconnected
2026-07-26 20:37:22,wlxbcfce7292407,-83,72.2,5.5,NO_GATEWAY,100,Connected
2026-07-26 20:37:52,wlxbcfce7292407,N/A,0,0,NO_GATEWAY,100,Disconnected
2026-07-26 20:38:22,wlxbcfce7292407,N/A,0,0,NO_GATEWAY,100,Disconnected
2026-07-26 20:38:52,wlxbcfce7292407,N/A,0,0,NO_GATEWAY,100,Disconnected
2026-07-26 20:39:22,wlxbcfce7292407,N/A,0,0,NO_GATEWAY,100,Disconnected
2026-07-26 20:39:52,wlxbcfce7292407,N/A,0,0,NO_GATEWAY,100,Disconnected
2026-07-26 20:40:22,wlxbcfce7292407,N/A,0,0,NO_GATEWAY,100,Disconnected
2026-07-26 20:40:52,wlxbcfce7292407,N/A,0,0,NO_GATEWAY,100,Disconnected
2026-07-26 20:41:22,wlxbcfce7292407,N/A,0,0,NO_GATEWAY,100,Disconnected
2026-07-26 20:41:53,wlxbcfce7292407,N/A,0,0,NO_GATEWAY,100,Disconnected
2026-07-26 20:42:23,wlxbcfce7292407,N/A,0,0,NO_GATEWAY,100,Disconnected
2026-07-26 20:42:53,wlxbcfce7292407,N/A,0,0,NO_GATEWAY,100,Disconnected
2026-07-26 20:43:23,wlxbcfce7292407,N/A,0,0,NO_GATEWAY,100,Disconnected
2026-07-26 20:43:53,wlxbcfce7292407,N/A,0,0,NO_GATEWAY,100,Disconnected
2026-07-26 20:44:23,wlxbcfce7292407,N/A,0,0,NO_GATEWAY,100,Disconnected
2026-07-26 20:44:53,wlxbcfce7292407,N/A,0,0,NO_GATEWAY,100,Disconnected
2026-07-26 20:45:23,wlxbcfce7292407,N/A,0,0,NO_GATEWAY,100,Disconnected
2026-07-26 20:45:53,wlxbcfce7292407,N/A,0,0,NO_GATEWAY,100,Disconnected
2026-07-26 20:46:23,wlxbcfce7292407,N/A,0,0,NO_GATEWAY,100,Disconnected
2026-07-26 20:46:53,wlxbcfce7292407,N/A,0,0,NO_GATEWAY,100,Disconnected
2026-07-26 20:47:23,wlxbcfce7292407,N/A,0,0,NO_GATEWAY,100,Disconnected
2026-07-26 20:47:53,wlxbcfce7292407,N/A,0,0,NO_GATEWAY,100,Disconnected
2026-07-26 20:48:23,wlxbcfce7292407,N/A,0,0,NO_GATEWAY,100,Disconnected
2026-07-26 20:48:53,wlxbcfce7292407,N/A,0,0,NO_GATEWAY,100,Disconnected
2026-07-26 20:49:23,wlxbcfce7292407,N/A,0,0,NO_GATEWAY,100,Disconnected
2026-07-26 20:49:53,wlxbcfce7292407,N/A,0,0,NO_GATEWAY,100,Disconnected
2026-07-26 20:50:23,wlxbcfce7292407,N/A,0,0,NO_GATEWAY,100,Disconnected
2026-07-26 20:50:53,wlxbcfce7292407,N/A,0,0,NO_GATEWAY,100,Disconnected
2026-07-26 20:51:24,wlxbcfce7292407,N/A,0,0,NO_GATEWAY,100,Disconnected
2026-07-26 20:51:54,wlxbcfce7292407,N/A,0,0,NO_GATEWAY,100,Disconnected
2026-07-26 20:52:24,wlxbcfce7292407,N/A,0,0,NO_GATEWAY,100,Disconnected
2026-07-26 20:52:54,wlxbcfce7292407,N/A,0,0,NO_GATEWAY,100,Disconnected
2026-07-26 20:53:24,wlxbcfce7292407,N/A,0,0,NO_GATEWAY,100,Disconnected
2026-07-26 20:53:54,wlxbcfce7292407,N/A,0,0,NO_GATEWAY,100,Disconnected
2026-07-26 20:54:24,wlxbcfce7292407,N/A,0,0,NO_GATEWAY,100,Disconnected
2026-07-26 20:54:54,wlxbcfce7292407,N/A,0,0,NO_GATEWAY,100,Disconnected
2026-07-26 20:55:24,wlxbcfce7292407,N/A,0,0,NO_GATEWAY,100,Disconnected
2026-07-26 20:55:54,wlxbcfce7292407,N/A,0,0,NO_GATEWAY,100,Disconnected
2026-07-26 20:56:24,wlxbcfce7292407,N/A,0,0,NO_GATEWAY,100,Disconnected
2026-07-26 20:56:54,wlxbcfce7292407,N/A,0,0,NO_GATEWAY,100,Disconnected
2026-07-26 20:57:24,wlxbcfce7292407,N/A,0,0,NO_GATEWAY,100,Disconnected
2026-07-26 20:57:54,wlxbcfce7292407,N/A,0,0,NO_GATEWAY,100,Disconnected
2026-07-26 20:58:24,wlxbcfce7292407,N/A,0,0,NO_GATEWAY,100,Disconnected
2026-07-26 20:58:54,wlxbcfce7292407,N/A,0,0,NO_GATEWAY,100,Disconnected
2026-07-26 20:59:24,wlxbcfce7292407,N/A,0,0,NO_GATEWAY,100,Disconnected
2026-07-26 20:59:54,wlxbcfce7292407,N/A,0,0,NO_GATEWAY,100,Disconnected
2026-07-26 21:00:24,wlxbcfce7292407,N/A,0,0,NO_GATEWAY,100,Disconnected
2026-07-26 21:00:55,wlxbcfce7292407,N/A,0,0,NO_GATEWAY,100,Disconnected
2026-07-26 21:01:25,wlxbcfce7292407,N/A,0,0,NO_GATEWAY,100,Disconnected
2026-07-26 21:01:55,wlxbcfce7292407,N/A,0,0,NO_GATEWAY,100,Disconnected
2026-07-26 21:02:25,wlxbcfce7292407,N/A,0,0,NO_GATEWAY,100,Disconnected
2026-07-26 21:02:55,wlxbcfce7292407,N/A,0,0,NO_GATEWAY,100,Disconnected
2026-07-26 21:03:25,wlxbcfce7292407,N/A,0,0,NO_GATEWAY,100,Disconnected
2026-07-26 21:03:55,wlxbcfce7292407,N/A,0,0,NO_GATEWAY,100,Disconnected
2026-07-26 21:04:25,wlxbcfce7292407,N/A,0,0,NO_GATEWAY,100,Disconnected
2026-07-26 21:04:55,wlxbcfce7292407,N/A,0,0,NO_GATEWAY,100,Disconnected
2026-07-26 21:05:25,wlxbcfce7292407,N/A,0,0,NO_GATEWAY,100,Disconnected
2026-07-26 21:05:55,wlxbcfce7292407,N/A,0,0,NO_GATEWAY,100,Disconnected
2026-07-26 21:06:25,wlxbcfce7292407,N/A,0,0,NO_GATEWAY,100,Disconnected
2026-07-26 21:06:55,wlxbcfce7292407,N/A,0,0,NO_GATEWAY,100,Disconnected
2026-07-26 21:07:25,wlxbcfce7292407,N/A,0,0,NO_GATEWAY,100,Disconnected
2026-07-26 21:07:55,wlxbcfce7292407,N/A,0,0,NO_GATEWAY,100,Disconnected
2026-07-26 21:08:25,wlxbcfce7292407,N/A,0,0,NO_GATEWAY,100,Disconnected
2026-07-26 21:08:55,wlxbcfce7292407,N/A,0,0,NO_GATEWAY,100,Disconnected
2026-07-26 21:09:25,wlxbcfce7292407,N/A,0,0,NO_GATEWAY,100,Disconnected
2026-07-26 21:09:55,wlxbcfce7292407,N/A,0,0,NO_GATEWAY,100,Disconnected
2026-07-26 21:10:25,wlxbcfce7292407,N/A,0,0,NO_GATEWAY,100,Disconnected
2026-07-26 21:10:55,wlxbcfce7292407,N/A,0,0,NO_GATEWAY,100,Disconnected
2026-07-26 21:11:25,wlxbcfce7292407,N/A,0,0,NO_GATEWAY,100,Disconnected
2026-07-26 21:11:56,wlxbcfce7292407,N/A,0,0,NO_GATEWAY,100,Disconnected
2026-07-26 21:12:26,wlxbcfce7292407,N/A,0,0,NO_GATEWAY,100,Disconnected
2026-07-26 21:12:56,wlxbcfce7292407,N/A,0,0,NO_GATEWAY,100,Disconnected
2026-07-26 21:13:26,wlxbcfce7292407,N/A,0,0,NO_GATEWAY,100,Disconnected
2026-07-26 21:13:56,wlxbcfce7292407,N/A,0,0,NO_GATEWAY,100,Disconnected
2026-07-26 21:14:26,wlxbcfce7292407,N/A,0,0,NO_GATEWAY,100,Disconnected
2026-07-26 21:14:56,wlxbcfce7292407,N/A,0,0,NO_GATEWAY,100,Disconnected
2026-07-26 21:15:26,wlxbcfce7292407,N/A,0,0,NO_GATEWAY,100,Disconnected
2026-07-26 21:15:56,wlxbcfce7292407,N/A,0,0,NO_GATEWAY,100,Disconnected
2026-07-26 21:16:26,wlxbcfce7292407,N/A,0,0,NO_GATEWAY,100,Disconnected
2026-07-26 21:16:56,wlxbcfce7292407,N/A,0,0,NO_GATEWAY,100,Disconnected
2026-07-26 21:17:26,wlxbcfce7292407,N/A,0,0,NO_GATEWAY,100,Disconnected
2026-07-26 21:17:56,wlxbcfce7292407,N/A,0,0,NO_GATEWAY,100,Disconnected
2026-07-26 21:18:26,wlxbcfce7292407,N/A,0,0,NO_GATEWAY,100,Disconnected
2026-07-26 21:18:56,wlxbcfce7292407,N/A,0,0,NO_GATEWAY,100,Disconnected
2026-07-26 21:19:26,wlxbcfce7292407,N/A,0,0,NO_GATEWAY,100,Disconnected
2026-07-26 21:19:56,wlxbcfce7292407,N/A,0,0,NO_GATEWAY,100,Disconnected
2026-07-26 21:20:26,wlxbcfce7292407,N/A,0,0,NO_GATEWAY,100,Disconnected
2026-07-26 21:20:56,wlxbcfce7292407,N/A,0,0,NO_GATEWAY,100,Disconnected
2026-07-26 21:21:26,wlxbcfce7292407,N/A,0,0,NO_GATEWAY,100,Disconnected
2026-07-26 21:21:56,wlxbcfce7292407,N/A,0,0,NO_GATEWAY,100,Disconnected
2026-07-26 21:22:27,wlxbcfce7292407,N/A,0,0,NO_GATEWAY,100,Disconnected
2026-07-26 21:22:57,wlxbcfce7292407,N/A,0,0,NO_GATEWAY,100,Disconnected
2026-07-26 21:23:27,wlxbcfce7292407,N/A,0,0,NO_GATEWAY,100,Disconnected
2026-07-26 21:23:57,wlxbcfce7292407,N/A,0,0,NO_GATEWAY,100,Disconnected
2026-07-26 21:24:27,wlxbcfce7292407,N/A,0,0,NO_GATEWAY,100,Disconnected
2026-07-26 21:24:57,wlxbcfce7292407,N/A,0,0,NO_GATEWAY,100,Disconnected
2026-07-26 21:25:27,wlxbcfce7292407,N/A,0,0,NO_GATEWAY,100,Disconnected
2026-07-26 21:25:57,wlxbcfce7292407,N/A,0,0,NO_GATEWAY,100,Disconnected
2026-07-26 21:26:27,wlxbcfce7292407,N/A,0,0,NO_GATEWAY,100,Disconnected
2026-07-26 21:26:57,wlxbcfce7292407,N/A,0,0,NO_GATEWAY,100,Disconnected
2026-07-26 21:27:27,wlxbcfce7292407,N/A,0,0,NO_GATEWAY,100,Disconnected
2026-07-26 21:27:57,wlxbcfce7292407,N/A,0,0,NO_GATEWAY,100,Disconnected
2026-07-26 21:28:27,wlxbcfce7292407,N/A,0,0,NO_GATEWAY,100,Disconnected
2026-07-26 21:28:57,wlxbcfce7292407,N/A,0,0,NO_GATEWAY,100,Disconnected
2026-07-26 21:29:27,wlxbcfce7292407,N/A,0,0,NO_GATEWAY,100,Disconnected
2026-07-26 21:29:57,wlxbcfce7292407,N/A,0,0,NO_GATEWAY,100,Disconnected
2026-07-26 21:30:27,wlxbcfce7292407,N/A,0,0,NO_GATEWAY,100,Disconnected
2026-07-26 21:30:57,wlxbcfce7292407,N/A,0,0,NO_GATEWAY,100,Disconnected
2026-07-26 21:31:27,wlxbcfce7292407,N/A,0,0,NO_GATEWAY,100,Disconnected
2026-07-26 21:31:57,wlxbcfce7292407,N/A,0,0,NO_GATEWAY,100,Disconnected
2026-07-26 21:32:28,wlxbcfce7292407,N/A,0,0,NO_GATEWAY,100,Disconnected
2026-07-26 21:32:58,wlxbcfce7292407,N/A,0,0,NO_GATEWAY,100,Disconnected
2026-07-26 21:33:28,wlxbcfce7292407,N/A,0,0,NO_GATEWAY,100,Disconnected
2026-07-26 21:33:58,wlxbcfce7292407,N/A,0,0,NO_GATEWAY,100,Disconnected
2026-07-26 21:34:28,wlxbcfce7292407,N/A,0,0,NO_GATEWAY,100,Disconnected
2026-07-26 21:34:58,wlxbcfce7292407,N/A,0,0,NO_GATEWAY,100,Disconnected
2026-07-26 21:35:28,wlxbcfce7292407,N/A,0,0,NO_GATEWAY,100,Disconnected
2026-07-26 21:35:58,wlxbcfce7292407,N/A,0,0,NO_GATEWAY,100,Disconnected
2026-07-26 21:36:28,wlxbcfce7292407,N/A,0,0,NO_GATEWAY,100,Disconnected
2026-07-26 21:36:58,wlxbcfce7292407,N/A,0,0,NO_GATEWAY,100,Disconnected
2026-07-26 21:37:28,wlxbcfce7292407,N/A,0,0,NO_GATEWAY,100,Disconnected
2026-07-26 21:37:58,wlxbcfce7292407,N/A,0,0,NO_GATEWAY,100,Disconnected
2026-07-26 21:38:28,wlxbcfce7292407,N/A,0,0,NO_GATEWAY,100,Disconnected
2026-07-26 21:38:58,wlxbcfce7292407,N/A,0,0,NO_GATEWAY,100,Disconnected
2026-07-26 21:39:28,wlxbcfce7292407,N/A,0,0,NO_GATEWAY,100,Disconnected
2026-07-26 21:39:58,wlxbcfce7292407,N/A,0,0,NO_GATEWAY,100,Disconnected
2026-07-26 21:40:28,wlxbcfce7292407,N/A,0,0,NO_GATEWAY,100,Disconnected
2026-07-26 21:40:58,wlxbcfce7292407,N/A,0,0,NO_GATEWAY,100,Disconnected
2026-07-26 21:41:28,wlxbcfce7292407,N/A,0,0,NO_GATEWAY,100,Disconnected
2026-07-26 21:41:58,wlxbcfce7292407,N/A,0,0,NO_GATEWAY,100,Disconnected
2026-07-26 21:42:28,wlxbcfce7292407,N/A,0,0,NO_GATEWAY,100,Disconnected
2026-07-26 21:42:59,wlxbcfce7292407,N/A,0,0,NO_GATEWAY,100,Disconnected
2026-07-26 21:43:29,wlxbcfce7292407,N/A,0,0,NO_GATEWAY,100,Disconnected
2026-07-26 21:43:59,wlxbcfce7292407,N/A,0,0,NO_GATEWAY,100,Disconnected
2026-07-26 21:44:29,wlxbcfce7292407,N/A,0,0,NO_GATEWAY,100,Disconnected
2026-07-26 21:44:59,wlxbcfce7292407,N/A,0,0,NO_GATEWAY,100,Disconnected
2026-07-26 21:45:29,wlxbcfce7292407,N/A,0,0,NO_GATEWAY,100,Disconnected
2026-07-26 21:45:59,wlxbcfce7292407,N/A,0,0,NO_GATEWAY,100,Disconnected
2026-07-26 21:46:29,wlxbcfce7292407,N/A,0,0,NO_GATEWAY,100,Disconnected
2026-07-26 21:46:59,wlxbcfce7292407,N/A,0,0,NO_GATEWAY,100,Disconnected
2026-07-26 21:47:29,wlxbcfce7292407,N/A,0,0,NO_GATEWAY,100,Disconnected
2026-07-26 21:47:59,wlxbcfce7292407,N/A,0,0,NO_GATEWAY,100,Disconnected
2026-07-26 21:48:29,wlxbcfce7292407,N/A,0,0,NO_GATEWAY,100,Disconnected
2026-07-26 21:48:59,wlxbcfce7292407,N/A,0,0,NO_GATEWAY,100,Disconnected
2026-07-26 21:49:29,wlxbcfce7292407,N/A,0,0,NO_GATEWAY,100,Disconnected
2026-07-26 21:49:59,wlxbcfce7292407,N/A,0,0,NO_GATEWAY,100,Disconnected
2026-07-26 21:50:29,wlxbcfce7292407,N/A,0,0,NO_GATEWAY,100,Disconnected
2026-07-26 21:50:59,wlxbcfce7292407,N/A,0,0,NO_GATEWAY,100,Disconnected
2026-07-26 21:51:29,wlxbcfce7292407,N/A,0,0,NO_GATEWAY,100,Disconnected
2026-07-26 21:51:59,wlxbcfce7292407,N/A,0,0,NO_GATEWAY,100,Disconnected
2026-07-26 21:52:30,wlxbcfce7292407,N/A,0,0,NO_GATEWAY,100,Disconnected
2026-07-26 21:53:00,wlxbcfce7292407,N/A,0,0,NO_GATEWAY,100,Disconnected
2026-07-26 21:53:30,wlxbcfce7292407,N/A,0,0,NO_GATEWAY,100,Disconnected
2026-07-26 21:54:00,wlxbcfce7292407,N/A,0,0,NO_GATEWAY,100,Disconnected
2026-07-26 21:54:30,wlxbcfce7292407,N/A,0,0,NO_GATEWAY,100,Disconnected
2026-07-26 21:55:00,wlxbcfce7292407,N/A,0,0,NO_GATEWAY,100,Disconnected
2026-07-26 21:55:30,wlxbcfce7292407,N/A,0,0,NO_GATEWAY,100,Disconnected
2026-07-26 21:56:00,wlxbcfce7292407,N/A,0,0,NO_GATEWAY,100,Disconnected
2026-07-26 21:56:30,wlxbcfce7292407,N/A,0,0,NO_GATEWAY,100,Disconnected
2026-07-26 21:57:00,wlxbcfce7292407,N/A,0,0,NO_GATEWAY,100,Disconnected
2026-07-26 21:57:30,wlxbcfce7292407,N/A,0,0,NO_GATEWAY,100,Disconnected
2026-07-26 21:58:00,wlxbcfce7292407,N/A,0,0,NO_GATEWAY,100,Disconnected
2026-07-26 21:58:30,wlxbcfce7292407,N/A,0,0,NO_GATEWAY,100,Disconnected
2026-07-26 21:59:00,wlxbcfce7292407,N/A,0,0,NO_GATEWAY,100,Disconnected
2026-07-26 21:59:30,wlxbcfce7292407,N/A,0,0,NO_GATEWAY,100,Disconnected
2026-07-26 22:00:00,wlxbcfce7292407,N/A,0,0,NO_GATEWAY,100,Disconnected
2026-07-26 22:00:30,wlxbcfce7292407,N/A,0,0,NO_GATEWAY,100,Disconnected
2026-07-26 22:01:00,wlxbcfce7292407,N/A,0,0,NO_GATEWAY,100,Disconnected
2026-07-26 22:01:30,wlxbcfce7292407,N/A,0,0,NO_GATEWAY,100,Disconnected
2026-07-26 22:02:00,wlxbcfce7292407,N/A,0,0,NO_GATEWAY,100,Disconnected
2026-07-26 22:02:30,wlxbcfce7292407,N/A,0,0,NO_GATEWAY,100,Disconnected
2026-07-26 22:03:01,wlxbcfce7292407,N/A,0,0,NO_GATEWAY,100,Disconnected
2026-07-26 22:03:31,wlxbcfce7292407,N/A,0,0,NO_GATEWAY,100,Disconnected
2026-07-26 22:04:01,wlxbcfce7292407,N/A,0,0,NO_GATEWAY,100,Disconnected
2026-07-26 22:04:31,wlxbcfce7292407,N/A,0,0,NO_GATEWAY,100,Disconnected
2026-07-26 22:05:01,wlxbcfce7292407,N/A,0,0,NO_GATEWAY,100,Disconnected
2026-07-26 22:05:31,wlxbcfce7292407,N/A,0,0,NO_GATEWAY,100,Disconnected
2026-07-26 22:06:01,wlxbcfce7292407,N/A,0,0,NO_GATEWAY,100,Disconnected
2026-07-26 22:06:31,wlxbcfce7292407,N/A,0,0,NO_GATEWAY,100,Disconnected
2026-07-26 22:07:01,wlxbcfce7292407,N/A,0,0,NO_GATEWAY,100,Disconnected
2026-07-26 22:07:31,wlxbcfce7292407,N/A,0,0,NO_GATEWAY,100,Disconnected
2026-07-26 22:08:01,wlxbcfce7292407,N/A,0,0,NO_GATEWAY,100,Disconnected
2026-07-26 22:08:31,wlxbcfce7292407,N/A,0,0,NO_GATEWAY,100,Disconnected
2026-07-26 22:09:01,wlxbcfce7292407,N/A,0,0,NO_GATEWAY,100,Disconnected
2026-07-26 22:09:31,wlxbcfce7292407,N/A,0,0,NO_GATEWAY,100,Disconnected
2026-07-26 22:10:01,wlxbcfce7292407,N/A,0,0,NO_GATEWAY,100,Disconnected
2026-07-26 22:10:31,wlxbcfce7292407,N/A,0,0,NO_GATEWAY,100,Disconnected
2026-07-26 22:11:01,wlxbcfce7292407,N/A,0,0,NO_GATEWAY,100,Disconnected
2026-07-26 22:11:31,wlxbcfce7292407,N/A,0,0,NO_GATEWAY,100,Disconnected
2026-07-26 22:12:01,wlxbcfce7292407,N/A,0,0,NO_GATEWAY,100,Disconnected
2026-07-26 22:12:31,wlxbcfce7292407,N/A,0,0,NO_GATEWAY,100,Disconnected
2026-07-26 22:13:01,wlxbcfce7292407,N/A,0,0,NO_GATEWAY,100,Disconnected
2026-07-26 22:13:31,wlxbcfce7292407,N/A,0,0,NO_GATEWAY,100,Disconnected
2026-07-26 22:14:02,wlxbcfce7292407,N/A,0,0,NO_GATEWAY,100,Disconnected
2026-07-26 22:14:32,wlxbcfce7292407,N/A,0,0,NO_GATEWAY,100,Disconnected
2026-07-26 22:15:02,wlxbcfce7292407,N/A,0,0,NO_GATEWAY,100,Disconnected
2026-07-26 22:15:32,wlxbcfce7292407,N/A,0,0,NO_GATEWAY,100,Disconnected
2026-07-26 22:16:02,wlxbcfce7292407,N/A,0,0,NO_GATEWAY,100,Disconnected
2026-07-26 22:16:32,wlxbcfce7292407,N/A,0,0,NO_GATEWAY,100,Disconnected
2026-07-26 22:17:02,wlxbcfce7292407,N/A,0,0,NO_GATEWAY,100,Disconnected
2026-07-26 22:17:32,wlxbcfce7292407,N/A,0,0,NO_GATEWAY,100,Disconnected
2026-07-26 22:18:02,wlxbcfce7292407,N/A,0,0,NO_GATEWAY,100,Disconnected
2026-07-26 22:18:32,wlxbcfce7292407,N/A,0,0,NO_GATEWAY,100,Disconnected
2026-07-26 22:19:02,wlxbcfce7292407,N/A,0,0,NO_GATEWAY,100,Disconnected
2026-07-26 22:19:32,wlxbcfce7292407,N/A,0,0,NO_GATEWAY,100,Disconnected
2026-07-26 22:20:02,wlxbcfce7292407,N/A,0,0,NO_GATEWAY,100,Disconnected
2026-07-26 22:20:32,wlxbcfce7292407,N/A,0,0,NO_GATEWAY,100,Disconnected
2026-07-26 22:21:02,wlxbcfce7292407,N/A,0,0,NO_GATEWAY,100,Disconnected
2026-07-26 22:21:32,wlxbcfce7292407,N/A,0,0,NO_GATEWAY,100,Disconnected
2026-07-26 22:22:02,wlxbcfce7292407,N/A,0,0,NO_GATEWAY,100,Disconnected
2026-07-26 22:22:32,wlxbcfce7292407,N/A,0,0,NO_GATEWAY,100,Disconnected
2026-07-26 22:23:02,wlxbcfce7292407,N/A,0,0,NO_GATEWAY,100,Disconnected
2026-07-26 22:23:33,wlxbcfce7292407,N/A,0,0,NO_GATEWAY,100,Disconnected
2026-07-26 22:24:03,wlxbcfce7292407,N/A,0,0,NO_GATEWAY,100,Disconnected
2026-07-26 22:24:33,wlxbcfce7292407,N/A,0,0,NO_GATEWAY,100,Disconnected
2026-07-26 22:25:03,wlxbcfce7292407,N/A,0,0,NO_GATEWAY,100,Disconnected
2026-07-26 22:25:33,wlxbcfce7292407,N/A,0,0,NO_GATEWAY,100,Disconnected
2026-07-26 22:26:03,wlxbcfce7292407,N/A,0,0,NO_GATEWAY,100,Disconnected
2026-07-26 22:26:33,wlxbcfce7292407,N/A,0,0,NO_GATEWAY,100,Disconnected
2026-07-26 22:27:03,wlxbcfce7292407,N/A,0,0,NO_GATEWAY,100,Disconnected
2026-07-26 22:27:33,wlxbcfce7292407,N/A,0,0,NO_GATEWAY,100,Disconnected
2026-07-26 22:28:03,wlxbcfce7292407,N/A,0,0,NO_GATEWAY,100,Disconnected
2026-07-26 22:28:33,wlxbcfce7292407,N/A,0,0,NO_GATEWAY,100,Disconnected
2026-07-26 22:29:03,wlxbcfce7292407,N/A,0,0,NO_GATEWAY,100,Disconnected
2026-07-26 22:29:33,wlxbcfce7292407,N/A,0,0,NO_GATEWAY,100,Disconnected
2026-07-26 22:30:03,wlxbcfce7292407,N/A,0,0,NO_GATEWAY,100,Disconnected
2026-07-26 22:30:33,wlxbcfce7292407,N/A,0,0,NO_GATEWAY,100,Disconnected
2026-07-26 22:31:03,wlxbcfce7292407,N/A,0,0,NO_GATEWAY,100,Disconnected
2026-07-26 22:31:33,wlxbcfce7292407,N/A,0,0,NO_GATEWAY,100,Disconnected
2026-07-26 22:32:03,wlxbcfce7292407,N/A,0,0,NO_GATEWAY,100,Disconnected
2026-07-26 22:32:33,wlxbcfce7292407,N/A,0,0,NO_GATEWAY,100,Disconnected
2026-07-26 22:33:03,wlxbcfce7292407,N/A,0,0,NO_GATEWAY,100,Disconnected
2026-07-26 22:33:34,wlxbcfce7292407,N/A,0,0,NO_GATEWAY,100,Disconnected
2026-07-26 22:34:04,wlxbcfce7292407,N/A,0,0,NO_GATEWAY,100,Disconnected
2026-07-26 22:34:34,wlxbcfce7292407,N/A,0,0,NO_GATEWAY,100,Disconnected
2026-07-26 22:35:04,wlxbcfce7292407,N/A,0,0,NO_GATEWAY,100,Disconnected
2026-07-26 22:35:34,wlxbcfce7292407,N/A,0,0,NO_GATEWAY,100,Disconnected
2026-07-26 22:36:04,wlxbcfce7292407,N/A,0,0,NO_GATEWAY,100,Disconnected
2026-07-26 22:36:34,wlxbcfce7292407,N/A,0,0,NO_GATEWAY,100,Disconnected
2026-07-26 22:37:04,wlxbcfce7292407,N/A,0,0,NO_GATEWAY,100,Disconnected
2026-07-26 22:37:34,wlxbcfce7292407,N/A,0,0,NO_GATEWAY,100,Disconnected
2026-07-26 22:38:04,wlxbcfce7292407,N/A,0,0,NO_GATEWAY,100,Disconnected
2026-07-26 22:38:34,wlxbcfce7292407,N/A,0,0,NO_GATEWAY,100,Disconnected
2026-07-26 22:39:04,wlxbcfce7292407,N/A,0,0,NO_GATEWAY,100,Disconnected
2026-07-26 22:39:34,wlxbcfce7292407,N/A,0,0,NO_GATEWAY,100,Disconnected
2026-07-26 22:40:04,wlxbcfce7292407,N/A,0,0,NO_GATEWAY,100,Disconnected
2026-07-26 22:40:34,wlxbcfce7292407,N/A,0,0,NO_GATEWAY,100,Disconnected
2026-07-26 22:41:04,wlxbcfce7292407,N/A,0,0,NO_GATEWAY,100,Disconnected
2026-07-26 22:41:34,wlxbcfce7292407,N/A,0,0,NO_GATEWAY,100,Disconnected
2026-07-26 22:42:04,wlxbcfce7292407,N/A,0,0,NO_GATEWAY,100,Disconnected
2026-07-26 22:42:34,wlxbcfce7292407,N/A,0,0,NO_GATEWAY,100,Disconnected
2026-07-26 22:43:05,wlxbcfce7292407,N/A,0,0,NO_GATEWAY,100,Disconnected
2026-07-26 22:43:35,wlxbcfce7292407,N/A,0,0,NO_GATEWAY,100,Disconnected
2026-07-26 22:44:05,wlxbcfce7292407,N/A,0,0,NO_GATEWAY,100,Disconnected
2026-07-26 22:44:35,wlxbcfce7292407,N/A,0,0,NO_GATEWAY,100,Disconnected
2026-07-26 22:45:05,wlxbcfce7292407,N/A,0,0,NO_GATEWAY,100,Disconnected
2026-07-26 22:45:35,wlxbcfce7292407,N/A,0,0,NO_GATEWAY,100,Disconnected
2026-07-26 22:46:05,wlxbcfce7292407,N/A,0,0,NO_GATEWAY,100,Disconnected
2026-07-26 22:46:35,wlxbcfce7292407,N/A,0,0,NO_GATEWAY,100,Disconnected
2026-07-26 22:47:05,wlxbcfce7292407,N/A,0,0,NO_GATEWAY,100,Disconnected
2026-07-26 22:47:35,wlxbcfce7292407,N/A,0,0,NO_GATEWAY,100,Disconnected
2026-07-26 22:48:05,wlxbcfce7292407,N/A,0,0,NO_GATEWAY,100,Disconnected
2026-07-26 22:48:35,wlxbcfce7292407,N/A,0,0,NO_GATEWAY,100,Disconnected
2026-07-26 22:49:05,wlxbcfce7292407,N/A,0,0,NO_GATEWAY,100,Disconnected
2026-07-26 22:49:35,wlxbcfce7292407,N/A,0,0,NO_GATEWAY,100,Disconnected
2026-07-26 22:50:05,wlxbcfce7292407,N/A,0,0,NO_GATEWAY,100,Disconnected
2026-07-26 22:50:35,wlxbcfce7292407,N/A,0,0,NO_GATEWAY,100,Disconnected
2026-07-26 22:51:05,wlxbcfce7292407,N/A,0,0,NO_GATEWAY,100,Disconnected
2026-07-26 22:51:35,wlxbcfce7292407,N/A,0,0,NO_GATEWAY,100,Disconnected
2026-07-26 22:52:05,wlxbcfce7292407,N/A,0,0,NO_GATEWAY,100,Disconnected
2026-07-26 22:52:35,wlxbcfce7292407,N/A,0,0,NO_GATEWAY,100,Disconnected
2026-07-26 22:53:05,wlxbcfce7292407,N/A,0,0,NO_GATEWAY,100,Disconnected
2026-07-26 22:53:35,wlxbcfce7292407,N/A,0,0,NO_GATEWAY,100,Disconnected
2026-07-26 22:54:06,wlxbcfce7292407,N/A,0,0,NO_GATEWAY,100,Disconnected
2026-07-26 22:54:36,wlxbcfce7292407,N/A,0,0,NO_GATEWAY,100,Disconnected
2026-07-26 22:55:06,wlxbcfce7292407,N/A,0,0,NO_GATEWAY,100,Disconnected
2026-07-26 22:55:36,wlxbcfce7292407,N/A,0,0,NO_GATEWAY,100,Disconnected
2026-07-26 22:56:06,wlxbcfce7292407,N/A,0,0,NO_GATEWAY,100,Disconnected
2026-07-26 22:56:36,wlxbcfce7292407,N/A,0,0,NO_GATEWAY,100,Disconnected
2026-07-26 22:57:06,wlxbcfce7292407,N/A,0,0,NO_GATEWAY,100,Disconnected
2026-07-26 22:57:36,wlxbcfce7292407,N/A,0,0,NO_GATEWAY,100,Disconnected
2026-07-26 22:58:06,wlxbcfce7292407,N/A,0,0,NO_GATEWAY,100,Disconnected
2026-07-26 22:58:36,wlxbcfce7292407,N/A,0,0,NO_GATEWAY,100,Disconnected
2026-07-26 22:59:06,wlxbcfce7292407,N/A,0,0,NO_GATEWAY,100,Disconnected
2026-07-26 22:59:36,wlxbcfce7292407,N/A,0,0,NO_GATEWAY,100,Disconnected
2026-07-26 23:00:06,wlxbcfce7292407,N/A,0,0,NO_GATEWAY,100,Disconnected
2026-07-26 23:00:36,wlxbcfce7292407,N/A,0,0,NO_GATEWAY,100,Disconnected
2026-07-26 23:01:06,wlxbcfce7292407,N/A,0,0,NO_GATEWAY,100,Disconnected
2026-07-26 23:01:36,wlxbcfce7292407,N/A,0,0,NO_GATEWAY,100,Disconnected
2026-07-26 23:02:06,wlxbcfce7292407,N/A,0,0,NO_GATEWAY,100,Disconnected
2026-07-26 23:02:36,wlxbcfce7292407,N/A,0,0,NO_GATEWAY,100,Disconnected
2026-07-26 23:03:06,wlxbcfce7292407,N/A,0,0,NO_GATEWAY,100,Disconnected
2026-07-26 23:03:37,wlxbcfce7292407,N/A,0,0,NO_GATEWAY,100,Disconnected
2026-07-26 23:04:07,wlxbcfce7292407,N/A,0,0,NO_GATEWAY,100,Disconnected
2026-07-26 23:04:37,wlxbcfce7292407,N/A,0,0,NO_GATEWAY,100,Disconnected
2026-07-26 23:05:07,wlxbcfce7292407,N/A,0,0,NO_GATEWAY,100,Disconnected
2026-07-26 23:05:37,wlxbcfce7292407,N/A,0,0,NO_GATEWAY,100,Disconnected
2026-07-26 23:06:07,wlxbcfce7292407,N/A,0,0,NO_GATEWAY,100,Disconnected
2026-07-26 23:06:37,wlxbcfce7292407,N/A,0,0,NO_GATEWAY,100,Disconnected
2026-07-26 23:07:07,wlxbcfce7292407,N/A,0,0,NO_GATEWAY,100,Disconnected
2026-07-26 23:07:37,wlxbcfce7292407,N/A,0,0,NO_GATEWAY,100,Disconnected
2026-07-26 23:08:07,wlxbcfce7292407,N/A,0,0,NO_GATEWAY,100,Disconnected
2026-07-26 23:08:37,wlxbcfce7292407,N/A,0,0,NO_GATEWAY,100,Disconnected
2026-07-26 23:09:07,wlxbcfce7292407,N/A,0,0,NO_GATEWAY,100,Disconnected
2026-07-26 23:09:37,wlxbcfce7292407,N/A,0,0,NO_GATEWAY,100,Disconnected
2026-07-26 23:10:07,wlxbcfce7292407,N/A,0,0,NO_GATEWAY,100,Disconnected
2026-07-26 23:10:37,wlxbcfce7292407,N/A,0,0,NO_GATEWAY,100,Disconnected
2026-07-26 23:11:07,wlxbcfce7292407,N/A,0,0,NO_GATEWAY,100,Disconnected
2026-07-26 23:11:37,wlxbcfce7292407,N/A,0,0,NO_GATEWAY,100,Disconnected
2026-07-26 23:12:07,wlxbcfce7292407,N/A,0,0,NO_GATEWAY,100,Disconnected
2026-07-26 23:12:37,wlxbcfce7292407,N/A,0,0,NO_GATEWAY,100,Disconnected
2026-07-26 23:13:07,wlxbcfce7292407,N/A,0,0,NO_GATEWAY,100,Disconnected
2026-07-26 23:13:38,wlxbcfce7292407,N/A,0,0,NO_GATEWAY,100,Disconnected
2026-07-26 23:14:08,wlxbcfce7292407,N/A,0,0,NO_GATEWAY,100,Disconnected
2026-07-26 23:14:38,wlxbcfce7292407,N/A,0,0,NO_GATEWAY,100,Disconnected
2026-07-26 23:15:08,wlxbcfce7292407,N/A,0,0,NO_GATEWAY,100,Disconnected
2026-07-26 23:15:38,wlxbcfce7292407,N/A,0,0,NO_GATEWAY,100,Disconnected
2026-07-26 23:16:08,wlxbcfce7292407,N/A,0,0,NO_GATEWAY,100,Disconnected
2026-07-26 23:16:38,wlxbcfce7292407,N/A,0,0,NO_GATEWAY,100,Disconnected
2026-07-26 23:17:08,wlxbcfce7292407,N/A,0,0,NO_GATEWAY,100,Disconnected
2026-07-26 23:17:38,wlxbcfce7292407,N/A,0,0,NO_GATEWAY,100,Disconnected
2026-07-26 23:18:08,wlxbcfce7292407,N/A,0,0,NO_GATEWAY,100,Disconnected
2026-07-26 23:18:38,wlxbcfce7292407,N/A,0,0,NO_GATEWAY,100,Disconnected
2026-07-26 23:19:08,wlxbcfce7292407,N/A,0,0,NO_GATEWAY,100,Disconnected
2026-07-26 23:19:38,wlxbcfce7292407,N/A,0,0,NO_GATEWAY,100,Disconnected
2026-07-26 23:20:08,wlxbcfce7292407,N/A,0,0,NO_GATEWAY,100,Disconnected
2026-07-26 23:20:38,wlxbcfce7292407,N/A,0,0,NO_GATEWAY,100,Disconnected
2026-07-26 23:21:08,wlxbcfce7292407,N/A,0,0,NO_GATEWAY,100,Disconnected
2026-07-26 23:21:38,wlxbcfce7292407,N/A,0,0,NO_GATEWAY,100,Disconnected
2026-07-26 23:22:08,wlxbcfce7292407,N/A,0,0,NO_GATEWAY,100,Disconnected
2026-07-26 23:22:38,wlxbcfce7292407,N/A,0,0,NO_GATEWAY,100,Disconnected
2026-07-26 23:23:08,wlxbcfce7292407,N/A,0,0,NO_GATEWAY,100,Disconnected
2026-07-26 23:23:38,wlxbcfce7292407,N/A,0,0,NO_GATEWAY,100,Disconnected
2026-07-26 23:24:08,wlxbcfce7292407,N/A,0,0,NO_GATEWAY,100,Disconnected
2026-07-26 23:24:38,wlxbcfce7292407,N/A,0,0,NO_GATEWAY,100,Disconnected
2026-07-26 23:25:08,wlxbcfce7292407,N/A,0,0,NO_GATEWAY,100,Disconnected
2026-07-26 23:25:39,wlxbcfce7292407,N/A,0,0,NO_GATEWAY,100,Disconnected
2026-07-26 23:26:09,wlxbcfce7292407,N/A,0,0,NO_GATEWAY,100,Disconnected
2026-07-26 23:26:39,wlxbcfce7292407,N/A,0,0,NO_GATEWAY,100,Disconnected
2026-07-26 23:27:09,wlxbcfce7292407,N/A,0,0,NO_GATEWAY,100,Disconnected
2026-07-26 23:27:39,wlxbcfce7292407,N/A,0,0,NO_GATEWAY,100,Disconnected
2026-07-26 23:28:09,wlxbcfce7292407,N/A,0,0,NO_GATEWAY,100,Disconnected
2026-07-26 23:28:39,wlxbcfce7292407,N/A,0,0,NO_GATEWAY,100,Disconnected
2026-07-26 23:29:09,wlxbcfce7292407,N/A,0,0,NO_GATEWAY,100,Disconnected
2026-07-26 23:29:39,wlxbcfce7292407,N/A,0,0,NO_GATEWAY,100,Disconnected
2026-07-26 23:30:09,wlxbcfce7292407,N/A,0,0,NO_GATEWAY,100,Disconnected
2026-07-26 23:30:39,wlxbcfce7292407,N/A,0,0,NO_GATEWAY,100,Disconnected
2026-07-26 23:31:09,wlxbcfce7292407,N/A,0,0,NO_GATEWAY,100,Disconnected
2026-07-26 23:31:39,wlxbcfce7292407,N/A,0,0,NO_GATEWAY,100,Disconnected
2026-07-26 23:32:09,wlxbcfce7292407,N/A,0,0,NO_GATEWAY,100,Disconnected
2026-07-26 23:32:39,wlxbcfce7292407,N/A,0,0,NO_GATEWAY,100,Disconnected
2026-07-26 23:33:09,wlxbcfce7292407,N/A,0,0,NO_GATEWAY,100,Disconnected
2026-07-26 23:33:40,wlxbcfce7292407,N/A,0,0,NO_GATEWAY,100,Disconnected
2026-07-26 23:34:10,wlxbcfce7292407,N/A,0,0,NO_GATEWAY,100,Disconnected
2026-07-26 23:34:40,wlxbcfce7292407,N/A,0,0,NO_GATEWAY,100,Disconnected
2026-07-26 23:35:10,wlxbcfce7292407,N/A,0,0,NO_GATEWAY,100,Disconnected
2026-07-26 23:35:40,wlxbcfce7292407,N/A,0,0,NO_GATEWAY,100,Disconnected
2026-07-26 23:36:10,wlxbcfce7292407,N/A,0,0,NO_GATEWAY,100,Disconnected
2026-07-26 23:36:40,wlxbcfce7292407,N/A,0,0,NO_GATEWAY,100,Disconnected
2026-07-26 23:37:10,wlxbcfce7292407,N/A,0,0,NO_GATEWAY,100,Disconnected
2026-07-26 23:37:40,wlxbcfce7292407,N/A,0,0,NO_GATEWAY,100,Disconnected
2026-07-26 23:38:10,wlxbcfce7292407,N/A,0,0,NO_GATEWAY,100,Disconnected
2026-07-26 23:38:40,wlxbcfce7292407,N/A,0,0,NO_GATEWAY,100,Disconnected
2026-07-26 23:39:10,wlxbcfce7292407,N/A,0,0,NO_GATEWAY,100,Disconnected
2026-07-26 23:39:40,wlxbcfce7292407,N/A,0,0,NO_GATEWAY,100,Disconnected
2026-07-26 23:40:10,wlxbcfce7292407,N/A,0,0,NO_GATEWAY,100,Disconnected
2026-07-26 23:40:40,wlxbcfce7292407,N/A,0,0,NO_GATEWAY,100,Disconnected
2026-07-26 23:41:10,wlxbcfce7292407,N/A,0,0,NO_GATEWAY,100,Disconnected
2026-07-26 23:41:40,wlxbcfce7292407,N/A,0,0,NO_GATEWAY,100,Disconnected
2026-07-26 23:42:10,wlxbcfce7292407,N/A,0,0,NO_GATEWAY,100,Disconnected
2026-07-26 23:42:40,wlxbcfce7292407,N/A,0,0,NO_GATEWAY,100,Disconnected
2026-07-26 23:43:10,wlxbcfce7292407,N/A,0,0,NO_GATEWAY,100,Disconnected
2026-07-26 23:43:40,wlxbcfce7292407,N/A,0,0,NO_GATEWAY,100,Disconnected
2026-07-26 23:44:11,wlxbcfce7292407,N/A,0,0,NO_GATEWAY,100,Disconnected
2026-07-26 23:44:41,wlxbcfce7292407,N/A,0,0,NO_GATEWAY,100,Disconnected
2026-07-26 23:45:11,wlxbcfce7292407,N/A,0,0,NO_GATEWAY,100,Disconnected
2026-07-26 23:45:41,wlxbcfce7292407,N/A,0,0,NO_GATEWAY,100,Disconnected
2026-07-26 23:46:11,wlxbcfce7292407,N/A,0,0,NO_GATEWAY,100,Disconnected
2026-07-26 23:46:41,wlxbcfce7292407,N/A,0,0,NO_GATEWAY,100,Disconnected
2026-07-26 23:47:11,wlxbcfce7292407,N/A,0,0,NO_GATEWAY,100,Disconnected
2026-07-26 23:47:41,wlxbcfce7292407,N/A,0,0,NO_GATEWAY,100,Disconnected
2026-07-26 23:48:11,wlxbcfce7292407,N/A,0,0,NO_GATEWAY,100,Disconnected
2026-07-26 23:48:41,wlxbcfce7292407,N/A,0,0,NO_GATEWAY,100,Disconnected
2026-07-26 23:49:11,wlxbcfce7292407,N/A,0,0,NO_GATEWAY,100,Disconnected
2026-07-26 23:49:41,wlxbcfce7292407,N/A,0,0,NO_GATEWAY,100,Disconnected
2026-07-26 23:50:11,wlxbcfce7292407,N/A,0,0,NO_GATEWAY,100,Disconnected
2026-07-26 23:50:41,wlxbcfce7292407,N/A,0,0,NO_GATEWAY,100,Disconnected
2026-07-26 23:51:11,wlxbcfce7292407,N/A,0,0,NO_GATEWAY,100,Disconnected
2026-07-26 23:51:41,wlxbcfce7292407,N/A,0,0,NO_GATEWAY,100,Disconnected
2026-07-26 23:52:11,wlxbcfce7292407,N/A,0,0,NO_GATEWAY,100,Disconnected
2026-07-26 23:52:41,wlxbcfce7292407,N/A,0,0,NO_GATEWAY,100,Disconnected
2026-07-26 23:53:11,wlxbcfce7292407,N/A,0,0,NO_GATEWAY,100,Disconnected
2026-07-26 23:53:42,wlxbcfce7292407,N/A,0,0,NO_GATEWAY,100,Disconnected
2026-07-26 23:54:12,wlxbcfce7292407,N/A,0,0,NO_GATEWAY,100,Disconnected
2026-07-26 23:54:42,wlxbcfce7292407,N/A,0,0,NO_GATEWAY,100,Disconnected
2026-07-26 23:55:12,wlxbcfce7292407,N/A,0,0,NO_GATEWAY,100,Disconnected
2026-07-26 23:55:42,wlxbcfce7292407,N/A,0,0,NO_GATEWAY,100,Disconnected
2026-07-26 23:56:12,wlxbcfce7292407,N/A,0,0,NO_GATEWAY,100,Disconnected
2026-07-26 23:56:42,wlxbcfce7292407,N/A,0,0,NO_GATEWAY,100,Disconnected
2026-07-26 23:57:12,wlxbcfce7292407,N/A,0,0,NO_GATEWAY,100,Disconnected
2026-07-26 23:57:42,wlxbcfce7292407,N/A,0,0,NO_GATEWAY,100,Disconnected
2026-07-26 23:58:12,wlxbcfce7292407,N/A,0,0,NO_GATEWAY,100,Disconnected
2026-07-26 23:58:42,wlxbcfce7292407,N/A,0,0,NO_GATEWAY,100,Disconnected
2026-07-26 23:59:12,wlxbcfce7292407,N/A,0,0,NO_GATEWAY,100,Disconnected
2026-07-26 23:59:42,wlxbcfce7292407,N/A,0,0,NO_GATEWAY,100,Disconnected
2026-07-27 00:00:12,wlxbcfce7292407,N/A,0,0,NO_GATEWAY,100,Disconnected
2026-07-27 00:00:42,wlxbcfce7292407,N/A,0,0,NO_GATEWAY,100,Disconnected
2026-07-27 00:01:12,wlxbcfce7292407,N/A,0,0,NO_GATEWAY,100,Disconnected
2026-07-27 00:01:42,wlxbcfce7292407,N/A,0,0,NO_GATEWAY,100,Disconnected
2026-07-27 00:02:12,wlxbcfce7292407,N/A,0,0,NO_GATEWAY,100,Disconnected
2026-07-27 00:02:42,wlxbcfce7292407,N/A,0,0,NO_GATEWAY,100,Disconnected
2026-07-27 00:03:12,wlxbcfce7292407,N/A,0,0,NO_GATEWAY,100,Disconnected
2026-07-27 00:03:42,wlxbcfce7292407,N/A,0,0,NO_GATEWAY,100,Disconnected
2026-07-27 00:04:13,wlxbcfce7292407,N/A,0,0,NO_GATEWAY,100,Disconnected
2026-07-27 00:04:43,wlxbcfce7292407,N/A,0,0,NO_GATEWAY,100,Disconnected
2026-07-27 00:05:13,wlxbcfce7292407,N/A,0,0,NO_GATEWAY,100,Disconnected
2026-07-27 00:05:43,wlxbcfce7292407,N/A,0,0,NO_GATEWAY,100,Disconnected
2026-07-27 00:06:13,wlxbcfce7292407,N/A,0,0,NO_GATEWAY,100,Disconnected
2026-07-27 00:06:43,wlxbcfce7292407,N/A,0,0,NO_GATEWAY,100,Disconnected
2026-07-27 00:07:13,wlxbcfce7292407,N/A,0,0,NO_GATEWAY,100,Disconnected
2026-07-27 00:07:43,wlxbcfce7292407,N/A,0,0,NO_GATEWAY,100,Disconnected
2026-07-27 00:08:13,wlxbcfce7292407,N/A,0,0,NO_GATEWAY,100,Disconnected
2026-07-27 00:08:43,wlxbcfce7292407,N/A,0,0,NO_GATEWAY,100,Disconnected
2026-07-27 00:09:13,wlxbcfce7292407,N/A,0,0,NO_GATEWAY,100,Disconnected
2026-07-27 00:09:43,wlxbcfce7292407,N/A,0,0,NO_GATEWAY,100,Disconnected
2026-07-27 00:10:13,wlxbcfce7292407,N/A,0,0,NO_GATEWAY,100,Disconnected
2026-07-27 00:10:43,wlxbcfce7292407,N/A,0,0,NO_GATEWAY,100,Disconnected
2026-07-27 00:11:13,wlxbcfce7292407,N/A,0,0,NO_GATEWAY,100,Disconnected
2026-07-27 00:11:43,wlxbcfce7292407,N/A,0,0,NO_GATEWAY,100,Disconnected
2026-07-27 00:12:13,wlxbcfce7292407,N/A,0,0,NO_GATEWAY,100,Disconnected
2026-07-27 00:12:43,wlxbcfce7292407,N/A,0,0,NO_GATEWAY,100,Disconnected
2026-07-27 00:13:13,wlxbcfce7292407,N/A,0,0,NO_GATEWAY,100,Disconnected
2026-07-27 00:13:43,wlxbcfce7292407,N/A,0,0,NO_GATEWAY,100,Disconnected
2026-07-27 00:14:14,wlxbcfce7292407,N/A,0,0,NO_GATEWAY,100,Disconnected
2026-07-27 00:14:44,wlxbcfce7292407,N/A,0,0,NO_GATEWAY,100,Disconnected
2026-07-27 00:15:14,wlxbcfce7292407,N/A,0,0,NO_GATEWAY,100,Disconnected
2026-07-27 00:15:44,wlxbcfce7292407,N/A,0,0,NO_GATEWAY,100,Disconnected
2026-07-27 00:16:14,wlxbcfce7292407,N/A,0,0,NO_GATEWAY,100,Disconnected
2026-07-27 00:16:44,wlxbcfce7292407,N/A,0,0,NO_GATEWAY,100,Disconnected
2026-07-27 00:17:14,wlxbcfce7292407,N/A,0,0,NO_GATEWAY,100,Disconnected
2026-07-27 00:17:44,wlxbcfce7292407,N/A,0,0,NO_GATEWAY,100,Disconnected
2026-07-27 00:18:14,wlxbcfce7292407,N/A,0,0,NO_GATEWAY,100,Disconnected
2026-07-27 00:18:44,wlxbcfce7292407,N/A,0,0,NO_GATEWAY,100,Disconnected
2026-07-27 00:19:14,wlxbcfce7292407,N/A,0,0,NO_GATEWAY,100,Disconnected
2026-07-27 00:19:44,wlxbcfce7292407,N/A,0,0,NO_GATEWAY,100,Disconnected
2026-07-27 00:20:14,wlxbcfce7292407,N/A,0,0,NO_GATEWAY,100,Disconnected
2026-07-27 00:20:44,wlxbcfce7292407,N/A,0,0,NO_GATEWAY,100,Disconnected
2026-07-27 00:21:14,wlxbcfce7292407,N/A,0,0,NO_GATEWAY,100,Disconnected
2026-07-27 00:21:44,wlxbcfce7292407,N/A,0,0,NO_GATEWAY,100,Disconnected
2026-07-27 00:22:14,wlxbcfce7292407,N/A,0,0,NO_GATEWAY,100,Disconnected
2026-07-27 00:22:44,wlxbcfce7292407,N/A,0,0,NO_GATEWAY,100,Disconnected
2026-07-27 00:23:15,wlxbcfce7292407,N/A,0,0,NO_GATEWAY,100,Disconnected
2026-07-27 00:23:45,wlxbcfce7292407,N/A,0,0,NO_GATEWAY,100,Disconnected
2026-07-27 00:24:15,wlxbcfce7292407,N/A,0,0,NO_GATEWAY,100,Disconnected
2026-07-27 00:24:45,wlxbcfce7292407,N/A,0,0,NO_GATEWAY,100,Disconnected
2026-07-27 00:25:15,wlxbcfce7292407,N/A,0,0,NO_GATEWAY,100,Disconnected
2026-07-27 00:25:45,wlxbcfce7292407,N/A,0,0,NO_GATEWAY,100,Disconnected
2026-07-27 00:26:15,wlxbcfce7292407,N/A,0,0,NO_GATEWAY,100,Disconnected
2026-07-27 00:26:45,wlxbcfce7292407,N/A,0,0,NO_GATEWAY,100,Disconnected
2026-07-27 00:27:15,wlxbcfce7292407,N/A,0,0,NO_GATEWAY,100,Disconnected
2026-07-27 00:27:45,wlxbcfce7292407,N/A,0,0,NO_GATEWAY,100,Disconnected
2026-07-27 00:28:15,wlxbcfce7292407,N/A,0,0,NO_GATEWAY,100,Disconnected
2026-07-27 00:28:45,wlxbcfce7292407,N/A,0,0,NO_GATEWAY,100,Disconnected
2026-07-27 00:29:15,wlxbcfce7292407,N/A,0,0,NO_GATEWAY,100,Disconnected
2026-07-27 00:29:45,wlxbcfce7292407,N/A,0,0,NO_GATEWAY,100,Disconnected
2026-07-27 00:30:15,wlxbcfce7292407,N/A,0,0,NO_GATEWAY,100,Disconnected
2026-07-27 00:30:45,wlxbcfce7292407,N/A,0,0,NO_GATEWAY,100,Disconnected
2026-07-27 00:31:15,wlxbcfce7292407,N/A,0,0,NO_GATEWAY,100,Disconnected
2026-07-27 00:31:45,wlxbcfce7292407,N/A,0,0,NO_GATEWAY,100,Disconnected
2026-07-27 00:32:15,wlxbcfce7292407,N/A,0,0,NO_GATEWAY,100,Disconnected
2026-07-27 00:32:46,wlxbcfce7292407,N/A,0,0,NO_GATEWAY,100,Disconnected
2026-07-27 00:33:16,wlxbcfce7292407,N/A,0,0,NO_GATEWAY,100,Disconnected
2026-07-27 00:33:46,wlxbcfce7292407,N/A,0,0,NO_GATEWAY,100,Disconnected
2026-07-27 00:34:16,wlxbcfce7292407,N/A,0,0,NO_GATEWAY,100,Disconnected
2026-07-27 00:34:46,wlxbcfce7292407,N/A,0,0,NO_GATEWAY,100,Disconnected
2026-07-27 00:35:16,wlxbcfce7292407,N/A,0,0,NO_GATEWAY,100,Disconnected
2026-07-27 00:35:46,wlxbcfce7292407,N/A,0,0,NO_GATEWAY,100,Disconnected
2026-07-27 00:36:16,wlxbcfce7292407,N/A,0,0,NO_GATEWAY,100,Disconnected
2026-07-27 00:36:46,wlxbcfce7292407,N/A,0,0,NO_GATEWAY,100,Disconnected
2026-07-27 00:37:16,wlxbcfce7292407,N/A,0,0,NO_GATEWAY,100,Disconnected
2026-07-27 00:37:46,wlxbcfce7292407,N/A,0,0,NO_GATEWAY,100,Disconnected
2026-07-27 00:38:16,wlxbcfce7292407,N/A,0,0,NO_GATEWAY,100,Disconnected
2026-07-27 00:38:46,wlxbcfce7292407,N/A,0,0,NO_GATEWAY,100,Disconnected
2026-07-27 00:39:16,wlxbcfce7292407,N/A,0,0,NO_GATEWAY,100,Disconnected
2026-07-27 00:39:46,wlxbcfce7292407,N/A,0,0,NO_GATEWAY,100,Disconnected
2026-07-27 00:40:16,wlxbcfce7292407,N/A,0,0,NO_GATEWAY,100,Disconnected
2026-07-27 00:40:46,wlxbcfce7292407,N/A,0,0,NO_GATEWAY,100,Disconnected
2026-07-27 00:41:16,wlxbcfce7292407,N/A,0,0,NO_GATEWAY,100,Disconnected
2026-07-27 00:41:46,wlxbcfce7292407,N/A,0,0,NO_GATEWAY,100,Disconnected
2026-07-27 00:42:17,wlxbcfce7292407,N/A,0,0,NO_GATEWAY,100,Disconnected
2026-07-27 00:42:47,wlxbcfce7292407,N/A,0,0,NO_GATEWAY,100,Disconnected
2026-07-27 00:43:17,wlxbcfce7292407,N/A,0,0,NO_GATEWAY,100,Disconnected
2026-07-27 00:43:47,wlxbcfce7292407,N/A,0,0,NO_GATEWAY,100,Disconnected
2026-07-27 00:44:17,wlxbcfce7292407,N/A,0,0,NO_GATEWAY,100,Disconnected
2026-07-27 00:44:47,wlxbcfce7292407,N/A,0,0,NO_GATEWAY,100,Disconnected
2026-07-27 00:45:17,wlxbcfce7292407,N/A,0,0,NO_GATEWAY,100,Disconnected
2026-07-27 00:45:47,wlxbcfce7292407,N/A,0,0,NO_GATEWAY,100,Disconnected
2026-07-27 00:46:17,wlxbcfce7292407,N/A,0,0,NO_GATEWAY,100,Disconnected
2026-07-27 00:46:47,wlxbcfce7292407,N/A,0,0,NO_GATEWAY,100,Disconnected
2026-07-27 00:47:17,wlxbcfce7292407,N/A,0,0,NO_GATEWAY,100,Disconnected
2026-07-27 00:47:47,wlxbcfce7292407,N/A,0,0,NO_GATEWAY,100,Disconnected
2026-07-27 00:48:17,wlxbcfce7292407,N/A,0,0,NO_GATEWAY,100,Disconnected
2026-07-27 00:48:47,wlxbcfce7292407,N/A,0,0,NO_GATEWAY,100,Disconnected
2026-07-27 00:49:17,wlxbcfce7292407,N/A,0,0,NO_GATEWAY,100,Disconnected
2026-07-27 00:49:47,wlxbcfce7292407,N/A,0,0,NO_GATEWAY,100,Disconnected
2026-07-27 00:50:17,wlxbcfce7292407,N/A,0,0,NO_GATEWAY,100,Disconnected
2026-07-27 00:50:47,wlxbcfce7292407,N/A,0,0,NO_GATEWAY,100,Disconnected
2026-07-27 00:51:17,wlxbcfce7292407,N/A,0,0,NO_GATEWAY,100,Disconnected
2026-07-27 00:51:47,wlxbcfce7292407,N/A,0,0,NO_GATEWAY,100,Disconnected
2026-07-27 00:52:17,wlxbcfce7292407,N/A,0,0,NO_GATEWAY,100,Disconnected
2026-07-27 00:52:47,wlxbcfce7292407,N/A,0,0,NO_GATEWAY,100,Disconnected
2026-07-27 00:53:17,wlxbcfce7292407,N/A,0,0,NO_GATEWAY,100,Disconnected
2026-07-27 00:53:48,wlxbcfce7292407,N/A,0,0,NO_GATEWAY,100,Disconnected
2026-07-27 00:54:18,wlxbcfce7292407,N/A,0,0,NO_GATEWAY,100,Disconnected
2026-07-27 00:54:48,wlxbcfce7292407,N/A,0,0,NO_GATEWAY,100,Disconnected
2026-07-27 00:55:18,wlxbcfce7292407,N/A,0,0,NO_GATEWAY,100,Disconnected
2026-07-27 00:55:48,wlxbcfce7292407,N/A,0,0,NO_GATEWAY,100,Disconnected
2026-07-27 00:56:18,wlxbcfce7292407,N/A,0,0,NO_GATEWAY,100,Disconnected
2026-07-27 00:56:48,wlxbcfce7292407,N/A,0,0,NO_GATEWAY,100,Disconnected
2026-07-27 00:57:18,wlxbcfce7292407,N/A,0,0,NO_GATEWAY,100,Disconnected
2026-07-27 00:57:48,wlxbcfce7292407,N/A,0,0,NO_GATEWAY,100,Disconnected
2026-07-27 00:58:18,wlxbcfce7292407,N/A,0,0,NO_GATEWAY,100,Disconnected
2026-07-27 00:58:48,wlxbcfce7292407,N/A,0,0,NO_GATEWAY,100,Disconnected
2026-07-27 00:59:18,wlxbcfce7292407,N/A,0,0,NO_GATEWAY,100,Disconnected
2026-07-27 00:59:48,wlxbcfce7292407,N/A,0,0,NO_GATEWAY,100,Disconnected
2026-07-27 01:00:18,wlxbcfce7292407,N/A,0,0,NO_GATEWAY,100,Disconnected
2026-07-27 01:00:48,wlxbcfce7292407,N/A,0,0,NO_GATEWAY,100,Disconnected
2026-07-27 01:01:18,wlxbcfce7292407,N/A,0,0,NO_GATEWAY,100,Disconnected
2026-07-27 01:01:48,wlxbcfce7292407,N/A,0,0,NO_GATEWAY,100,Disconnected
2026-07-27 01:02:18,wlxbcfce7292407,N/A,0,0,NO_GATEWAY,100,Disconnected
2026-07-27 01:02:48,wlxbcfce7292407,N/A,0,0,NO_GATEWAY,100,Disconnected
2026-07-27 01:03:18,wlxbcfce7292407,N/A,0,0,NO_GATEWAY,100,Disconnected
2026-07-27 01:03:48,wlxbcfce7292407,N/A,0,0,NO_GATEWAY,100,Disconnected
2026-07-27 01:04:19,wlxbcfce7292407,N/A,0,0,NO_GATEWAY,100,Disconnected
2026-07-27 01:04:49,wlxbcfce7292407,N/A,0,0,NO_GATEWAY,100,Disconnected
2026-07-27 01:05:19,wlxbcfce7292407,N/A,0,0,NO_GATEWAY,100,Disconnected
2026-07-27 01:05:49,wlxbcfce7292407,N/A,0,0,NO_GATEWAY,100,Disconnected
2026-07-27 01:06:19,wlxbcfce7292407,N/A,0,0,NO_GATEWAY,100,Disconnected
2026-07-27 01:06:49,wlxbcfce7292407,N/A,0,0,NO_GATEWAY,100,Disconnected
2026-07-27 01:07:19,wlxbcfce7292407,N/A,0,0,NO_GATEWAY,100,Disconnected
2026-07-27 01:07:49,wlxbcfce7292407,N/A,0,0,NO_GATEWAY,100,Disconnected
2026-07-27 01:08:19,wlxbcfce7292407,N/A,0,0,NO_GATEWAY,100,Disconnected
2026-07-27 01:08:49,wlxbcfce7292407,N/A,0,0,NO_GATEWAY,100,Disconnected
2026-07-27 01:09:19,wlxbcfce7292407,N/A,0,0,NO_GATEWAY,100,Disconnected
2026-07-27 01:09:49,wlxbcfce7292407,N/A,0,0,NO_GATEWAY,100,Disconnected
2026-07-27 01:10:19,wlxbcfce7292407,N/A,0,0,NO_GATEWAY,100,Disconnected
2026-07-27 01:10:49,wlxbcfce7292407,N/A,0,0,NO_GATEWAY,100,Disconnected
2026-07-27 01:11:19,wlxbcfce7292407,N/A,0,0,NO_GATEWAY,100,Disconnected
2026-07-27 01:11:49,wlxbcfce7292407,N/A,0,0,NO_GATEWAY,100,Disconnected
2026-07-27 01:12:19,wlxbcfce7292407,N/A,0,0,NO_GATEWAY,100,Disconnected
2026-07-27 01:12:49,wlxbcfce7292407,N/A,0,0,NO_GATEWAY,100,Disconnected
2026-07-27 01:13:19,wlxbcfce7292407,N/A,0,0,NO_GATEWAY,100,Disconnected
2026-07-27 01:13:49,wlxbcfce7292407,N/A,0,0,NO_GATEWAY,100,Disconnected
2026-07-27 01:14:19,wlxbcfce7292407,N/A,0,0,NO_GATEWAY,100,Disconnected
2026-07-27 01:14:49,wlxbcfce7292407,N/A,0,0,NO_GATEWAY,100,Disconnected
2026-07-27 01:15:20,wlxbcfce7292407,N/A,0,0,NO_GATEWAY,100,Disconnected
2026-07-27 01:15:50,wlxbcfce7292407,N/A,0,0,NO_GATEWAY,100,Disconnected
2026-07-27 01:16:20,wlxbcfce7292407,N/A,0,0,NO_GATEWAY,100,Disconnected
2026-07-27 01:16:50,wlxbcfce7292407,N/A,0,0,NO_GATEWAY,100,Disconnected
2026-07-27 01:17:20,wlxbcfce7292407,N/A,0,0,NO_GATEWAY,100,Disconnected
2026-07-27 01:17:50,wlxbcfce7292407,N/A,0,0,NO_GATEWAY,100,Disconnected
2026-07-27 01:18:20,wlxbcfce7292407,N/A,0,0,NO_GATEWAY,100,Disconnected
2026-07-27 01:18:50,wlxbcfce7292407,N/A,0,0,NO_GATEWAY,100,Disconnected
2026-07-27 01:19:20,wlxbcfce7292407,N/A,0,0,NO_GATEWAY,100,Disconnected
2026-07-27 01:19:50,wlxbcfce7292407,N/A,0,0,NO_GATEWAY,100,Disconnected
2026-07-27 01:20:20,wlxbcfce7292407,N/A,0,0,NO_GATEWAY,100,Disconnected
2026-07-27 01:20:50,wlxbcfce7292407,N/A,0,0,NO_GATEWAY,100,Disconnected
2026-07-27 01:21:20,wlxbcfce7292407,N/A,0,0,NO_GATEWAY,100,Disconnected
2026-07-27 01:21:50,wlxbcfce7292407,N/A,0,0,NO_GATEWAY,100,Disconnected
2026-07-27 01:22:20,wlxbcfce7292407,N/A,0,0,NO_GATEWAY,100,Disconnected
2026-07-27 01:22:50,wlxbcfce7292407,N/A,0,0,NO_GATEWAY,100,Disconnected
2026-07-27 01:23:20,wlxbcfce7292407,N/A,0,0,NO_GATEWAY,100,Disconnected
2026-07-27 01:23:50,wlxbcfce7292407,N/A,0,0,NO_GATEWAY,100,Disconnected
2026-07-27 01:24:20,wlxbcfce7292407,N/A,0,0,NO_GATEWAY,100,Disconnected
2026-07-27 01:24:51,wlxbcfce7292407,N/A,0,0,NO_GATEWAY,100,Disconnected
2026-07-27 01:25:21,wlxbcfce7292407,N/A,0,0,NO_GATEWAY,100,Disconnected
2026-07-27 01:25:51,wlxbcfce7292407,N/A,0,0,NO_GATEWAY,100,Disconnected
2026-07-27 01:26:21,wlxbcfce7292407,N/A,0,0,NO_GATEWAY,100,Disconnected
2026-07-27 01:26:51,wlxbcfce7292407,N/A,0,0,NO_GATEWAY,100,Disconnected
2026-07-27 01:27:21,wlxbcfce7292407,N/A,0,0,NO_GATEWAY,100,Disconnected
2026-07-27 01:27:51,wlxbcfce7292407,N/A,0,0,NO_GATEWAY,100,Disconnected
2026-07-27 01:28:21,wlxbcfce7292407,N/A,0,0,NO_GATEWAY,100,Disconnected
2026-07-27 01:28:51,wlxbcfce7292407,N/A,0,0,NO_GATEWAY,100,Disconnected
2026-07-27 01:29:21,wlxbcfce7292407,N/A,0,0,NO_GATEWAY,100,Disconnected
2026-07-27 01:29:51,wlxbcfce7292407,N/A,0,0,NO_GATEWAY,100,Disconnected
2026-07-27 01:30:21,wlxbcfce7292407,N/A,0,0,NO_GATEWAY,100,Disconnected
2026-07-27 01:30:51,wlxbcfce7292407,N/A,0,0,NO_GATEWAY,100,Disconnected
2026-07-27 01:31:21,wlxbcfce7292407,N/A,0,0,NO_GATEWAY,100,Disconnected
2026-07-27 01:31:51,wlxbcfce7292407,N/A,0,0,NO_GATEWAY,100,Disconnected
2026-07-27 01:32:21,wlxbcfce7292407,N/A,0,0,NO_GATEWAY,100,Disconnected
2026-07-27 01:32:51,wlxbcfce7292407,N/A,0,0,NO_GATEWAY,100,Disconnected
2026-07-27 01:33:21,wlxbcfce7292407,N/A,0,0,NO_GATEWAY,100,Disconnected
2026-07-27 01:33:51,wlxbcfce7292407,N/A,0,0,NO_GATEWAY,100,Disconnected
2026-07-27 01:34:21,wlxbcfce7292407,N/A,0,0,NO_GATEWAY,100,Disconnected
2026-07-27 01:34:51,wlxbcfce7292407,N/A,0,0,NO_GATEWAY,100,Disconnected
2026-07-27 01:35:21,wlxbcfce7292407,N/A,0,0,NO_GATEWAY,100,Disconnected
2026-07-27 01:35:51,wlxbcfce7292407,N/A,0,0,NO_GATEWAY,100,Disconnected
2026-07-27 01:36:22,wlxbcfce7292407,N/A,0,0,NO_GATEWAY,100,Disconnected
2026-07-27 01:36:52,wlxbcfce7292407,N/A,0,0,NO_GATEWAY,100,Disconnected
2026-07-27 01:37:22,wlxbcfce7292407,N/A,0,0,NO_GATEWAY,100,Disconnected
2026-07-27 01:37:52,wlxbcfce7292407,N/A,0,0,NO_GATEWAY,100,Disconnected
2026-07-27 01:38:22,wlxbcfce7292407,N/A,0,0,NO_GATEWAY,100,Disconnected
2026-07-27 01:38:52,wlxbcfce7292407,N/A,0,0,NO_GATEWAY,100,Disconnected
2026-07-27 01:39:22,wlxbcfce7292407,N/A,0,0,NO_GATEWAY,100,Disconnected
2026-07-27 01:39:52,wlxbcfce7292407,N/A,0,0,NO_GATEWAY,100,Disconnected
2026-07-27 01:40:22,wlxbcfce7292407,N/A,0,0,NO_GATEWAY,100,Disconnected
2026-07-27 01:40:52,wlxbcfce7292407,N/A,0,0,NO_GATEWAY,100,Disconnected
2026-07-27 01:41:22,wlxbcfce7292407,N/A,0,0,NO_GATEWAY,100,Disconnected
2026-07-27 01:41:52,wlxbcfce7292407,N/A,0,0,NO_GATEWAY,100,Disconnected
2026-07-27 01:42:22,wlxbcfce7292407,N/A,0,0,NO_GATEWAY,100,Disconnected
2026-07-27 01:42:52,wlxbcfce7292407,N/A,0,0,NO_GATEWAY,100,Disconnected
2026-07-27 01:43:22,wlxbcfce7292407,N/A,0,0,NO_GATEWAY,100,Disconnected
2026-07-27 01:43:52,wlxbcfce7292407,N/A,0,0,NO_GATEWAY,100,Disconnected
2026-07-27 01:44:22,wlxbcfce7292407,N/A,0,0,NO_GATEWAY,100,Disconnected
2026-07-27 01:44:52,wlxbcfce7292407,N/A,0,0,NO_GATEWAY,100,Disconnected
2026-07-27 01:45:22,wlxbcfce7292407,N/A,0,0,NO_GATEWAY,100,Disconnected
2026-07-27 01:45:52,wlxbcfce7292407,N/A,0,0,NO_GATEWAY,100,Disconnected
2026-07-27 01:46:23,wlxbcfce7292407,N/A,0,0,NO_GATEWAY,100,Disconnected
2026-07-27 01:46:53,wlxbcfce7292407,N/A,0,0,NO_GATEWAY,100,Disconnected
2026-07-27 01:47:23,wlxbcfce7292407,N/A,0,0,NO_GATEWAY,100,Disconnected
2026-07-27 01:47:53,wlxbcfce7292407,N/A,0,0,NO_GATEWAY,100,Disconnected
2026-07-27 01:48:23,wlxbcfce7292407,N/A,0,0,NO_GATEWAY,100,Disconnected
2026-07-27 01:48:53,wlxbcfce7292407,N/A,0,0,NO_GATEWAY,100,Disconnected
2026-07-27 01:49:23,wlxbcfce7292407,N/A,0,0,NO_GATEWAY,100,Disconnected
2026-07-27 01:49:53,wlxbcfce7292407,N/A,0,0,NO_GATEWAY,100,Disconnected
2026-07-27 01:50:23,wlxbcfce7292407,N/A,0,0,NO_GATEWAY,100,Disconnected
2026-07-27 01:50:53,wlxbcfce7292407,N/A,0,0,NO_GATEWAY,100,Disconnected
2026-07-27 01:51:23,wlxbcfce7292407,N/A,0,0,NO_GATEWAY,100,Disconnected
2026-07-27 01:51:53,wlxbcfce7292407,N/A,0,0,NO_GATEWAY,100,Disconnected
2026-07-27 01:52:23,wlxbcfce7292407,N/A,0,0,NO_GATEWAY,100,Disconnected
2026-07-27 01:52:53,wlxbcfce7292407,N/A,0,0,NO_GATEWAY,100,Disconnected
2026-07-27 01:53:23,wlxbcfce7292407,N/A,0,0,NO_GATEWAY,100,Disconnected
2026-07-27 01:53:53,wlxbcfce7292407,N/A,0,0,NO_GATEWAY,100,Disconnected
2026-07-27 01:54:23,wlxbcfce7292407,N/A,0,0,NO_GATEWAY,100,Disconnected
2026-07-27 01:54:53,wlxbcfce7292407,N/A,0,0,NO_GATEWAY,100,Disconnected
2026-07-27 01:55:23,wlxbcfce7292407,N/A,0,0,NO_GATEWAY,100,Disconnected
2026-07-27 01:55:53,wlxbcfce7292407,N/A,0,0,NO_GATEWAY,100,Disconnected
2026-07-27 01:56:23,wlxbcfce7292407,N/A,0,0,NO_GATEWAY,100,Disconnected
2026-07-27 01:56:53,wlxbcfce7292407,N/A,0,0,NO_GATEWAY,100,Disconnected
2026-07-27 01:57:24,wlxbcfce7292407,N/A,0,0,NO_GATEWAY,100,Disconnected
2026-07-27 01:57:54,wlxbcfce7292407,N/A,0,0,NO_GATEWAY,100,Disconnected
2026-07-27 01:58:24,wlxbcfce7292407,N/A,0,0,NO_GATEWAY,100,Disconnected
2026-07-27 01:58:54,wlxbcfce7292407,N/A,0,0,NO_GATEWAY,100,Disconnected
2026-07-27 01:59:24,wlxbcfce7292407,N/A,0,0,NO_GATEWAY,100,Disconnected
2026-07-27 01:59:54,wlxbcfce7292407,N/A,0,0,NO_GATEWAY,100,Disconnected
2026-07-27 02:00:24,wlxbcfce7292407,N/A,0,0,NO_GATEWAY,100,Disconnected
2026-07-27 02:00:54,wlxbcfce7292407,N/A,0,0,NO_GATEWAY,100,Disconnected
2026-07-27 02:01:24,wlxbcfce7292407,N/A,0,0,NO_GATEWAY,100,Disconnected
2026-07-27 02:01:54,wlxbcfce7292407,N/A,0,0,NO_GATEWAY,100,Disconnected
2026-07-27 02:02:24,wlxbcfce7292407,N/A,0,0,NO_GATEWAY,100,Disconnected
2026-07-27 02:02:54,wlxbcfce7292407,N/A,0,0,NO_GATEWAY,100,Disconnected
2026-07-27 02:03:24,wlxbcfce7292407,N/A,0,0,NO_GATEWAY,100,Disconnected
2026-07-27 02:03:54,wlxbcfce7292407,N/A,0,0,NO_GATEWAY,100,Disconnected
2026-07-27 02:04:24,wlxbcfce7292407,N/A,0,0,NO_GATEWAY,100,Disconnected
2026-07-27 02:04:54,wlxbcfce7292407,N/A,0,0,NO_GATEWAY,100,Disconnected
2026-07-27 02:05:24,wlxbcfce7292407,N/A,0,0,NO_GATEWAY,100,Disconnected
2026-07-27 02:05:54,wlxbcfce7292407,N/A,0,0,NO_GATEWAY,100,Disconnected
2026-07-27 02:06:24,wlxbcfce7292407,N/A,0,0,NO_GATEWAY,100,Disconnected
2026-07-27 02:06:55,wlxbcfce7292407,N/A,0,0,NO_GATEWAY,100,Disconnected
2026-07-27 02:07:25,wlxbcfce7292407,N/A,0,0,NO_GATEWAY,100,Disconnected
2026-07-27 02:07:55,wlxbcfce7292407,N/A,0,0,NO_GATEWAY,100,Disconnected
2026-07-27 02:08:25,wlxbcfce7292407,N/A,0,0,NO_GATEWAY,100,Disconnected
2026-07-27 02:08:55,wlxbcfce7292407,N/A,0,0,NO_GATEWAY,100,Disconnected
2026-07-27 02:09:25,wlxbcfce7292407,N/A,0,0,NO_GATEWAY,100,Disconnected
2026-07-27 02:09:55,wlxbcfce7292407,N/A,0,0,NO_GATEWAY,100,Disconnected
2026-07-27 02:10:25,wlxbcfce7292407,N/A,0,0,NO_GATEWAY,100,Disconnected
2026-07-27 02:10:55,wlxbcfce7292407,N/A,0,0,NO_GATEWAY,100,Disconnected
2026-07-27 02:11:25,wlxbcfce7292407,N/A,0,0,NO_GATEWAY,100,Disconnected
2026-07-27 02:11:55,wlxbcfce7292407,N/A,0,0,NO_GATEWAY,100,Disconnected
2026-07-27 02:12:25,wlxbcfce7292407,N/A,0,0,NO_GATEWAY,100,Disconnected
2026-07-27 02:12:55,wlxbcfce7292407,N/A,0,0,NO_GATEWAY,100,Disconnected
2026-07-27 02:13:25,wlxbcfce7292407,N/A,0,0,NO_GATEWAY,100,Disconnected
2026-07-27 02:13:55,wlxbcfce7292407,N/A,0,0,NO_GATEWAY,100,Disconnected
2026-07-27 02:14:25,wlxbcfce7292407,N/A,0,0,NO_GATEWAY,100,Disconnected
2026-07-27 02:14:55,wlxbcfce7292407,N/A,0,0,NO_GATEWAY,100,Disconnected
2026-07-27 02:15:25,wlxbcfce7292407,N/A,0,0,NO_GATEWAY,100,Disconnected
2026-07-27 02:15:56,wlxbcfce7292407,N/A,0,0,NO_GATEWAY,100,Disconnected
2026-07-27 02:16:26,wlxbcfce7292407,N/A,0,0,NO_GATEWAY,100,Disconnected
2026-07-27 02:16:56,wlxbcfce7292407,N/A,0,0,NO_GATEWAY,100,Disconnected
2026-07-27 02:17:26,wlxbcfce7292407,N/A,0,0,NO_GATEWAY,100,Disconnected
2026-07-27 02:17:56,wlxbcfce7292407,N/A,0,0,NO_GATEWAY,100,Disconnected
2026-07-27 02:18:26,wlxbcfce7292407,N/A,0,0,NO_GATEWAY,100,Disconnected
2026-07-27 02:18:56,wlxbcfce7292407,N/A,0,0,NO_GATEWAY,100,Disconnected
2026-07-27 02:19:26,wlxbcfce7292407,N/A,0,0,NO_GATEWAY,100,Disconnected
2026-07-27 02:19:56,wlxbcfce7292407,N/A,0,0,NO_GATEWAY,100,Disconnected
2026-07-27 02:20:26,wlxbcfce7292407,N/A,0,0,NO_GATEWAY,100,Disconnected
2026-07-27 02:20:56,wlxbcfce7292407,N/A,0,0,NO_GATEWAY,100,Disconnected
2026-07-27 02:21:26,wlxbcfce7292407,N/A,0,0,NO_GATEWAY,100,Disconnected
2026-07-27 02:21:56,wlxbcfce7292407,N/A,0,0,NO_GATEWAY,100,Disconnected
2026-07-27 02:22:26,wlxbcfce7292407,N/A,0,0,NO_GATEWAY,100,Disconnected
2026-07-27 02:22:56,wlxbcfce7292407,N/A,0,0,NO_GATEWAY,100,Disconnected
2026-07-27 02:23:26,wlxbcfce7292407,N/A,0,0,NO_GATEWAY,100,Disconnected
2026-07-27 02:23:56,wlxbcfce7292407,N/A,0,0,NO_GATEWAY,100,Disconnected
2026-07-27 02:24:26,wlxbcfce7292407,N/A,0,0,NO_GATEWAY,100,Disconnected
2026-07-27 02:24:57,wlxbcfce7292407,N/A,0,0,NO_GATEWAY,100,Disconnected
2026-07-27 02:25:27,wlxbcfce7292407,N/A,0,0,NO_GATEWAY,100,Disconnected
2026-07-27 02:25:57,wlxbcfce7292407,N/A,0,0,NO_GATEWAY,100,Disconnected
2026-07-27 02:26:27,wlxbcfce7292407,N/A,0,0,NO_GATEWAY,100,Disconnected
2026-07-27 02:26:57,wlxbcfce7292407,N/A,0,0,NO_GATEWAY,100,Disconnected
2026-07-27 02:27:27,wlxbcfce7292407,N/A,0,0,NO_GATEWAY,100,Disconnected
2026-07-27 02:27:57,wlxbcfce7292407,N/A,0,0,NO_GATEWAY,100,Disconnected
2026-07-27 02:28:27,wlxbcfce7292407,N/A,0,0,NO_GATEWAY,100,Disconnected
2026-07-27 02:28:57,wlxbcfce7292407,N/A,0,0,NO_GATEWAY,100,Disconnected
2026-07-27 02:29:27,wlxbcfce7292407,N/A,0,0,NO_GATEWAY,100,Disconnected
2026-07-27 02:29:57,wlxbcfce7292407,N/A,0,0,NO_GATEWAY,100,Disconnected
2026-07-27 02:30:27,wlxbcfce7292407,N/A,0,0,NO_GATEWAY,100,Disconnected
2026-07-27 02:30:57,wlxbcfce7292407,N/A,0,0,NO_GATEWAY,100,Disconnected
2026-07-27 02:31:27,wlxbcfce7292407,N/A,0,0,NO_GATEWAY,100,Disconnected
2026-07-27 02:31:57,wlxbcfce7292407,N/A,0,0,NO_GATEWAY,100,Disconnected
2026-07-27 02:32:27,wlxbcfce7292407,N/A,0,0,NO_GATEWAY,100,Disconnected
2026-07-27 02:32:57,wlxbcfce7292407,N/A,0,0,NO_GATEWAY,100,Disconnected
2026-07-27 02:33:28,wlxbcfce7292407,N/A,0,0,NO_GATEWAY,100,Disconnected
2026-07-27 02:33:58,wlxbcfce7292407,N/A,0,0,NO_GATEWAY,100,Disconnected
2026-07-27 02:34:28,wlxbcfce7292407,N/A,0,0,NO_GATEWAY,100,Disconnected
2026-07-27 02:34:58,wlxbcfce7292407,N/A,0,0,NO_GATEWAY,100,Disconnected
2026-07-27 02:35:28,wlxbcfce7292407,N/A,0,0,NO_GATEWAY,100,Disconnected
2026-07-27 02:35:58,wlxbcfce7292407,N/A,0,0,NO_GATEWAY,100,Disconnected
2026-07-27 02:36:28,wlxbcfce7292407,N/A,0,0,NO_GATEWAY,100,Disconnected
2026-07-27 02:36:58,wlxbcfce7292407,N/A,0,0,NO_GATEWAY,100,Disconnected
2026-07-27 02:37:28,wlxbcfce7292407,N/A,0,0,NO_GATEWAY,100,Disconnected
2026-07-27 02:37:58,wlxbcfce7292407,N/A,0,0,NO_GATEWAY,100,Disconnected
2026-07-27 02:38:28,wlxbcfce7292407,N/A,0,0,NO_GATEWAY,100,Disconnected
2026-07-27 02:38:58,wlxbcfce7292407,N/A,0,0,NO_GATEWAY,100,Disconnected
2026-07-27 02:39:28,wlxbcfce7292407,N/A,0,0,NO_GATEWAY,100,Disconnected
2026-07-27 02:39:58,wlxbcfce7292407,N/A,0,0,NO_GATEWAY,100,Disconnected
2026-07-27 02:40:28,wlxbcfce7292407,N/A,0,0,NO_GATEWAY,100,Disconnected
2026-07-27 02:40:58,wlxbcfce7292407,N/A,0,0,NO_GATEWAY,100,Disconnected
2026-07-27 02:41:28,wlxbcfce7292407,N/A,0,0,NO_GATEWAY,100,Disconnected
2026-07-27 02:41:58,wlxbcfce7292407,N/A,0,0,NO_GATEWAY,100,Disconnected
2026-07-27 02:42:28,wlxbcfce7292407,N/A,0,0,NO_GATEWAY,100,Disconnected
2026-07-27 02:42:59,wlxbcfce7292407,N/A,0,0,NO_GATEWAY,100,Disconnected
2026-07-27 02:43:29,wlxbcfce7292407,N/A,0,0,NO_GATEWAY,100,Disconnected
2026-07-27 02:43:59,wlxbcfce7292407,N/A,0,0,NO_GATEWAY,100,Disconnected
2026-07-27 02:44:29,wlxbcfce7292407,N/A,0,0,NO_GATEWAY,100,Disconnected
2026-07-27 02:44:59,wlxbcfce7292407,N/A,0,0,NO_GATEWAY,100,Disconnected
2026-07-27 02:45:29,wlxbcfce7292407,N/A,0,0,NO_GATEWAY,100,Disconnected
2026-07-27 02:45:59,wlxbcfce7292407,N/A,0,0,NO_GATEWAY,100,Disconnected
2026-07-27 02:46:29,wlxbcfce7292407,N/A,0,0,NO_GATEWAY,100,Disconnected
2026-07-27 02:46:59,wlxbcfce7292407,N/A,0,0,NO_GATEWAY,100,Disconnected
2026-07-27 02:47:29,wlxbcfce7292407,N/A,0,0,NO_GATEWAY,100,Disconnected
2026-07-27 02:47:59,wlxbcfce7292407,N/A,0,0,NO_GATEWAY,100,Disconnected
2026-07-27 02:48:29,wlxbcfce7292407,N/A,0,0,NO_GATEWAY,100,Disconnected
2026-07-27 02:48:59,wlxbcfce7292407,N/A,0,0,NO_GATEWAY,100,Disconnected
2026-07-27 02:49:29,wlxbcfce7292407,N/A,0,0,NO_GATEWAY,100,Disconnected
2026-07-27 02:49:59,wlxbcfce7292407,N/A,0,0,NO_GATEWAY,100,Disconnected
2026-07-27 02:50:29,wlxbcfce7292407,N/A,0,0,NO_GATEWAY,100,Disconnected
2026-07-27 02:50:59,wlxbcfce7292407,N/A,0,0,NO_GATEWAY,100,Disconnected
2026-07-27 02:51:29,wlxbcfce7292407,N/A,0,0,NO_GATEWAY,100,Disconnected
2026-07-27 02:52:00,wlxbcfce7292407,N/A,0,0,NO_GATEWAY,100,Disconnected
2026-07-27 02:52:30,wlxbcfce7292407,N/A,0,0,NO_GATEWAY,100,Disconnected
2026-07-27 02:53:00,wlxbcfce7292407,N/A,0,0,NO_GATEWAY,100,Disconnected
2026-07-27 02:53:30,wlxbcfce7292407,N/A,0,0,NO_GATEWAY,100,Disconnected
2026-07-27 02:54:00,wlxbcfce7292407,N/A,0,0,NO_GATEWAY,100,Disconnected
2026-07-27 02:54:30,wlxbcfce7292407,N/A,0,0,NO_GATEWAY,100,Disconnected
2026-07-27 02:55:00,wlxbcfce7292407,N/A,0,0,NO_GATEWAY,100,Disconnected
2026-07-27 02:55:30,wlxbcfce7292407,N/A,0,0,NO_GATEWAY,100,Disconnected
2026-07-27 02:56:00,wlxbcfce7292407,N/A,0,0,NO_GATEWAY,100,Disconnected
2026-07-27 02:56:30,wlxbcfce7292407,N/A,0,0,NO_GATEWAY,100,Disconnected
2026-07-27 02:57:00,wlxbcfce7292407,N/A,0,0,NO_GATEWAY,100,Disconnected
2026-07-27 02:57:30,wlxbcfce7292407,N/A,0,0,NO_GATEWAY,100,Disconnected
2026-07-27 02:58:00,wlxbcfce7292407,N/A,0,0,NO_GATEWAY,100,Disconnected
2026-07-27 02:58:30,wlxbcfce7292407,N/A,0,0,NO_GATEWAY,100,Disconnected
2026-07-27 02:59:00,wlxbcfce7292407,N/A,0,0,NO_GATEWAY,100,Disconnected
2026-07-27 02:59:30,wlxbcfce7292407,N/A,0,0,NO_GATEWAY,100,Disconnected
2026-07-27 03:00:00,wlxbcfce7292407,N/A,0,0,NO_GATEWAY,100,Disconnected
2026-07-27 03:00:30,wlxbcfce7292407,N/A,0,0,NO_GATEWAY,100,Disconnected
2026-07-27 03:01:01,wlxbcfce7292407,N/A,0,0,NO_GATEWAY,100,Disconnected
2026-07-27 03:01:31,wlxbcfce7292407,N/A,0,0,NO_GATEWAY,100,Disconnected
2026-07-27 03:02:01,wlxbcfce7292407,N/A,0,0,NO_GATEWAY,100,Disconnected
2026-07-27 03:02:31,wlxbcfce7292407,N/A,0,0,NO_GATEWAY,100,Disconnected
2026-07-27 03:03:01,wlxbcfce7292407,N/A,0,0,NO_GATEWAY,100,Disconnected
2026-07-27 03:03:31,wlxbcfce7292407,N/A,0,0,NO_GATEWAY,100,Disconnected
2026-07-27 03:04:01,wlxbcfce7292407,N/A,0,0,NO_GATEWAY,100,Disconnected
2026-07-27 03:04:31,wlxbcfce7292407,N/A,0,0,NO_GATEWAY,100,Disconnected
2026-07-27 03:05:01,wlxbcfce7292407,N/A,0,0,NO_GATEWAY,100,Disconnected
2026-07-27 03:05:31,wlxbcfce7292407,N/A,0,0,NO_GATEWAY,100,Disconnected
2026-07-27 03:06:01,wlxbcfce7292407,N/A,0,0,NO_GATEWAY,100,Disconnected
2026-07-27 03:06:31,wlxbcfce7292407,N/A,0,0,NO_GATEWAY,100,Disconnected
2026-07-27 03:07:01,wlxbcfce7292407,N/A,0,0,NO_GATEWAY,100,Disconnected
2026-07-27 03:07:31,wlxbcfce7292407,N/A,0,0,NO_GATEWAY,100,Disconnected
2026-07-27 03:08:01,wlxbcfce7292407,N/A,0,0,NO_GATEWAY,100,Disconnected
2026-07-27 03:08:31,wlxbcfce7292407,N/A,0,0,NO_GATEWAY,100,Disconnected
2026-07-27 03:09:01,wlxbcfce7292407,N/A,0,0,NO_GATEWAY,100,Disconnected
2026-07-27 03:09:31,wlxbcfce7292407,N/A,0,0,NO_GATEWAY,100,Disconnected
2026-07-27 03:10:01,wlxbcfce7292407,N/A,0,0,NO_GATEWAY,100,Disconnected
2026-07-27 03:10:31,wlxbcfce7292407,N/A,0,0,NO_GATEWAY,100,Disconnected
2026-07-27 03:11:01,wlxbcfce7292407,N/A,0,0,NO_GATEWAY,100,Disconnected
2026-07-27 03:11:32,wlxbcfce7292407,N/A,0,0,NO_GATEWAY,100,Disconnected
2026-07-27 03:12:02,wlxbcfce7292407,N/A,0,0,NO_GATEWAY,100,Disconnected
2026-07-27 03:12:32,wlxbcfce7292407,N/A,0,0,NO_GATEWAY,100,Disconnected
2026-07-27 03:13:02,wlxbcfce7292407,N/A,0,0,NO_GATEWAY,100,Disconnected
2026-07-27 03:13:32,wlxbcfce7292407,N/A,0,0,NO_GATEWAY,100,Disconnected
2026-07-27 03:14:02,wlxbcfce7292407,N/A,0,0,NO_GATEWAY,100,Disconnected
2026-07-27 03:14:32,wlxbcfce7292407,N/A,0,0,NO_GATEWAY,100,Disconnected
2026-07-27 03:15:02,wlxbcfce7292407,N/A,0,0,NO_GATEWAY,100,Disconnected
2026-07-27 03:15:32,wlxbcfce7292407,N/A,0,0,NO_GATEWAY,100,Disconnected
2026-07-27 03:16:02,wlxbcfce7292407,N/A,0,0,NO_GATEWAY,100,Disconnected
2026-07-27 03:16:32,wlxbcfce7292407,N/A,0,0,NO_GATEWAY,100,Disconnected
2026-07-27 03:17:02,wlxbcfce7292407,N/A,0,0,NO_GATEWAY,100,Disconnected
2026-07-27 03:17:32,wlxbcfce7292407,N/A,0,0,NO_GATEWAY,100,Disconnected
2026-07-27 03:18:02,wlxbcfce7292407,N/A,0,0,NO_GATEWAY,100,Disconnected
2026-07-27 03:18:32,wlxbcfce7292407,N/A,0,0,NO_GATEWAY,100,Disconnected
2026-07-27 03:19:02,wlxbcfce7292407,N/A,0,0,NO_GATEWAY,100,Disconnected
2026-07-27 03:19:32,wlxbcfce7292407,N/A,0,0,NO_GATEWAY,100,Disconnected
2026-07-27 03:20:02,wlxbcfce7292407,N/A,0,0,NO_GATEWAY,100,Disconnected
2026-07-27 03:20:32,wlxbcfce7292407,N/A,0,0,NO_GATEWAY,100,Disconnected
2026-07-27 03:21:02,wlxbcfce7292407,N/A,0,0,NO_GATEWAY,100,Disconnected
2026-07-27 03:21:32,wlxbcfce7292407,N/A,0,0,NO_GATEWAY,100,Disconnected
2026-07-27 03:22:03,wlxbcfce7292407,N/A,0,0,NO_GATEWAY,100,Disconnected
2026-07-27 03:22:33,wlxbcfce7292407,N/A,0,0,NO_GATEWAY,100,Disconnected
2026-07-27 03:23:03,wlxbcfce7292407,N/A,0,0,NO_GATEWAY,100,Disconnected
2026-07-27 03:23:33,wlxbcfce7292407,N/A,0,0,NO_GATEWAY,100,Disconnected
2026-07-27 03:24:03,wlxbcfce7292407,N/A,0,0,NO_GATEWAY,100,Disconnected
2026-07-27 03:24:33,wlxbcfce7292407,N/A,0,0,NO_GATEWAY,100,Disconnected
2026-07-27 03:25:03,wlxbcfce7292407,N/A,0,0,NO_GATEWAY,100,Disconnected
2026-07-27 03:25:33,wlxbcfce7292407,N/A,0,0,NO_GATEWAY,100,Disconnected
2026-07-27 03:26:03,wlxbcfce7292407,N/A,0,0,NO_GATEWAY,100,Disconnected
2026-07-27 03:26:33,wlxbcfce7292407,N/A,0,0,NO_GATEWAY,100,Disconnected
2026-07-27 03:27:03,wlxbcfce7292407,N/A,0,0,NO_GATEWAY,100,Disconnected
2026-07-27 03:27:33,wlxbcfce7292407,N/A,0,0,NO_GATEWAY,100,Disconnected
2026-07-27 03:28:03,wlxbcfce7292407,N/A,0,0,NO_GATEWAY,100,Disconnected
2026-07-27 03:28:33,wlxbcfce7292407,N/A,0,0,NO_GATEWAY,100,Disconnected
2026-07-27 03:29:03,wlxbcfce7292407,N/A,0,0,NO_GATEWAY,100,Disconnected
2026-07-27 03:29:33,wlxbcfce7292407,N/A,0,0,NO_GATEWAY,100,Disconnected
2026-07-27 03:30:03,wlxbcfce7292407,N/A,0,0,NO_GATEWAY,100,Disconnected
2026-07-27 03:30:33,wlxbcfce7292407,N/A,0,0,NO_GATEWAY,100,Disconnected
2026-07-27 03:31:04,wlxbcfce7292407,N/A,0,0,NO_GATEWAY,100,Disconnected
2026-07-27 03:31:34,wlxbcfce7292407,N/A,0,0,NO_GATEWAY,100,Disconnected
2026-07-27 03:32:04,wlxbcfce7292407,N/A,0,0,NO_GATEWAY,100,Disconnected
2026-07-27 03:32:34,wlxbcfce7292407,N/A,0,0,NO_GATEWAY,100,Disconnected
2026-07-27 03:33:04,wlxbcfce7292407,N/A,0,0,NO_GATEWAY,100,Disconnected
2026-07-27 03:33:34,wlxbcfce7292407,N/A,0,0,NO_GATEWAY,100,Disconnected
2026-07-27 03:34:04,wlxbcfce7292407,N/A,0,0,NO_GATEWAY,100,Disconnected
2026-07-27 03:34:34,wlxbcfce7292407,N/A,0,0,NO_GATEWAY,100,Disconnected
2026-07-27 03:35:04,wlxbcfce7292407,N/A,0,0,NO_GATEWAY,100,Disconnected
2026-07-27 03:35:34,wlxbcfce7292407,N/A,0,0,NO_GATEWAY,100,Disconnected
2026-07-27 03:36:04,wlxbcfce7292407,N/A,0,0,NO_GATEWAY,100,Disconnected
2026-07-27 03:36:34,wlxbcfce7292407,N/A,0,0,NO_GATEWAY,100,Disconnected
2026-07-27 03:37:04,wlxbcfce7292407,N/A,0,0,NO_GATEWAY,100,Disconnected
2026-07-27 03:37:34,wlxbcfce7292407,N/A,0,0,NO_GATEWAY,100,Disconnected
2026-07-27 03:38:04,wlxbcfce7292407,N/A,0,0,NO_GATEWAY,100,Disconnected
2026-07-27 03:38:34,wlxbcfce7292407,N/A,0,0,NO_GATEWAY,100,Disconnected
2026-07-27 03:39:04,wlxbcfce7292407,N/A,0,0,NO_GATEWAY,100,Disconnected
2026-07-27 03:39:34,wlxbcfce7292407,N/A,0,0,NO_GATEWAY,100,Disconnected
2026-07-27 03:40:04,wlxbcfce7292407,N/A,0,0,NO_GATEWAY,100,Disconnected
2026-07-27 03:40:34,wlxbcfce7292407,N/A,0,0,NO_GATEWAY,100,Disconnected
2026-07-27 03:41:04,wlxbcfce7292407,N/A,0,0,NO_GATEWAY,100,Disconnected
2026-07-27 03:41:35,wlxbcfce7292407,N/A,0,0,NO_GATEWAY,100,Disconnected
2026-07-27 03:42:05,wlxbcfce7292407,N/A,0,0,NO_GATEWAY,100,Disconnected
2026-07-27 03:42:35,wlxbcfce7292407,N/A,0,0,NO_GATEWAY,100,Disconnected
2026-07-27 03:43:05,wlxbcfce7292407,N/A,0,0,NO_GATEWAY,100,Disconnected
2026-07-27 03:43:35,wlxbcfce7292407,N/A,0,0,NO_GATEWAY,100,Disconnected
2026-07-27 03:44:05,wlxbcfce7292407,N/A,0,0,NO_GATEWAY,100,Disconnected
2026-07-27 03:44:35,wlxbcfce7292407,N/A,0,0,NO_GATEWAY,100,Disconnected
2026-07-27 03:45:05,wlxbcfce7292407,N/A,0,0,NO_GATEWAY,100,Disconnected
2026-07-27 03:45:35,wlxbcfce7292407,N/A,0,0,NO_GATEWAY,100,Disconnected
2026-07-27 03:46:05,wlxbcfce7292407,N/A,0,0,NO_GATEWAY,100,Disconnected
2026-07-27 03:46:35,wlxbcfce7292407,N/A,0,0,NO_GATEWAY,100,Disconnected
2026-07-27 03:47:05,wlxbcfce7292407,N/A,0,0,NO_GATEWAY,100,Disconnected
2026-07-27 03:47:35,wlxbcfce7292407,N/A,0,0,NO_GATEWAY,100,Disconnected
2026-07-27 03:48:05,wlxbcfce7292407,N/A,0,0,NO_GATEWAY,100,Disconnected
2026-07-27 03:48:35,wlxbcfce7292407,N/A,0,0,NO_GATEWAY,100,Disconnected
2026-07-27 03:49:05,wlxbcfce7292407,N/A,0,0,NO_GATEWAY,100,Disconnected
2026-07-27 03:49:35,wlxbcfce7292407,N/A,0,0,NO_GATEWAY,100,Disconnected
2026-07-27 03:50:06,wlxbcfce7292407,N/A,0,0,NO_GATEWAY,100,Disconnected
2026-07-27 03:50:36,wlxbcfce7292407,N/A,0,0,NO_GATEWAY,100,Disconnected
2026-07-27 03:51:06,wlxbcfce7292407,N/A,0,0,NO_GATEWAY,100,Disconnected
2026-07-27 03:51:36,wlxbcfce7292407,N/A,0,0,NO_GATEWAY,100,Disconnected
2026-07-27 03:52:06,wlxbcfce7292407,N/A,0,0,NO_GATEWAY,100,Disconnected
2026-07-27 03:52:36,wlxbcfce7292407,N/A,0,0,NO_GATEWAY,100,Disconnected
2026-07-27 03:53:06,wlxbcfce7292407,N/A,0,0,NO_GATEWAY,100,Disconnected
2026-07-27 03:53:36,wlxbcfce7292407,N/A,0,0,NO_GATEWAY,100,Disconnected
2026-07-27 03:54:06,wlxbcfce7292407,N/A,0,0,NO_GATEWAY,100,Disconnected
2026-07-27 03:54:36,wlxbcfce7292407,N/A,0,0,NO_GATEWAY,100,Disconnected
2026-07-27 03:55:06,wlxbcfce7292407,N/A,0,0,NO_GATEWAY,100,Disconnected
2026-07-27 03:55:36,wlxbcfce7292407,N/A,0,0,NO_GATEWAY,100,Disconnected
2026-07-27 03:56:06,wlxbcfce7292407,N/A,0,0,NO_GATEWAY,100,Disconnected
2026-07-27 03:56:36,wlxbcfce7292407,N/A,0,0,NO_GATEWAY,100,Disconnected
2026-07-27 03:57:06,wlxbcfce7292407,N/A,0,0,NO_GATEWAY,100,Disconnected
2026-07-27 03:57:36,wlxbcfce7292407,N/A,0,0,NO_GATEWAY,100,Disconnected
2026-07-27 03:58:06,wlxbcfce7292407,N/A,0,0,NO_GATEWAY,100,Disconnected
2026-07-27 03:58:36,wlxbcfce7292407,N/A,0,0,NO_GATEWAY,100,Disconnected
2026-07-27 03:59:06,wlxbcfce7292407,N/A,0,0,NO_GATEWAY,100,Disconnected
2026-07-27 03:59:36,wlxbcfce7292407,N/A,0,0,NO_GATEWAY,100,Disconnected
2026-07-27 04:00:06,wlxbcfce7292407,N/A,0,0,NO_GATEWAY,100,Disconnected
2026-07-27 04:00:36,wlxbcfce7292407,N/A,0,0,NO_GATEWAY,100,Disconnected
2026-07-27 04:01:07,wlxbcfce7292407,N/A,0,0,NO_GATEWAY,100,Disconnected
2026-07-27 04:01:37,wlxbcfce7292407,N/A,0,0,NO_GATEWAY,100,Disconnected
2026-07-27 04:02:07,wlxbcfce7292407,N/A,0,0,NO_GATEWAY,100,Disconnected
2026-07-27 04:02:37,wlxbcfce7292407,N/A,0,0,NO_GATEWAY,100,Disconnected
2026-07-27 04:03:07,wlxbcfce7292407,N/A,0,0,NO_GATEWAY,100,Disconnected
2026-07-27 04:03:37,wlxbcfce7292407,N/A,0,0,NO_GATEWAY,100,Disconnected
2026-07-27 04:04:07,wlxbcfce7292407,N/A,0,0,NO_GATEWAY,100,Disconnected
2026-07-27 04:04:37,wlxbcfce7292407,N/A,0,0,NO_GATEWAY,100,Disconnected
2026-07-27 04:05:07,wlxbcfce7292407,N/A,0,0,NO_GATEWAY,100,Disconnected
2026-07-27 04:05:37,wlxbcfce7292407,N/A,0,0,NO_GATEWAY,100,Disconnected
2026-07-27 04:06:07,wlxbcfce7292407,N/A,0,0,NO_GATEWAY,100,Disconnected
2026-07-27 04:06:37,wlxbcfce7292407,N/A,0,0,NO_GATEWAY,100,Disconnected
2026-07-27 04:07:07,wlxbcfce7292407,N/A,0,0,NO_GATEWAY,100,Disconnected
2026-07-27 04:07:37,wlxbcfce7292407,N/A,0,0,NO_GATEWAY,100,Disconnected
2026-07-27 04:08:07,wlxbcfce7292407,N/A,0,0,NO_GATEWAY,100,Disconnected
2026-07-27 04:08:37,wlxbcfce7292407,N/A,0,0,NO_GATEWAY,100,Disconnected
2026-07-27 04:09:07,wlxbcfce7292407,N/A,0,0,NO_GATEWAY,100,Disconnected
2026-07-27 04:09:37,wlxbcfce7292407,N/A,0,0,NO_GATEWAY,100,Disconnected
2026-07-27 04:10:07,wlxbcfce7292407,N/A,0,0,NO_GATEWAY,100,Disconnected
2026-07-27 04:10:37,wlxbcfce7292407,N/A,0,0,NO_GATEWAY,100,Disconnected
2026-07-27 04:11:07,wlxbcfce7292407,N/A,0,0,NO_GATEWAY,100,Disconnected
2026-07-27 04:11:38,wlxbcfce7292407,N/A,0,0,NO_GATEWAY,100,Disconnected
2026-07-27 04:12:08,wlxbcfce7292407,N/A,0,0,NO_GATEWAY,100,Disconnected
2026-07-27 04:12:38,wlxbcfce7292407,N/A,0,0,NO_GATEWAY,100,Disconnected
2026-07-27 04:13:08,wlxbcfce7292407,N/A,0,0,NO_GATEWAY,100,Disconnected
2026-07-27 04:13:38,wlxbcfce7292407,N/A,0,0,NO_GATEWAY,100,Disconnected
2026-07-27 04:14:08,wlxbcfce7292407,N/A,0,0,NO_GATEWAY,100,Disconnected
2026-07-27 04:14:38,wlxbcfce7292407,N/A,0,0,NO_GATEWAY,100,Disconnected
2026-07-27 04:15:08,wlxbcfce7292407,N/A,0,0,NO_GATEWAY,100,Disconnected
2026-07-27 04:15:38,wlxbcfce7292407,N/A,0,0,NO_GATEWAY,100,Disconnected
2026-07-27 04:16:08,wlxbcfce7292407,N/A,0,0,NO_GATEWAY,100,Disconnected
2026-07-27 04:16:38,wlxbcfce7292407,N/A,0,0,NO_GATEWAY,100,Disconnected
2026-07-27 04:17:08,wlxbcfce7292407,N/A,0,0,NO_GATEWAY,100,Disconnected
2026-07-27 04:17:38,wlxbcfce7292407,N/A,0,0,NO_GATEWAY,100,Disconnected
2026-07-27 04:18:08,wlxbcfce7292407,N/A,0,0,NO_GATEWAY,100,Disconnected
2026-07-27 04:18:38,wlxbcfce7292407,N/A,0,0,NO_GATEWAY,100,Disconnected
2026-07-27 04:19:08,wlxbcfce7292407,N/A,0,0,NO_GATEWAY,100,Disconnected
2026-07-27 04:19:38,wlxbcfce7292407,N/A,0,0,NO_GATEWAY,100,Disconnected
2026-07-27 04:20:08,wlxbcfce7292407,N/A,0,0,NO_GATEWAY,100,Disconnected
2026-07-27 04:20:38,wlxbcfce7292407,N/A,0,0,NO_GATEWAY,100,Disconnected
2026-07-27 04:21:09,wlxbcfce7292407,N/A,0,0,NO_GATEWAY,100,Disconnected
2026-07-27 04:21:39,wlxbcfce7292407,N/A,0,0,NO_GATEWAY,100,Disconnected
2026-07-27 04:22:09,wlxbcfce7292407,N/A,0,0,NO_GATEWAY,100,Disconnected
2026-07-27 04:22:39,wlxbcfce7292407,N/A,0,0,NO_GATEWAY,100,Disconnected
2026-07-27 04:23:09,wlxbcfce7292407,N/A,0,0,NO_GATEWAY,100,Disconnected
2026-07-27 04:23:39,wlxbcfce7292407,N/A,0,0,NO_GATEWAY,100,Disconnected
2026-07-27 04:24:09,wlxbcfce7292407,N/A,0,0,NO_GATEWAY,100,Disconnected
2026-07-27 04:24:39,wlxbcfce7292407,N/A,0,0,NO_GATEWAY,100,Disconnected
2026-07-27 04:25:09,wlxbcfce7292407,N/A,0,0,NO_GATEWAY,100,Disconnected
2026-07-27 04:25:39,wlxbcfce7292407,N/A,0,0,NO_GATEWAY,100,Disconnected
2026-07-27 04:26:09,wlxbcfce7292407,N/A,0,0,NO_GATEWAY,100,Disconnected
2026-07-27 04:26:39,wlxbcfce7292407,N/A,0,0,NO_GATEWAY,100,Disconnected
2026-07-27 04:27:09,wlxbcfce7292407,N/A,0,0,NO_GATEWAY,100,Disconnected
2026-07-27 04:27:39,wlxbcfce7292407,N/A,0,0,NO_GATEWAY,100,Disconnected
2026-07-27 04:28:09,wlxbcfce7292407,N/A,0,0,NO_GATEWAY,100,Disconnected
2026-07-27 04:28:39,wlxbcfce7292407,N/A,0,0,NO_GATEWAY,100,Disconnected
2026-07-27 04:29:09,wlxbcfce7292407,N/A,0,0,NO_GATEWAY,100,Disconnected
2026-07-27 04:29:39,wlxbcfce7292407,N/A,0,0,NO_GATEWAY,100,Disconnected
2026-07-27 04:30:10,wlxbcfce7292407,N/A,0,0,NO_GATEWAY,100,Disconnected
2026-07-27 04:30:40,wlxbcfce7292407,N/A,0,0,NO_GATEWAY,100,Disconnected
2026-07-27 04:31:10,wlxbcfce7292407,N/A,0,0,NO_GATEWAY,100,Disconnected
2026-07-27 04:31:40,wlxbcfce7292407,N/A,0,0,NO_GATEWAY,100,Disconnected
2026-07-27 04:32:10,wlxbcfce7292407,N/A,0,0,NO_GATEWAY,100,Disconnected
2026-07-27 04:32:40,wlxbcfce7292407,N/A,0,0,NO_GATEWAY,100,Disconnected
2026-07-27 04:33:10,wlxbcfce7292407,N/A,0,0,NO_GATEWAY,100,Disconnected
2026-07-27 04:33:40,wlxbcfce7292407,N/A,0,0,NO_GATEWAY,100,Disconnected
2026-07-27 04:34:10,wlxbcfce7292407,N/A,0,0,NO_GATEWAY,100,Disconnected
2026-07-27 04:34:40,wlxbcfce7292407,N/A,0,0,NO_GATEWAY,100,Disconnected
2026-07-27 04:35:10,wlxbcfce7292407,N/A,0,0,NO_GATEWAY,100,Disconnected
2026-07-27 04:35:40,wlxbcfce7292407,N/A,0,0,NO_GATEWAY,100,Disconnected
2026-07-27 04:36:10,wlxbcfce7292407,N/A,0,0,NO_GATEWAY,100,Disconnected
2026-07-27 04:36:40,wlxbcfce7292407,N/A,0,0,NO_GATEWAY,100,Disconnected
2026-07-27 04:37:10,wlxbcfce7292407,N/A,0,0,NO_GATEWAY,100,Disconnected
2026-07-27 04:37:40,wlxbcfce7292407,N/A,0,0,NO_GATEWAY,100,Disconnected
2026-07-27 04:38:10,wlxbcfce7292407,N/A,0,0,NO_GATEWAY,100,Disconnected
2026-07-27 04:38:40,wlxbcfce7292407,N/A,0,0,NO_GATEWAY,100,Disconnected
2026-07-27 04:39:10,wlxbcfce7292407,N/A,0,0,NO_GATEWAY,100,Disconnected
2026-07-27 04:39:40,wlxbcfce7292407,N/A,0,0,NO_GATEWAY,100,Disconnected
2026-07-27 04:40:11,wlxbcfce7292407,N/A,0,0,NO_GATEWAY,100,Disconnected
2026-07-27 04:40:41,wlxbcfce7292407,N/A,0,0,NO_GATEWAY,100,Disconnected
2026-07-27 04:41:11,wlxbcfce7292407,N/A,0,0,NO_GATEWAY,100,Disconnected
2026-07-27 04:41:41,wlxbcfce7292407,N/A,0,0,NO_GATEWAY,100,Disconnected
2026-07-27 04:42:11,wlxbcfce7292407,N/A,0,0,NO_GATEWAY,100,Disconnected
2026-07-27 04:42:41,wlxbcfce7292407,N/A,0,0,NO_GATEWAY,100,Disconnected
2026-07-27 04:43:11,wlxbcfce7292407,N/A,0,0,NO_GATEWAY,100,Disconnected
2026-07-27 04:43:41,wlxbcfce7292407,N/A,0,0,NO_GATEWAY,100,Disconnected
2026-07-27 04:44:11,wlxbcfce7292407,N/A,0,0,NO_GATEWAY,100,Disconnected
2026-07-27 04:44:41,wlxbcfce7292407,N/A,0,0,NO_GATEWAY,100,Disconnected
2026-07-27 04:45:11,wlxbcfce7292407,N/A,0,0,NO_GATEWAY,100,Disconnected
2026-07-27 04:45:41,wlxbcfce7292407,N/A,0,0,NO_GATEWAY,100,Disconnected
2026-07-27 04:46:11,wlxbcfce7292407,N/A,0,0,NO_GATEWAY,100,Disconnected
2026-07-27 04:46:41,wlxbcfce7292407,N/A,0,0,NO_GATEWAY,100,Disconnected
2026-07-27 04:47:11,wlxbcfce7292407,N/A,0,0,NO_GATEWAY,100,Disconnected
2026-07-27 04:47:41,wlxbcfce7292407,N/A,0,0,NO_GATEWAY,100,Disconnected
2026-07-27 04:48:11,wlxbcfce7292407,N/A,0,0,NO_GATEWAY,100,Disconnected
2026-07-27 04:48:41,wlxbcfce7292407,N/A,0,0,NO_GATEWAY,100,Disconnected
2026-07-27 04:49:11,wlxbcfce7292407,N/A,0,0,NO_GATEWAY,100,Disconnected
2026-07-27 04:49:41,wlxbcfce7292407,N/A,0,0,NO_GATEWAY,100,Disconnected
2026-07-27 04:50:11,wlxbcfce7292407,N/A,0,0,NO_GATEWAY,100,Disconnected
2026-07-27 04:50:41,wlxbcfce7292407,N/A,0,0,NO_GATEWAY,100,Disconnected
2026-07-27 04:51:12,wlxbcfce7292407,N/A,0,0,NO_GATEWAY,100,Disconnected
2026-07-27 04:51:42,wlxbcfce7292407,N/A,0,0,NO_GATEWAY,100,Disconnected
2026-07-27 04:52:12,wlxbcfce7292407,N/A,0,0,NO_GATEWAY,100,Disconnected
2026-07-27 04:52:42,wlxbcfce7292407,N/A,0,0,NO_GATEWAY,100,Disconnected
2026-07-27 04:53:12,wlxbcfce7292407,N/A,0,0,NO_GATEWAY,100,Disconnected
2026-07-27 04:53:42,wlxbcfce7292407,N/A,0,0,NO_GATEWAY,100,Disconnected
2026-07-27 04:54:12,wlxbcfce7292407,N/A,0,0,NO_GATEWAY,100,Disconnected
2026-07-27 04:54:42,wlxbcfce7292407,N/A,0,0,NO_GATEWAY,100,Disconnected
2026-07-27 04:55:12,wlxbcfce7292407,N/A,0,0,NO_GATEWAY,100,Disconnected
2026-07-27 04:55:42,wlxbcfce7292407,N/A,0,0,NO_GATEWAY,100,Disconnected
2026-07-27 04:56:12,wlxbcfce7292407,N/A,0,0,NO_GATEWAY,100,Disconnected
2026-07-27 04:56:42,wlxbcfce7292407,N/A,0,0,NO_GATEWAY,100,Disconnected
2026-07-27 04:57:12,wlxbcfce7292407,N/A,0,0,NO_GATEWAY,100,Disconnected
2026-07-27 04:57:42,wlxbcfce7292407,N/A,0,0,NO_GATEWAY,100,Disconnected
2026-07-27 04:58:12,wlxbcfce7292407,N/A,0,0,NO_GATEWAY,100,Disconnected
2026-07-27 04:58:42,wlxbcfce7292407,N/A,0,0,NO_GATEWAY,100,Disconnected
2026-07-27 04:59:12,wlxbcfce7292407,N/A,0,0,NO_GATEWAY,100,Disconnected
2026-07-27 04:59:42,wlxbcfce7292407,N/A,0,0,NO_GATEWAY,100,Disconnected
2026-07-27 05:00:12,wlxbcfce7292407,N/A,0,0,NO_GATEWAY,100,Disconnected
2026-07-27 05:00:43,wlxbcfce7292407,N/A,0,0,NO_GATEWAY,100,Disconnected
2026-07-27 05:01:13,wlxbcfce7292407,N/A,0,0,NO_GATEWAY,100,Disconnected
2026-07-27 05:01:43,wlxbcfce7292407,N/A,0,0,NO_GATEWAY,100,Disconnected
2026-07-27 05:02:13,wlxbcfce7292407,N/A,0,0,NO_GATEWAY,100,Disconnected
2026-07-27 05:02:43,wlxbcfce7292407,N/A,0,0,NO_GATEWAY,100,Disconnected
2026-07-27 05:03:13,wlxbcfce7292407,N/A,0,0,NO_GATEWAY,100,Disconnected
2026-07-27 05:03:43,wlxbcfce7292407,N/A,0,0,NO_GATEWAY,100,Disconnected
2026-07-27 05:04:13,wlxbcfce7292407,N/A,0,0,NO_GATEWAY,100,Disconnected
2026-07-27 05:04:43,wlxbcfce7292407,N/A,0,0,NO_GATEWAY,100,Disconnected
2026-07-27 05:05:13,wlxbcfce7292407,N/A,0,0,NO_GATEWAY,100,Disconnected
2026-07-27 05:05:43,wlxbcfce7292407,N/A,0,0,NO_GATEWAY,100,Disconnected
2026-07-27 05:06:13,wlxbcfce7292407,N/A,0,0,NO_GATEWAY,100,Disconnected
2026-07-27 05:06:43,wlxbcfce7292407,N/A,0,0,NO_GATEWAY,100,Disconnected
2026-07-27 05:07:13,wlxbcfce7292407,N/A,0,0,NO_GATEWAY,100,Disconnected
2026-07-27 05:07:43,wlxbcfce7292407,N/A,0,0,NO_GATEWAY,100,Disconnected
2026-07-27 05:08:13,wlxbcfce7292407,N/A,0,0,NO_GATEWAY,100,Disconnected
2026-07-27 05:08:43,wlxbcfce7292407,N/A,0,0,NO_GATEWAY,100,Disconnected
2026-07-27 05:09:13,wlxbcfce7292407,N/A,0,0,NO_GATEWAY,100,Disconnected
2026-07-27 05:09:43,wlxbcfce7292407,N/A,0,0,NO_GATEWAY,100,Disconnected
2026-07-27 05:10:13,wlxbcfce7292407,N/A,0,0,NO_GATEWAY,100,Disconnected
2026-07-27 05:10:43,wlxbcfce7292407,N/A,0,0,NO_GATEWAY,100,Disconnected
2026-07-27 05:11:14,wlxbcfce7292407,N/A,0,0,NO_GATEWAY,100,Disconnected
2026-07-27 05:11:44,wlxbcfce7292407,N/A,0,0,NO_GATEWAY,100,Disconnected
2026-07-27 05:12:14,wlxbcfce7292407,N/A,0,0,NO_GATEWAY,100,Disconnected
2026-07-27 05:12:44,wlxbcfce7292407,N/A,0,0,NO_GATEWAY,100,Disconnected
2026-07-27 05:13:14,wlxbcfce7292407,N/A,0,0,NO_GATEWAY,100,Disconnected
2026-07-27 05:13:44,wlxbcfce7292407,N/A,0,0,NO_GATEWAY,100,Disconnected
2026-07-27 05:14:14,wlxbcfce7292407,N/A,0,0,NO_GATEWAY,100,Disconnected
2026-07-27 05:14:44,wlxbcfce7292407,N/A,0,0,NO_GATEWAY,100,Disconnected
2026-07-27 05:15:14,wlxbcfce7292407,N/A,0,0,NO_GATEWAY,100,Disconnected
2026-07-27 05:15:44,wlxbcfce7292407,N/A,0,0,NO_GATEWAY,100,Disconnected
2026-07-27 05:16:14,wlxbcfce7292407,N/A,0,0,NO_GATEWAY,100,Disconnected
2026-07-27 05:16:44,wlxbcfce7292407,N/A,0,0,NO_GATEWAY,100,Disconnected
2026-07-27 05:17:14,wlxbcfce7292407,N/A,0,0,NO_GATEWAY,100,Disconnected
2026-07-27 05:17:44,wlxbcfce7292407,N/A,0,0,NO_GATEWAY,100,Disconnected
2026-07-27 05:18:14,wlxbcfce7292407,N/A,0,0,NO_GATEWAY,100,Disconnected
2026-07-27 05:18:44,wlxbcfce7292407,N/A,0,0,NO_GATEWAY,100,Disconnected
2026-07-27 05:19:14,wlxbcfce7292407,N/A,0,0,NO_GATEWAY,100,Disconnected
2026-07-27 05:19:44,wlxbcfce7292407,N/A,0,0,NO_GATEWAY,100,Disconnected
2026-07-27 05:20:14,wlxbcfce7292407,N/A,0,0,NO_GATEWAY,100,Disconnected
2026-07-27 05:20:44,wlxbcfce7292407,N/A,0,0,NO_GATEWAY,100,Disconnected
2026-07-27 05:21:14,wlxbcfce7292407,N/A,0,0,NO_GATEWAY,100,Disconnected
2026-07-27 05:21:45,wlxbcfce7292407,N/A,0,0,NO_GATEWAY,100,Disconnected
2026-07-27 05:22:15,wlxbcfce7292407,N/A,0,0,NO_GATEWAY,100,Disconnected
2026-07-27 05:22:45,wlxbcfce7292407,N/A,0,0,NO_GATEWAY,100,Disconnected
2026-07-27 05:23:15,wlxbcfce7292407,N/A,0,0,NO_GATEWAY,100,Disconnected
2026-07-27 05:23:45,wlxbcfce7292407,N/A,0,0,NO_GATEWAY,100,Disconnected
2026-07-27 05:24:15,wlxbcfce7292407,N/A,0,0,NO_GATEWAY,100,Disconnected
2026-07-27 05:24:45,wlxbcfce7292407,N/A,0,0,NO_GATEWAY,100,Disconnected
2026-07-27 05:25:15,wlxbcfce7292407,N/A,0,0,NO_GATEWAY,100,Disconnected
2026-07-27 05:25:45,wlxbcfce7292407,N/A,0,0,NO_GATEWAY,100,Disconnected
2026-07-27 05:26:15,wlxbcfce7292407,N/A,0,0,NO_GATEWAY,100,Disconnected
2026-07-27 05:26:45,wlxbcfce7292407,N/A,0,0,NO_GATEWAY,100,Disconnected
2026-07-27 05:27:15,wlxbcfce7292407,N/A,0,0,NO_GATEWAY,100,Disconnected
2026-07-27 05:27:45,wlxbcfce7292407,N/A,0,0,NO_GATEWAY,100,Disconnected
2026-07-27 05:28:15,wlxbcfce7292407,N/A,0,0,NO_GATEWAY,100,Disconnected
2026-07-27 05:28:45,wlxbcfce7292407,N/A,0,0,NO_GATEWAY,100,Disconnected
2026-07-27 05:29:15,wlxbcfce7292407,N/A,0,0,NO_GATEWAY,100,Disconnected
2026-07-27 05:29:45,wlxbcfce7292407,N/A,0,0,NO_GATEWAY,100,Disconnected
2026-07-27 05:30:15,wlxbcfce7292407,N/A,0,0,NO_GATEWAY,100,Disconnected
2026-07-27 05:30:46,wlxbcfce7292407,N/A,0,0,NO_GATEWAY,100,Disconnected
2026-07-27 05:31:16,wlxbcfce7292407,N/A,0,0,NO_GATEWAY,100,Disconnected
2026-07-27 05:31:46,wlxbcfce7292407,N/A,0,0,NO_GATEWAY,100,Disconnected
2026-07-27 05:32:16,wlxbcfce7292407,N/A,0,0,NO_GATEWAY,100,Disconnected
2026-07-27 05:32:46,wlxbcfce7292407,N/A,0,0,NO_GATEWAY,100,Disconnected
2026-07-27 05:33:16,wlxbcfce7292407,N/A,0,0,NO_GATEWAY,100,Disconnected
2026-07-27 05:33:46,wlxbcfce7292407,N/A,0,0,NO_GATEWAY,100,Disconnected
2026-07-27 05:34:16,wlxbcfce7292407,N/A,0,0,NO_GATEWAY,100,Disconnected
2026-07-27 05:34:46,wlxbcfce7292407,N/A,0,0,NO_GATEWAY,100,Disconnected
2026-07-27 05:35:16,wlxbcfce7292407,N/A,0,0,NO_GATEWAY,100,Disconnected
2026-07-27 05:35:46,wlxbcfce7292407,N/A,0,0,NO_GATEWAY,100,Disconnected
2026-07-27 05:36:16,wlxbcfce7292407,N/A,0,0,NO_GATEWAY,100,Disconnected
2026-07-27 05:36:46,wlxbcfce7292407,N/A,0,0,NO_GATEWAY,100,Disconnected
2026-07-27 05:37:16,wlxbcfce7292407,N/A,0,0,NO_GATEWAY,100,Disconnected
2026-07-27 05:37:46,wlxbcfce7292407,N/A,0,0,NO_GATEWAY,100,Disconnected
2026-07-27 05:38:16,wlxbcfce7292407,N/A,0,0,NO_GATEWAY,100,Disconnected
2026-07-27 05:38:46,wlxbcfce7292407,N/A,0,0,NO_GATEWAY,100,Disconnected
2026-07-27 05:39:16,wlxbcfce7292407,N/A,0,0,NO_GATEWAY,100,Disconnected
2026-07-27 05:39:46,wlxbcfce7292407,N/A,0,0,NO_GATEWAY,100,Disconnected
2026-07-27 05:40:17,wlxbcfce7292407,N/A,0,0,NO_GATEWAY,100,Disconnected
2026-07-27 05:40:47,wlxbcfce7292407,N/A,0,0,NO_GATEWAY,100,Disconnected
2026-07-27 05:41:17,wlxbcfce7292407,N/A,0,0,NO_GATEWAY,100,Disconnected
2026-07-27 05:41:47,wlxbcfce7292407,N/A,0,0,NO_GATEWAY,100,Disconnected
2026-07-27 05:42:17,wlxbcfce7292407,N/A,0,0,NO_GATEWAY,100,Disconnected
2026-07-27 05:42:47,wlxbcfce7292407,N/A,0,0,NO_GATEWAY,100,Disconnected
2026-07-27 05:43:17,wlxbcfce7292407,N/A,0,0,NO_GATEWAY,100,Disconnected
2026-07-27 05:43:47,wlxbcfce7292407,N/A,0,0,NO_GATEWAY,100,Disconnected
2026-07-27 05:44:17,wlxbcfce7292407,N/A,0,0,NO_GATEWAY,100,Disconnected
2026-07-27 05:44:47,wlxbcfce7292407,N/A,0,0,NO_GATEWAY,100,Disconnected
2026-07-27 05:45:17,wlxbcfce7292407,N/A,0,0,NO_GATEWAY,100,Disconnected
2026-07-27 05:45:47,wlxbcfce7292407,N/A,0,0,NO_GATEWAY,100,Disconnected
2026-07-27 05:46:17,wlxbcfce7292407,N/A,0,0,NO_GATEWAY,100,Disconnected
2026-07-27 05:46:47,wlxbcfce7292407,N/A,0,0,NO_GATEWAY,100,Disconnected
2026-07-27 05:47:17,wlxbcfce7292407,N/A,0,0,NO_GATEWAY,100,Disconnected
2026-07-27 05:47:47,wlxbcfce7292407,N/A,0,0,NO_GATEWAY,100,Disconnected
2026-07-27 05:48:17,wlxbcfce7292407,N/A,0,0,NO_GATEWAY,100,Disconnected
2026-07-27 05:48:47,wlxbcfce7292407,N/A,0,0,NO_GATEWAY,100,Disconnected
2026-07-27 05:49:17,wlxbcfce7292407,N/A,0,0,NO_GATEWAY,100,Disconnected
2026-07-27 05:49:47,wlxbcfce7292407,N/A,0,0,NO_GATEWAY,100,Disconnected
2026-07-27 05:50:17,wlxbcfce7292407,N/A,0,0,NO_GATEWAY,100,Disconnected
2026-07-27 05:50:48,wlxbcfce7292407,N/A,0,0,NO_GATEWAY,100,Disconnected
2026-07-27 05:51:18,wlxbcfce7292407,N/A,0,0,NO_GATEWAY,100,Disconnected
2026-07-27 05:51:48,wlxbcfce7292407,N/A,0,0,NO_GATEWAY,100,Disconnected
2026-07-27 05:52:18,wlxbcfce7292407,N/A,0,0,NO_GATEWAY,100,Disconnected
2026-07-27 05:52:48,wlxbcfce7292407,N/A,0,0,NO_GATEWAY,100,Disconnected
2026-07-27 05:53:18,wlxbcfce7292407,N/A,0,0,NO_GATEWAY,100,Disconnected
2026-07-27 05:53:48,wlxbcfce7292407,N/A,0,0,NO_GATEWAY,100,Disconnected
2026-07-27 05:54:18,wlxbcfce7292407,N/A,0,0,NO_GATEWAY,100,Disconnected
2026-07-27 05:54:48,wlxbcfce7292407,N/A,0,0,NO_GATEWAY,100,Disconnected
2026-07-27 05:55:18,wlxbcfce7292407,N/A,0,0,NO_GATEWAY,100,Disconnected
2026-07-27 05:55:48,wlxbcfce7292407,N/A,0,0,NO_GATEWAY,100,Disconnected
2026-07-27 05:56:18,wlxbcfce7292407,N/A,0,0,NO_GATEWAY,100,Disconnected
2026-07-27 05:56:48,wlxbcfce7292407,N/A,0,0,NO_GATEWAY,100,Disconnected
2026-07-27 05:57:18,wlxbcfce7292407,N/A,0,0,NO_GATEWAY,100,Disconnected
2026-07-27 05:57:48,wlxbcfce7292407,N/A,0,0,NO_GATEWAY,100,Disconnected
2026-07-27 05:58:18,wlxbcfce7292407,N/A,0,0,NO_GATEWAY,100,Disconnected
2026-07-27 05:58:48,wlxbcfce7292407,N/A,0,0,NO_GATEWAY,100,Disconnected
2026-07-27 05:59:18,wlxbcfce7292407,N/A,0,0,NO_GATEWAY,100,Disconnected
2026-07-27 05:59:48,wlxbcfce7292407,N/A,0,0,NO_GATEWAY,100,Disconnected
2026-07-27 06:00:18,wlxbcfce7292407,N/A,0,0,NO_GATEWAY,100,Disconnected
2026-07-27 06:00:48,wlxbcfce7292407,N/A,0,0,NO_GATEWAY,100,Disconnected
2026-07-27 06:01:18,wlxbcfce7292407,N/A,0,0,NO_GATEWAY,100,Disconnected
2026-07-27 06:01:49,wlxbcfce7292407,N/A,0,0,NO_GATEWAY,100,Disconnected
2026-07-27 06:02:19,wlxbcfce7292407,N/A,0,0,NO_GATEWAY,100,Disconnected
2026-07-27 06:02:49,wlxbcfce7292407,N/A,0,0,NO_GATEWAY,100,Disconnected
2026-07-27 06:03:19,wlxbcfce7292407,N/A,0,0,NO_GATEWAY,100,Disconnected
2026-07-27 06:03:49,wlxbcfce7292407,N/A,0,0,NO_GATEWAY,100,Disconnected
2026-07-27 06:04:19,wlxbcfce7292407,N/A,0,0,NO_GATEWAY,100,Disconnected
2026-07-27 06:04:49,wlxbcfce7292407,N/A,0,0,NO_GATEWAY,100,Disconnected
2026-07-27 06:05:19,wlxbcfce7292407,N/A,0,0,NO_GATEWAY,100,Disconnected
2026-07-27 06:05:49,wlxbcfce7292407,N/A,0,0,NO_GATEWAY,100,Disconnected
2026-07-27 06:06:19,wlxbcfce7292407,N/A,0,0,NO_GATEWAY,100,Disconnected
2026-07-27 06:06:49,wlxbcfce7292407,N/A,0,0,NO_GATEWAY,100,Disconnected
2026-07-27 06:07:19,wlxbcfce7292407,N/A,0,0,NO_GATEWAY,100,Disconnected
2026-07-27 06:07:49,wlxbcfce7292407,N/A,0,0,NO_GATEWAY,100,Disconnected
2026-07-27 06:08:19,wlxbcfce7292407,N/A,0,0,NO_GATEWAY,100,Disconnected
2026-07-27 06:08:49,wlxbcfce7292407,N/A,0,0,NO_GATEWAY,100,Disconnected
2026-07-27 06:09:19,wlxbcfce7292407,N/A,0,0,NO_GATEWAY,100,Disconnected
2026-07-27 06:09:49,wlxbcfce7292407,N/A,0,0,NO_GATEWAY,100,Disconnected
2026-07-27 06:10:19,wlxbcfce7292407,N/A,0,0,NO_GATEWAY,100,Disconnected
2026-07-27 06:10:49,wlxbcfce7292407,N/A,0,0,NO_GATEWAY,100,Disconnected
2026-07-27 06:11:20,wlxbcfce7292407,N/A,0,0,NO_GATEWAY,100,Disconnected
2026-07-27 06:11:50,wlxbcfce7292407,N/A,0,0,NO_GATEWAY,100,Disconnected
2026-07-27 06:12:20,wlxbcfce7292407,N/A,0,0,NO_GATEWAY,100,Disconnected
2026-07-27 06:12:50,wlxbcfce7292407,N/A,0,0,NO_GATEWAY,100,Disconnected
2026-07-27 06:13:20,wlxbcfce7292407,N/A,0,0,NO_GATEWAY,100,Disconnected
2026-07-27 06:13:50,wlxbcfce7292407,N/A,0,0,NO_GATEWAY,100,Disconnected
2026-07-27 06:14:20,wlxbcfce7292407,N/A,0,0,NO_GATEWAY,100,Disconnected
2026-07-27 06:14:50,wlxbcfce7292407,N/A,0,0,NO_GATEWAY,100,Disconnected
2026-07-27 06:15:20,wlxbcfce7292407,N/A,0,0,NO_GATEWAY,100,Disconnected
2026-07-27 06:15:50,wlxbcfce7292407,N/A,0,0,NO_GATEWAY,100,Disconnected
2026-07-27 06:16:20,wlxbcfce7292407,N/A,0,0,NO_GATEWAY,100,Disconnected
2026-07-27 06:16:50,wlxbcfce7292407,N/A,0,0,NO_GATEWAY,100,Disconnected
2026-07-27 06:17:20,wlxbcfce7292407,N/A,0,0,NO_GATEWAY,100,Disconnected
2026-07-27 06:17:50,wlxbcfce7292407,N/A,0,0,NO_GATEWAY,100,Disconnected
2026-07-27 06:18:20,wlxbcfce7292407,N/A,0,0,NO_GATEWAY,100,Disconnected
2026-07-27 06:18:50,wlxbcfce7292407,N/A,0,0,NO_GATEWAY,100,Disconnected
2026-07-27 06:19:20,wlxbcfce7292407,N/A,0,0,NO_GATEWAY,100,Disconnected
2026-07-27 06:19:50,wlxbcfce7292407,N/A,0,0,NO_GATEWAY,100,Disconnected
2026-07-27 06:20:20,wlxbcfce7292407,N/A,0,0,NO_GATEWAY,100,Disconnected
2026-07-27 06:20:50,wlxbcfce7292407,N/A,0,0,NO_GATEWAY,100,Disconnected
2026-07-27 06:21:20,wlxbcfce7292407,N/A,0,0,NO_GATEWAY,100,Disconnected
2026-07-27 06:21:50,wlxbcfce7292407,N/A,0,0,NO_GATEWAY,100,Disconnected
2026-07-27 06:22:20,wlxbcfce7292407,N/A,0,0,NO_GATEWAY,100,Disconnected
2026-07-27 06:22:50,wlxbcfce7292407,N/A,0,0,NO_GATEWAY,100,Disconnected
2026-07-27 06:23:21,wlxbcfce7292407,N/A,0,0,NO_GATEWAY,100,Disconnected
2026-07-27 06:23:51,wlxbcfce7292407,N/A,0,0,NO_GATEWAY,100,Disconnected
2026-07-27 06:24:21,wlxbcfce7292407,N/A,0,0,NO_GATEWAY,100,Disconnected
2026-07-27 06:24:51,wlxbcfce7292407,N/A,0,0,NO_GATEWAY,100,Disconnected
2026-07-27 06:25:21,wlxbcfce7292407,N/A,0,0,NO_GATEWAY,100,Disconnected
2026-07-27 06:25:51,wlxbcfce7292407,N/A,0,0,NO_GATEWAY,100,Disconnected
2026-07-27 06:26:21,wlxbcfce7292407,N/A,0,0,NO_GATEWAY,100,Disconnected
2026-07-27 06:26:51,wlxbcfce7292407,N/A,0,0,NO_GATEWAY,100,Disconnected
2026-07-27 06:27:21,wlxbcfce7292407,N/A,0,0,NO_GATEWAY,100,Disconnected
2026-07-27 06:27:51,wlxbcfce7292407,N/A,0,0,NO_GATEWAY,100,Disconnected
2026-07-27 06:28:21,wlxbcfce7292407,N/A,0,0,NO_GATEWAY,100,Disconnected
2026-07-27 06:28:51,wlxbcfce7292407,N/A,0,0,NO_GATEWAY,100,Disconnected
2026-07-27 06:29:21,wlxbcfce7292407,N/A,0,0,NO_GATEWAY,100,Disconnected
2026-07-27 06:29:51,wlxbcfce7292407,N/A,0,0,NO_GATEWAY,100,Disconnected
2026-07-27 06:30:21,wlxbcfce7292407,N/A,0,0,NO_GATEWAY,100,Disconnected
2026-07-27 06:30:51,wlxbcfce7292407,N/A,0,0,NO_GATEWAY,100,Disconnected
2026-07-27 06:31:21,wlxbcfce7292407,N/A,0,0,NO_GATEWAY,100,Disconnected
2026-07-27 06:31:51,wlxbcfce7292407,N/A,0,0,NO_GATEWAY,100,Disconnected
2026-07-27 06:32:22,wlxbcfce7292407,N/A,0,0,NO_GATEWAY,100,Disconnected
2026-07-27 06:32:52,wlxbcfce7292407,N/A,0,0,NO_GATEWAY,100,Disconnected
2026-07-27 06:33:22,wlxbcfce7292407,N/A,0,0,NO_GATEWAY,100,Disconnected
2026-07-27 06:33:52,wlxbcfce7292407,N/A,0,0,NO_GATEWAY,100,Disconnected
2026-07-27 06:34:22,wlxbcfce7292407,N/A,0,0,NO_GATEWAY,100,Disconnected
2026-07-27 06:34:52,wlxbcfce7292407,N/A,0,0,NO_GATEWAY,100,Disconnected
2026-07-27 06:35:22,wlxbcfce7292407,N/A,0,0,NO_GATEWAY,100,Disconnected
2026-07-27 06:35:52,wlxbcfce7292407,N/A,0,0,NO_GATEWAY,100,Disconnected
2026-07-27 06:36:22,wlxbcfce7292407,N/A,0,0,NO_GATEWAY,100,Disconnected
2026-07-27 06:36:52,wlxbcfce7292407,N/A,0,0,NO_GATEWAY,100,Disconnected
2026-07-27 06:37:22,wlxbcfce7292407,N/A,0,0,NO_GATEWAY,100,Disconnected
2026-07-27 06:37:52,wlxbcfce7292407,N/A,0,0,NO_GATEWAY,100,Disconnected
2026-07-27 06:38:22,wlxbcfce7292407,N/A,0,0,NO_GATEWAY,100,Disconnected
2026-07-27 06:38:52,wlxbcfce7292407,N/A,0,0,NO_GATEWAY,100,Disconnected
2026-07-27 06:39:22,wlxbcfce7292407,N/A,0,0,NO_GATEWAY,100,Disconnected
2026-07-27 06:39:52,wlxbcfce7292407,N/A,0,0,NO_GATEWAY,100,Disconnected
2026-07-27 06:40:22,wlxbcfce7292407,N/A,0,0,NO_GATEWAY,100,Disconnected
2026-07-27 06:40:52,wlxbcfce7292407,N/A,0,0,NO_GATEWAY,100,Disconnected
2026-07-27 06:41:22,wlxbcfce7292407,N/A,0,0,NO_GATEWAY,100,Disconnected
2026-07-27 06:41:52,wlxbcfce7292407,N/A,0,0,NO_GATEWAY,100,Disconnected
2026-07-27 06:42:22,wlxbcfce7292407,N/A,0,0,NO_GATEWAY,100,Disconnected
2026-07-27 06:42:52,wlxbcfce7292407,N/A,0,0,NO_GATEWAY,100,Disconnected
2026-07-27 06:43:23,wlxbcfce7292407,N/A,0,0,NO_GATEWAY,100,Disconnected
2026-07-27 06:43:53,wlxbcfce7292407,N/A,0,0,NO_GATEWAY,100,Disconnected
2026-07-27 06:44:23,wlxbcfce7292407,N/A,0,0,NO_GATEWAY,100,Disconnected
2026-07-27 06:44:53,wlxbcfce7292407,N/A,0,0,NO_GATEWAY,100,Disconnected
2026-07-27 06:45:23,wlxbcfce7292407,N/A,0,0,NO_GATEWAY,100,Disconnected
2026-07-27 06:45:53,wlxbcfce7292407,N/A,0,0,NO_GATEWAY,100,Disconnected
2026-07-27 06:46:23,wlxbcfce7292407,N/A,0,0,NO_GATEWAY,100,Disconnected
2026-07-27 06:46:53,wlxbcfce7292407,N/A,0,0,NO_GATEWAY,100,Disconnected
2026-07-27 06:47:23,wlxbcfce7292407,N/A,0,0,NO_GATEWAY,100,Disconnected
2026-07-27 06:47:53,wlxbcfce7292407,N/A,0,0,NO_GATEWAY,100,Disconnected
2026-07-27 06:48:23,wlxbcfce7292407,N/A,0,0,NO_GATEWAY,100,Disconnected
2026-07-27 06:48:53,wlxbcfce7292407,N/A,0,0,NO_GATEWAY,100,Disconnected
2026-07-27 06:49:23,wlxbcfce7292407,N/A,0,0,NO_GATEWAY,100,Disconnected
2026-07-27 06:49:53,wlxbcfce7292407,N/A,0,0,NO_GATEWAY,100,Disconnected
2026-07-27 06:50:23,wlxbcfce7292407,N/A,0,0,NO_GATEWAY,100,Disconnected
2026-07-27 06:50:53,wlxbcfce7292407,N/A,0,0,NO_GATEWAY,100,Disconnected
2026-07-27 06:51:23,wlxbcfce7292407,N/A,0,0,NO_GATEWAY,100,Disconnected
2026-07-27 06:51:53,wlxbcfce7292407,N/A,0,0,NO_GATEWAY,100,Disconnected
2026-07-27 06:52:23,wlxbcfce7292407,N/A,0,0,NO_GATEWAY,100,Disconnected
2026-07-27 06:52:53,wlxbcfce7292407,N/A,0,0,NO_GATEWAY,100,Disconnected
2026-07-27 06:53:23,wlxbcfce7292407,N/A,0,0,NO_GATEWAY,100,Disconnected
2026-07-27 06:53:54,wlxbcfce7292407,N/A,0,0,NO_GATEWAY,100,Disconnected
2026-07-27 06:54:24,wlxbcfce7292407,N/A,0,0,NO_GATEWAY,100,Disconnected
2026-07-27 06:54:54,wlxbcfce7292407,N/A,0,0,NO_GATEWAY,100,Disconnected
2026-07-27 06:55:24,wlxbcfce7292407,N/A,0,0,NO_GATEWAY,100,Disconnected
2026-07-27 06:55:54,wlxbcfce7292407,N/A,0,0,NO_GATEWAY,100,Disconnected
2026-07-27 06:56:24,wlxbcfce7292407,N/A,0,0,NO_GATEWAY,100,Disconnected
2026-07-27 06:56:54,wlxbcfce7292407,N/A,0,0,NO_GATEWAY,100,Disconnected
2026-07-27 06:57:24,wlxbcfce7292407,N/A,0,0,NO_GATEWAY,100,Disconnected
2026-07-27 06:57:54,wlxbcfce7292407,N/A,0,0,NO_GATEWAY,100,Disconnected
2026-07-27 06:58:24,wlxbcfce7292407,N/A,0,0,NO_GATEWAY,100,Disconnected
2026-07-27 06:58:54,wlxbcfce7292407,N/A,0,0,NO_GATEWAY,100,Disconnected
2026-07-27 06:59:24,wlxbcfce7292407,N/A,0,0,NO_GATEWAY,100,Disconnected
2026-07-27 06:59:54,wlxbcfce7292407,N/A,0,0,NO_GATEWAY,100,Disconnected
2026-07-27 07:00:24,wlxbcfce7292407,N/A,0,0,NO_GATEWAY,100,Disconnected
2026-07-27 07:00:54,wlxbcfce7292407,N/A,0,0,NO_GATEWAY,100,Disconnected
2026-07-27 07:01:24,wlxbcfce7292407,N/A,0,0,NO_GATEWAY,100,Disconnected
2026-07-27 07:01:54,wlxbcfce7292407,N/A,0,0,NO_GATEWAY,100,Disconnected
2026-07-27 07:02:24,wlxbcfce7292407,N/A,0,0,NO_GATEWAY,100,Disconnected
2026-07-27 07:02:54,wlxbcfce7292407,N/A,0,0,NO_GATEWAY,100,Disconnected
2026-07-27 07:03:24,wlxbcfce7292407,N/A,0,0,NO_GATEWAY,100,Disconnected
2026-07-27 07:03:54,wlxbcfce7292407,N/A,0,0,NO_GATEWAY,100,Disconnected
2026-07-27 07:04:24,wlxbcfce7292407,N/A,0,0,NO_GATEWAY,100,Disconnected
2026-07-27 07:04:55,wlxbcfce7292407,N/A,0,0,NO_GATEWAY,100,Disconnected
2026-07-27 07:05:25,wlxbcfce7292407,N/A,0,0,NO_GATEWAY,100,Disconnected
2026-07-27 07:05:55,wlxbcfce7292407,N/A,0,0,NO_GATEWAY,100,Disconnected
2026-07-27 07:06:25,wlxbcfce7292407,N/A,0,0,NO_GATEWAY,100,Disconnected
2026-07-27 07:06:55,wlxbcfce7292407,N/A,0,0,NO_GATEWAY,100,Disconnected
2026-07-27 07:07:25,wlxbcfce7292407,N/A,0,0,NO_GATEWAY,100,Disconnected
2026-07-27 07:07:55,wlxbcfce7292407,N/A,0,0,NO_GATEWAY,100,Disconnected
2026-07-27 07:08:25,wlxbcfce7292407,N/A,0,0,NO_GATEWAY,100,Disconnected
2026-07-27 07:08:55,wlxbcfce7292407,N/A,0,0,NO_GATEWAY,100,Disconnected
2026-07-27 07:09:25,wlxbcfce7292407,N/A,0,0,NO_GATEWAY,100,Disconnected
2026-07-27 07:09:55,wlxbcfce7292407,N/A,0,0,NO_GATEWAY,100,Disconnected
2026-07-27 07:10:25,wlxbcfce7292407,N/A,0,0,NO_GATEWAY,100,Disconnected
2026-07-27 07:10:55,wlxbcfce7292407,N/A,0,0,NO_GATEWAY,100,Disconnected
2026-07-27 07:11:25,wlxbcfce7292407,N/A,0,0,NO_GATEWAY,100,Disconnected
2026-07-27 07:11:55,wlxbcfce7292407,N/A,0,0,NO_GATEWAY,100,Disconnected
2026-07-27 07:12:25,wlxbcfce7292407,N/A,0,0,NO_GATEWAY,100,Disconnected
2026-07-27 07:12:55,wlxbcfce7292407,N/A,0,0,NO_GATEWAY,100,Disconnected
2026-07-27 07:13:25,wlxbcfce7292407,N/A,0,0,NO_GATEWAY,100,Disconnected
2026-07-27 07:13:55,wlxbcfce7292407,N/A,0,0,NO_GATEWAY,100,Disconnected
2026-07-27 07:14:25,wlxbcfce7292407,N/A,0,0,NO_GATEWAY,100,Disconnected
2026-07-27 07:14:56,wlxbcfce7292407,N/A,0,0,NO_GATEWAY,100,Disconnected
2026-07-27 07:15:26,wlxbcfce7292407,N/A,0,0,NO_GATEWAY,100,Disconnected
2026-07-27 07:15:56,wlxbcfce7292407,N/A,0,0,NO_GATEWAY,100,Disconnected
2026-07-27 07:16:26,wlxbcfce7292407,N/A,0,0,NO_GATEWAY,100,Disconnected
2026-07-27 07:16:56,wlxbcfce7292407,N/A,0,0,NO_GATEWAY,100,Disconnected
2026-07-27 07:17:26,wlxbcfce7292407,N/A,0,0,NO_GATEWAY,100,Disconnected
2026-07-27 07:17:56,wlxbcfce7292407,N/A,0,0,NO_GATEWAY,100,Disconnected
2026-07-27 07:18:26,wlxbcfce7292407,N/A,0,0,NO_GATEWAY,100,Disconnected
2026-07-27 07:18:56,wlxbcfce7292407,N/A,0,0,NO_GATEWAY,100,Disconnected
2026-07-27 07:19:26,wlxbcfce7292407,N/A,0,0,NO_GATEWAY,100,Disconnected
2026-07-27 07:19:56,wlxbcfce7292407,N/A,0,0,NO_GATEWAY,100,Disconnected
2026-07-27 07:20:26,wlxbcfce7292407,N/A,0,0,NO_GATEWAY,100,Disconnected
2026-07-27 07:20:56,wlxbcfce7292407,N/A,0,0,NO_GATEWAY,100,Disconnected
2026-07-27 07:21:26,wlxbcfce7292407,N/A,0,0,NO_GATEWAY,100,Disconnected
2026-07-27 07:21:56,wlxbcfce7292407,N/A,0,0,NO_GATEWAY,100,Disconnected
2026-07-27 07:22:26,wlxbcfce7292407,N/A,0,0,NO_GATEWAY,100,Disconnected
2026-07-27 07:22:56,wlxbcfce7292407,N/A,0,0,NO_GATEWAY,100,Disconnected
2026-07-27 07:23:26,wlxbcfce7292407,N/A,0,0,NO_GATEWAY,100,Disconnected
2026-07-27 07:23:56,wlxbcfce7292407,N/A,0,0,NO_GATEWAY,100,Disconnected
2026-07-27 07:24:26,wlxbcfce7292407,N/A,0,0,NO_GATEWAY,100,Disconnected
2026-07-27 07:24:56,wlxbcfce7292407,N/A,0,0,NO_GATEWAY,100,Disconnected
2026-07-27 07:25:27,wlxbcfce7292407,N/A,0,0,NO_GATEWAY,100,Disconnected
2026-07-27 07:25:57,wlxbcfce7292407,N/A,0,0,NO_GATEWAY,100,Disconnected
2026-07-27 07:26:27,wlxbcfce7292407,N/A,0,0,NO_GATEWAY,100,Disconnected
2026-07-27 07:26:57,wlxbcfce7292407,N/A,0,0,NO_GATEWAY,100,Disconnected
2026-07-27 07:27:27,wlxbcfce7292407,N/A,0,0,NO_GATEWAY,100,Disconnected
2026-07-27 07:27:57,wlxbcfce7292407,N/A,0,0,NO_GATEWAY,100,Disconnected
2026-07-27 07:28:27,wlxbcfce7292407,N/A,0,0,NO_GATEWAY,100,Disconnected
2026-07-27 07:28:57,wlxbcfce7292407,N/A,0,0,NO_GATEWAY,100,Disconnected
2026-07-27 07:29:27,wlxbcfce7292407,N/A,0,0,NO_GATEWAY,100,Disconnected
2026-07-27 07:29:57,wlxbcfce7292407,N/A,0,0,NO_GATEWAY,100,Disconnected
2026-07-27 07:30:27,wlxbcfce7292407,N/A,0,0,NO_GATEWAY,100,Disconnected
2026-07-27 07:30:57,wlxbcfce7292407,N/A,0,0,NO_GATEWAY,100,Disconnected
2026-07-27 07:31:27,wlxbcfce7292407,N/A,0,0,NO_GATEWAY,100,Disconnected
2026-07-27 07:31:57,wlxbcfce7292407,N/A,0,0,NO_GATEWAY,100,Disconnected
2026-07-27 07:32:27,wlxbcfce7292407,N/A,0,0,NO_GATEWAY,100,Disconnected
2026-07-27 07:32:57,wlxbcfce7292407,N/A,0,0,NO_GATEWAY,100,Disconnected
2026-07-27 07:33:27,wlxbcfce7292407,N/A,0,0,NO_GATEWAY,100,Disconnected
2026-07-27 07:33:57,wlxbcfce7292407,N/A,0,0,NO_GATEWAY,100,Disconnected
2026-07-27 07:34:27,wlxbcfce7292407,N/A,0,0,NO_GATEWAY,100,Disconnected
2026-07-27 07:34:58,wlxbcfce7292407,N/A,0,0,NO_GATEWAY,100,Disconnected
2026-07-27 07:35:28,wlxbcfce7292407,N/A,0,0,NO_GATEWAY,100,Disconnected
2026-07-27 07:35:58,wlxbcfce7292407,N/A,0,0,NO_GATEWAY,100,Disconnected
2026-07-27 07:36:28,wlxbcfce7292407,N/A,0,0,NO_GATEWAY,100,Disconnected
2026-07-27 07:36:58,wlxbcfce7292407,N/A,0,0,NO_GATEWAY,100,Disconnected
2026-07-27 07:37:28,wlxbcfce7292407,N/A,0,0,NO_GATEWAY,100,Disconnected
2026-07-27 07:37:58,wlxbcfce7292407,N/A,0,0,NO_GATEWAY,100,Disconnected
2026-07-27 07:38:28,wlxbcfce7292407,N/A,0,0,NO_GATEWAY,100,Disconnected
2026-07-27 07:38:58,wlxbcfce7292407,N/A,0,0,NO_GATEWAY,100,Disconnected
2026-07-27 07:39:28,wlxbcfce7292407,N/A,0,0,NO_GATEWAY,100,Disconnected
2026-07-27 07:39:58,wlxbcfce7292407,N/A,0,0,NO_GATEWAY,100,Disconnected
2026-07-27 07:40:28,wlxbcfce7292407,N/A,0,0,NO_GATEWAY,100,Disconnected
2026-07-27 07:40:58,wlxbcfce7292407,N/A,0,0,NO_GATEWAY,100,Disconnected
2026-07-27 07:41:28,wlxbcfce7292407,N/A,0,0,NO_GATEWAY,100,Disconnected
2026-07-27 07:41:58,wlxbcfce7292407,N/A,0,0,NO_GATEWAY,100,Disconnected
2026-07-27 07:42:28,wlxbcfce7292407,N/A,0,0,NO_GATEWAY,100,Disconnected
2026-07-27 07:42:58,wlxbcfce7292407,N/A,0,0,NO_GATEWAY,100,Disconnected
2026-07-27 07:43:29,wlxbcfce7292407,N/A,0,0,NO_GATEWAY,100,Disconnected
2026-07-27 07:43:59,wlxbcfce7292407,N/A,0,0,NO_GATEWAY,100,Disconnected
2026-07-27 07:44:29,wlxbcfce7292407,N/A,0,0,NO_GATEWAY,100,Disconnected
2026-07-27 07:44:59,wlxbcfce7292407,N/A,0,0,NO_GATEWAY,100,Disconnected
2026-07-27 07:45:29,wlxbcfce7292407,N/A,0,0,NO_GATEWAY,100,Disconnected
2026-07-27 07:45:59,wlxbcfce7292407,N/A,0,0,NO_GATEWAY,100,Disconnected
2026-07-27 07:46:29,wlxbcfce7292407,N/A,0,0,NO_GATEWAY,100,Disconnected
2026-07-27 07:46:59,wlxbcfce7292407,N/A,0,0,NO_GATEWAY,100,Disconnected
2026-07-27 07:47:29,wlxbcfce7292407,N/A,0,0,NO_GATEWAY,100,Disconnected
2026-07-27 07:47:59,wlxbcfce7292407,N/A,0,0,NO_GATEWAY,100,Disconnected
2026-07-27 07:48:29,wlxbcfce7292407,N/A,0,0,NO_GATEWAY,100,Disconnected
2026-07-27 07:48:59,wlxbcfce7292407,N/A,0,0,NO_GATEWAY,100,Disconnected
2026-07-27 07:49:29,wlxbcfce7292407,N/A,0,0,NO_GATEWAY,100,Disconnected
2026-07-27 07:49:59,wlxbcfce7292407,N/A,0,0,NO_GATEWAY,100,Disconnected
2026-07-27 07:50:29,wlxbcfce7292407,N/A,0,0,NO_GATEWAY,100,Disconnected
2026-07-27 07:50:59,wlxbcfce7292407,N/A,0,0,NO_GATEWAY,100,Disconnected
2026-07-27 07:51:29,wlxbcfce7292407,N/A,0,0,NO_GATEWAY,100,Disconnected
2026-07-27 07:51:59,wlxbcfce7292407,N/A,0,0,NO_GATEWAY,100,Disconnected
2026-07-27 07:52:29,wlxbcfce7292407,N/A,0,0,NO_GATEWAY,100,Disconnected
2026-07-27 07:52:59,wlxbcfce7292407,N/A,0,0,NO_GATEWAY,100,Disconnected
2026-07-27 07:53:30,wlxbcfce7292407,N/A,0,0,NO_GATEWAY,100,Disconnected
2026-07-27 07:54:00,wlxbcfce7292407,N/A,0,0,NO_GATEWAY,100,Disconnected
2026-07-27 07:54:30,wlxbcfce7292407,N/A,0,0,NO_GATEWAY,100,Disconnected
2026-07-27 07:55:00,wlxbcfce7292407,N/A,0,0,NO_GATEWAY,100,Disconnected
2026-07-27 07:55:30,wlxbcfce7292407,N/A,0,0,NO_GATEWAY,100,Disconnected
2026-07-27 07:56:00,wlxbcfce7292407,N/A,0,0,NO_GATEWAY,100,Disconnected
2026-07-27 07:56:30,wlxbcfce7292407,N/A,0,0,NO_GATEWAY,100,Disconnected
2026-07-27 07:57:00,wlxbcfce7292407,N/A,0,0,NO_GATEWAY,100,Disconnected
2026-07-27 07:57:30,wlxbcfce7292407,N/A,0,0,NO_GATEWAY,100,Disconnected
2026-07-27 07:58:00,wlxbcfce7292407,N/A,0,0,NO_GATEWAY,100,Disconnected
2026-07-27 07:58:30,wlxbcfce7292407,N/A,0,0,NO_GATEWAY,100,Disconnected
2026-07-27 07:59:00,wlxbcfce7292407,N/A,0,0,NO_GATEWAY,100,Disconnected
2026-07-27 07:59:30,wlxbcfce7292407,N/A,0,0,NO_GATEWAY,100,Disconnected
2026-07-27 08:00:00,wlxbcfce7292407,N/A,0,0,NO_GATEWAY,100,Disconnected
2026-07-27 08:00:30,wlxbcfce7292407,N/A,0,0,NO_GATEWAY,100,Disconnected
2026-07-27 08:01:00,wlxbcfce7292407,N/A,0,0,NO_GATEWAY,100,Disconnected
2026-07-27 08:01:30,wlxbcfce7292407,N/A,0,0,NO_GATEWAY,100,Disconnected
2026-07-27 08:02:00,wlxbcfce7292407,N/A,0,0,NO_GATEWAY,100,Disconnected
2026-07-27 08:02:31,wlxbcfce7292407,N/A,0,0,NO_GATEWAY,100,Disconnected
2026-07-27 08:03:01,wlxbcfce7292407,N/A,0,0,NO_GATEWAY,100,Disconnected
2026-07-27 08:03:31,wlxbcfce7292407,N/A,0,0,NO_GATEWAY,100,Disconnected
2026-07-27 08:04:01,wlxbcfce7292407,N/A,0,0,NO_GATEWAY,100,Disconnected
2026-07-27 08:04:31,wlxbcfce7292407,N/A,0,0,NO_GATEWAY,100,Disconnected
2026-07-27 08:05:01,wlxbcfce7292407,N/A,0,0,NO_GATEWAY,100,Disconnected
2026-07-27 08:05:31,wlxbcfce7292407,N/A,0,0,NO_GATEWAY,100,Disconnected
2026-07-27 08:06:01,wlxbcfce7292407,N/A,0,0,NO_GATEWAY,100,Disconnected
2026-07-27 08:06:31,wlxbcfce7292407,N/A,0,0,NO_GATEWAY,100,Disconnected
2026-07-27 08:07:01,wlxbcfce7292407,N/A,0,0,NO_GATEWAY,100,Disconnected
2026-07-27 08:07:31,wlxbcfce7292407,N/A,0,0,NO_GATEWAY,100,Disconnected
2026-07-27 08:08:01,wlxbcfce7292407,N/A,0,0,NO_GATEWAY,100,Disconnected
2026-07-27 08:08:31,wlxbcfce7292407,N/A,0,0,NO_GATEWAY,100,Disconnected
2026-07-27 08:09:01,wlxbcfce7292407,N/A,0,0,NO_GATEWAY,100,Disconnected
2026-07-27 08:09:31,wlxbcfce7292407,N/A,0,0,NO_GATEWAY,100,Disconnected
2026-07-27 08:10:01,wlxbcfce7292407,N/A,0,0,NO_GATEWAY,100,Disconnected
2026-07-27 08:10:31,wlxbcfce7292407,N/A,0,0,NO_GATEWAY,100,Disconnected
2026-07-27 08:11:01,wlxbcfce7292407,N/A,0,0,NO_GATEWAY,100,Disconnected
2026-07-27 08:11:31,wlxbcfce7292407,N/A,0,0,NO_GATEWAY,100,Disconnected
2026-07-27 08:12:01,wlxbcfce7292407,N/A,0,0,NO_GATEWAY,100,Disconnected
2026-07-27 08:12:32,wlxbcfce7292407,N/A,0,0,NO_GATEWAY,100,Disconnected
2026-07-27 08:13:02,wlxbcfce7292407,N/A,0,0,NO_GATEWAY,100,Disconnected
2026-07-27 08:13:32,wlxbcfce7292407,N/A,0,0,NO_GATEWAY,100,Disconnected
2026-07-27 08:14:02,wlxbcfce7292407,N/A,0,0,NO_GATEWAY,100,Disconnected
2026-07-27 08:14:32,wlxbcfce7292407,N/A,0,0,NO_GATEWAY,100,Disconnected
2026-07-27 08:15:02,wlxbcfce7292407,N/A,0,0,NO_GATEWAY,100,Disconnected
2026-07-27 08:15:32,wlxbcfce7292407,N/A,0,0,NO_GATEWAY,100,Disconnected
2026-07-27 08:16:02,wlxbcfce7292407,N/A,0,0,NO_GATEWAY,100,Disconnected
2026-07-27 08:16:32,wlxbcfce7292407,N/A,0,0,NO_GATEWAY,100,Disconnected
2026-07-27 08:17:02,wlxbcfce7292407,N/A,0,0,NO_GATEWAY,100,Disconnected
2026-07-27 08:17:32,wlxbcfce7292407,N/A,0,0,NO_GATEWAY,100,Disconnected
2026-07-27 08:18:02,wlxbcfce7292407,N/A,0,0,NO_GATEWAY,100,Disconnected
2026-07-27 08:18:32,wlxbcfce7292407,N/A,0,0,NO_GATEWAY,100,Disconnected
2026-07-27 08:19:02,wlxbcfce7292407,N/A,0,0,NO_GATEWAY,100,Disconnected
2026-07-27 08:19:32,wlxbcfce7292407,N/A,0,0,NO_GATEWAY,100,Disconnected
2026-07-27 08:20:02,wlxbcfce7292407,N/A,0,0,NO_GATEWAY,100,Disconnected
2026-07-27 08:20:32,wlxbcfce7292407,N/A,0,0,NO_GATEWAY,100,Disconnected
2026-07-27 08:21:02,wlxbcfce7292407,N/A,0,0,NO_GATEWAY,100,Disconnected
2026-07-27 08:21:32,wlxbcfce7292407,N/A,0,0,NO_GATEWAY,100,Disconnected
2026-07-27 08:22:02,wlxbcfce7292407,N/A,0,0,NO_GATEWAY,100,Disconnected
2026-07-27 08:22:32,wlxbcfce7292407,N/A,0,0,NO_GATEWAY,100,Disconnected
2026-07-27 08:23:02,wlxbcfce7292407,N/A,0,0,NO_GATEWAY,100,Disconnected
2026-07-27 08:23:32,wlxbcfce7292407,N/A,0,0,NO_GATEWAY,100,Disconnected
2026-07-27 08:24:03,wlxbcfce7292407,N/A,0,0,NO_GATEWAY,100,Disconnected
2026-07-27 08:24:33,wlxbcfce7292407,N/A,0,0,NO_GATEWAY,100,Disconnected
2026-07-27 08:25:03,wlxbcfce7292407,N/A,0,0,NO_GATEWAY,100,Disconnected
2026-07-27 08:25:33,wlxbcfce7292407,N/A,0,0,NO_GATEWAY,100,Disconnected
2026-07-27 08:26:03,wlxbcfce7292407,N/A,0,0,NO_GATEWAY,100,Disconnected
2026-07-27 08:26:33,wlxbcfce7292407,N/A,0,0,NO_GATEWAY,100,Disconnected
2026-07-27 08:27:03,wlxbcfce7292407,N/A,0,0,NO_GATEWAY,100,Disconnected
2026-07-27 08:27:33,wlxbcfce7292407,N/A,0,0,NO_GATEWAY,100,Disconnected
2026-07-27 08:28:03,wlxbcfce7292407,N/A,0,0,NO_GATEWAY,100,Disconnected
2026-07-27 08:28:33,wlxbcfce7292407,N/A,0,0,NO_GATEWAY,100,Disconnected
2026-07-27 08:29:03,wlxbcfce7292407,N/A,0,0,NO_GATEWAY,100,Disconnected
2026-07-27 08:29:33,wlxbcfce7292407,N/A,0,0,NO_GATEWAY,100,Disconnected
2026-07-27 08:30:03,wlxbcfce7292407,N/A,0,0,NO_GATEWAY,100,Disconnected
2026-07-27 08:30:33,wlxbcfce7292407,N/A,0,0,NO_GATEWAY,100,Disconnected
2026-07-27 08:31:03,wlxbcfce7292407,N/A,0,0,NO_GATEWAY,100,Disconnected
2026-07-27 08:31:33,wlxbcfce7292407,N/A,0,0,NO_GATEWAY,100,Disconnected
2026-07-27 08:32:03,wlxbcfce7292407,N/A,0,0,NO_GATEWAY,100,Disconnected
2026-07-27 08:32:33,wlxbcfce7292407,N/A,0,0,NO_GATEWAY,100,Disconnected
2026-07-27 08:33:03,wlxbcfce7292407,N/A,0,0,NO_GATEWAY,100,Disconnected
2026-07-27 08:33:33,wlxbcfce7292407,N/A,0,0,NO_GATEWAY,100,Disconnected
2026-07-27 08:34:03,wlxbcfce7292407,N/A,0,0,NO_GATEWAY,100,Disconnected
2026-07-27 08:34:33,wlxbcfce7292407,N/A,0,0,NO_GATEWAY,100,Disconnected
2026-07-27 08:35:03,wlxbcfce7292407,N/A,0,0,NO_GATEWAY,100,Disconnected
2026-07-27 08:35:34,wlxbcfce7292407,N/A,0,0,NO_GATEWAY,100,Disconnected
2026-07-27 08:36:04,wlxbcfce7292407,N/A,0,0,NO_GATEWAY,100,Disconnected
2026-07-27 08:36:34,wlxbcfce7292407,N/A,0,0,NO_GATEWAY,100,Disconnected
2026-07-27 08:37:04,wlxbcfce7292407,N/A,0,0,NO_GATEWAY,100,Disconnected
2026-07-27 08:37:34,wlxbcfce7292407,N/A,0,0,NO_GATEWAY,100,Disconnected
2026-07-27 08:38:04,wlxbcfce7292407,N/A,0,0,NO_GATEWAY,100,Disconnected
2026-07-27 08:38:34,wlxbcfce7292407,N/A,0,0,NO_GATEWAY,100,Disconnected
2026-07-27 08:39:04,wlxbcfce7292407,N/A,0,0,NO_GATEWAY,100,Disconnected
2026-07-27 08:39:34,wlxbcfce7292407,N/A,0,0,NO_GATEWAY,100,Disconnected
2026-07-27 08:40:04,wlxbcfce7292407,N/A,0,0,NO_GATEWAY,100,Disconnected
2026-07-27 08:40:34,wlxbcfce7292407,N/A,0,0,NO_GATEWAY,100,Disconnected
2026-07-27 08:41:04,wlxbcfce7292407,N/A,0,0,NO_GATEWAY,100,Disconnected
2026-07-27 08:41:34,wlxbcfce7292407,N/A,0,0,NO_GATEWAY,100,Disconnected
2026-07-27 08:42:04,wlxbcfce7292407,N/A,0,0,NO_GATEWAY,100,Disconnected
2026-07-27 08:42:34,wlxbcfce7292407,N/A,0,0,NO_GATEWAY,100,Disconnected
2026-07-27 08:43:04,wlxbcfce7292407,N/A,0,0,NO_GATEWAY,100,Disconnected
2026-07-27 08:43:34,wlxbcfce7292407,N/A,0,0,NO_GATEWAY,100,Disconnected
2026-07-27 08:44:04,wlxbcfce7292407,N/A,0,0,NO_GATEWAY,100,Disconnected
2026-07-27 08:44:34,wlxbcfce7292407,N/A,0,0,NO_GATEWAY,100,Disconnected
2026-07-27 08:45:04,wlxbcfce7292407,N/A,0,0,NO_GATEWAY,100,Disconnected
2026-07-27 08:45:34,wlxbcfce7292407,N/A,0,0,NO_GATEWAY,100,Disconnected
2026-07-27 08:46:04,wlxbcfce7292407,N/A,0,0,NO_GATEWAY,100,Disconnected
2026-07-27 08:46:34,wlxbcfce7292407,N/A,0,0,NO_GATEWAY,100,Disconnected
2026-07-27 08:47:05,wlxbcfce7292407,N/A,0,0,NO_GATEWAY,100,Disconnected
2026-07-27 08:47:35,wlxbcfce7292407,N/A,0,0,NO_GATEWAY,100,Disconnected
2026-07-27 08:48:05,wlxbcfce7292407,N/A,0,0,NO_GATEWAY,100,Disconnected
2026-07-27 08:48:35,wlxbcfce7292407,N/A,0,0,NO_GATEWAY,100,Disconnected
2026-07-27 08:49:05,wlxbcfce7292407,N/A,0,0,NO_GATEWAY,100,Disconnected
2026-07-27 08:49:35,wlxbcfce7292407,N/A,0,0,NO_GATEWAY,100,Disconnected
2026-07-27 08:50:05,wlxbcfce7292407,N/A,0,0,NO_GATEWAY,100,Disconnected
2026-07-27 08:50:35,wlxbcfce7292407,N/A,0,0,NO_GATEWAY,100,Disconnected
2026-07-27 08:51:05,wlxbcfce7292407,N/A,0,0,NO_GATEWAY,100,Disconnected
2026-07-27 08:51:35,wlxbcfce7292407,N/A,0,0,NO_GATEWAY,100,Disconnected
2026-07-27 08:52:05,wlxbcfce7292407,N/A,0,0,NO_GATEWAY,100,Disconnected
2026-07-27 08:52:35,wlxbcfce7292407,N/A,0,0,NO_GATEWAY,100,Disconnected
2026-07-27 08:53:05,wlxbcfce7292407,N/A,0,0,NO_GATEWAY,100,Disconnected
2026-07-27 08:53:35,wlxbcfce7292407,N/A,0,0,NO_GATEWAY,100,Disconnected
2026-07-27 08:54:05,wlxbcfce7292407,N/A,0,0,NO_GATEWAY,100,Disconnected
2026-07-27 08:54:35,wlxbcfce7292407,N/A,0,0,NO_GATEWAY,100,Disconnected
2026-07-27 08:55:05,wlxbcfce7292407,N/A,0,0,NO_GATEWAY,100,Disconnected
2026-07-27 08:55:36,wlxbcfce7292407,N/A,0,0,NO_GATEWAY,100,Disconnected
2026-07-27 08:56:06,wlxbcfce7292407,N/A,0,0,NO_GATEWAY,100,Disconnected
2026-07-27 08:56:36,wlxbcfce7292407,N/A,0,0,NO_GATEWAY,100,Disconnected
2026-07-27 08:57:06,wlxbcfce7292407,N/A,0,0,NO_GATEWAY,100,Disconnected
2026-07-27 08:57:36,wlxbcfce7292407,N/A,0,0,NO_GATEWAY,100,Disconnected
2026-07-27 08:58:06,wlxbcfce7292407,N/A,0,0,NO_GATEWAY,100,Disconnected
2026-07-27 08:58:36,wlxbcfce7292407,N/A,0,0,NO_GATEWAY,100,Disconnected
2026-07-27 08:59:06,wlxbcfce7292407,N/A,0,0,NO_GATEWAY,100,Disconnected
2026-07-27 08:59:36,wlxbcfce7292407,N/A,0,0,NO_GATEWAY,100,Disconnected
2026-07-27 09:00:06,wlxbcfce7292407,N/A,0,0,NO_GATEWAY,100,Disconnected
2026-07-27 09:00:36,wlxbcfce7292407,N/A,0,0,NO_GATEWAY,100,Disconnected
2026-07-27 09:01:06,wlxbcfce7292407,N/A,0,0,NO_GATEWAY,100,Disconnected
2026-07-27 09:01:36,wlxbcfce7292407,N/A,0,0,NO_GATEWAY,100,Disconnected
2026-07-27 09:02:06,wlxbcfce7292407,N/A,0,0,NO_GATEWAY,100,Disconnected
2026-07-27 09:02:36,wlxbcfce7292407,N/A,0,0,NO_GATEWAY,100,Disconnected
2026-07-27 09:03:06,wlxbcfce7292407,N/A,0,0,NO_GATEWAY,100,Disconnected
2026-07-27 09:03:36,wlxbcfce7292407,N/A,0,0,NO_GATEWAY,100,Disconnected
2026-07-27 09:04:06,wlxbcfce7292407,N/A,0,0,NO_GATEWAY,100,Disconnected
2026-07-27 09:04:36,wlxbcfce7292407,N/A,0,0,NO_GATEWAY,100,Disconnected
2026-07-27 09:05:07,wlxbcfce7292407,N/A,0,0,NO_GATEWAY,100,Disconnected
2026-07-27 09:05:37,wlxbcfce7292407,N/A,0,0,NO_GATEWAY,100,Disconnected
2026-07-27 09:06:07,wlxbcfce7292407,N/A,0,0,NO_GATEWAY,100,Disconnected
2026-07-27 09:06:37,wlxbcfce7292407,N/A,0,0,NO_GATEWAY,100,Disconnected
2026-07-27 09:07:07,wlxbcfce7292407,N/A,0,0,NO_GATEWAY,100,Disconnected
2026-07-27 09:07:37,wlxbcfce7292407,N/A,0,0,NO_GATEWAY,100,Disconnected
2026-07-27 09:08:07,wlxbcfce7292407,N/A,0,0,NO_GATEWAY,100,Disconnected
2026-07-27 09:08:37,wlxbcfce7292407,N/A,0,0,NO_GATEWAY,100,Disconnected
2026-07-27 09:09:07,wlxbcfce7292407,N/A,0,0,NO_GATEWAY,100,Disconnected
2026-07-27 09:09:37,wlxbcfce7292407,N/A,0,0,NO_GATEWAY,100,Disconnected
2026-07-27 09:10:07,wlxbcfce7292407,N/A,0,0,NO_GATEWAY,100,Disconnected
2026-07-27 09:10:37,wlxbcfce7292407,N/A,0,0,NO_GATEWAY,100,Disconnected
2026-07-27 09:11:07,wlxbcfce7292407,N/A,0,0,NO_GATEWAY,100,Disconnected
2026-07-27 09:11:37,wlxbcfce7292407,N/A,0,0,NO_GATEWAY,100,Disconnected
2026-07-27 09:12:07,wlxbcfce7292407,N/A,0,0,NO_GATEWAY,100,Disconnected
2026-07-27 09:12:37,wlxbcfce7292407,N/A,0,0,NO_GATEWAY,100,Disconnected
2026-07-27 09:13:07,wlxbcfce7292407,N/A,0,0,NO_GATEWAY,100,Disconnected
2026-07-27 09:13:38,wlxbcfce7292407,N/A,0,0,NO_GATEWAY,100,Disconnected
2026-07-27 09:14:08,wlxbcfce7292407,N/A,0,0,NO_GATEWAY,100,Disconnected
2026-07-27 09:14:38,wlxbcfce7292407,N/A,0,0,NO_GATEWAY,100,Disconnected
2026-07-27 09:15:08,wlxbcfce7292407,N/A,0,0,NO_GATEWAY,100,Disconnected
2026-07-27 09:15:38,wlxbcfce7292407,N/A,0,0,NO_GATEWAY,100,Disconnected
2026-07-27 09:16:08,wlxbcfce7292407,N/A,0,0,NO_GATEWAY,100,Disconnected
2026-07-27 09:16:38,wlxbcfce7292407,N/A,0,0,NO_GATEWAY,100,Disconnected
2026-07-27 09:17:08,wlxbcfce7292407,N/A,0,0,NO_GATEWAY,100,Disconnected
2026-07-27 09:17:38,wlxbcfce7292407,N/A,0,0,NO_GATEWAY,100,Disconnected
2026-07-27 09:18:08,wlxbcfce7292407,N/A,0,0,NO_GATEWAY,100,Disconnected
2026-07-27 09:18:38,wlxbcfce7292407,N/A,0,0,NO_GATEWAY,100,Disconnected
2026-07-27 09:19:08,wlxbcfce7292407,N/A,0,0,NO_GATEWAY,100,Disconnected
2026-07-27 09:19:38,wlxbcfce7292407,N/A,0,0,NO_GATEWAY,100,Disconnected
2026-07-27 09:20:08,wlxbcfce7292407,N/A,0,0,NO_GATEWAY,100,Disconnected
2026-07-27 09:20:38,wlxbcfce7292407,N/A,0,0,NO_GATEWAY,100,Disconnected
2026-07-27 09:21:08,wlxbcfce7292407,N/A,0,0,NO_GATEWAY,100,Disconnected
2026-07-27 09:21:38,wlxbcfce7292407,N/A,0,0,NO_GATEWAY,100,Disconnected
2026-07-27 09:22:08,wlxbcfce7292407,N/A,0,0,NO_GATEWAY,100,Disconnected
2026-07-27 09:22:38,wlxbcfce7292407,N/A,0,0,NO_GATEWAY,100,Disconnected
2026-07-27 09:23:08,wlxbcfce7292407,N/A,0,0,NO_GATEWAY,100,Disconnected
2026-07-27 09:23:39,wlxbcfce7292407,N/A,0,0,NO_GATEWAY,100,Disconnected
2026-07-27 09:24:09,wlxbcfce7292407,N/A,0,0,NO_GATEWAY,100,Disconnected
2026-07-27 09:24:39,wlxbcfce7292407,N/A,0,0,NO_GATEWAY,100,Disconnected
2026-07-27 09:25:09,wlxbcfce7292407,N/A,0,0,NO_GATEWAY,100,Disconnected
2026-07-27 09:25:39,wlxbcfce7292407,N/A,0,0,NO_GATEWAY,100,Disconnected
2026-07-27 09:26:09,wlxbcfce7292407,N/A,0,0,NO_GATEWAY,100,Disconnected
2026-07-27 09:26:39,wlxbcfce7292407,N/A,0,0,NO_GATEWAY,100,Disconnected
2026-07-27 09:27:09,wlxbcfce7292407,N/A,0,0,NO_GATEWAY,100,Disconnected
2026-07-27 09:27:39,wlxbcfce7292407,N/A,0,0,NO_GATEWAY,100,Disconnected
2026-07-27 09:28:09,wlxbcfce7292407,N/A,0,0,NO_GATEWAY,100,Disconnected
2026-07-27 09:28:39,wlxbcfce7292407,N/A,0,0,NO_GATEWAY,100,Disconnected
2026-07-27 09:29:09,wlxbcfce7292407,N/A,0,0,NO_GATEWAY,100,Disconnected
2026-07-27 09:29:39,wlxbcfce7292407,N/A,0,0,NO_GATEWAY,100,Disconnected
2026-07-27 09:30:09,wlxbcfce7292407,N/A,0,0,NO_GATEWAY,100,Disconnected
2026-07-27 09:30:39,wlxbcfce7292407,N/A,0,0,NO_GATEWAY,100,Disconnected
2026-07-27 09:31:09,wlxbcfce7292407,N/A,0,0,NO_GATEWAY,100,Disconnected
2026-07-27 09:31:39,wlxbcfce7292407,N/A,0,0,NO_GATEWAY,100,Disconnected
2026-07-27 09:32:09,wlxbcfce7292407,N/A,0,0,NO_GATEWAY,100,Disconnected
2026-07-27 09:32:39,wlxbcfce7292407,N/A,0,0,NO_GATEWAY,100,Disconnected
2026-07-27 09:33:09,wlxbcfce7292407,N/A,0,0,NO_GATEWAY,100,Disconnected
2026-07-27 09:33:39,wlxbcfce7292407,N/A,0,0,NO_GATEWAY,100,Disconnected
2026-07-27 09:34:10,wlxbcfce7292407,N/A,0,0,NO_GATEWAY,100,Disconnected
2026-07-27 09:34:40,wlxbcfce7292407,N/A,0,0,NO_GATEWAY,100,Disconnected
2026-07-27 09:35:10,wlxbcfce7292407,N/A,0,0,NO_GATEWAY,100,Disconnected
2026-07-27 09:35:40,wlxbcfce7292407,N/A,0,0,NO_GATEWAY,100,Disconnected
2026-07-27 09:36:10,wlxbcfce7292407,N/A,0,0,NO_GATEWAY,100,Disconnected
2026-07-27 09:36:40,wlxbcfce7292407,N/A,0,0,NO_GATEWAY,100,Disconnected
2026-07-27 09:37:10,wlxbcfce7292407,N/A,0,0,NO_GATEWAY,100,Disconnected
2026-07-27 09:37:40,wlxbcfce7292407,N/A,0,0,NO_GATEWAY,100,Disconnected
2026-07-27 09:38:10,wlxbcfce7292407,N/A,0,0,NO_GATEWAY,100,Disconnected
2026-07-27 09:38:40,wlxbcfce7292407,N/A,0,0,NO_GATEWAY,100,Disconnected
2026-07-27 09:39:10,wlxbcfce7292407,N/A,0,0,NO_GATEWAY,100,Disconnected
2026-07-27 09:39:40,wlxbcfce7292407,N/A,0,0,NO_GATEWAY,100,Disconnected
2026-07-27 09:40:10,wlxbcfce7292407,N/A,0,0,NO_GATEWAY,100,Disconnected
2026-07-27 09:40:40,wlxbcfce7292407,N/A,0,0,NO_GATEWAY,100,Disconnected
2026-07-27 09:41:10,wlxbcfce7292407,N/A,0,0,NO_GATEWAY,100,Disconnected
2026-07-27 09:41:40,wlxbcfce7292407,N/A,0,0,NO_GATEWAY,100,Disconnected
2026-07-27 09:42:10,wlxbcfce7292407,N/A,0,0,NO_GATEWAY,100,Disconnected
2026-07-27 09:42:40,wlxbcfce7292407,N/A,0,0,NO_GATEWAY,100,Disconnected
2026-07-27 09:43:10,wlxbcfce7292407,N/A,0,0,NO_GATEWAY,100,Disconnected
2026-07-27 09:43:41,wlxbcfce7292407,N/A,0,0,NO_GATEWAY,100,Disconnected
2026-07-27 09:44:11,wlxbcfce7292407,N/A,0,0,NO_GATEWAY,100,Disconnected
2026-07-27 09:44:41,wlxbcfce7292407,N/A,0,0,NO_GATEWAY,100,Disconnected
2026-07-27 09:45:11,wlxbcfce7292407,N/A,0,0,NO_GATEWAY,100,Disconnected
2026-07-27 09:45:41,wlxbcfce7292407,N/A,0,0,NO_GATEWAY,100,Disconnected
2026-07-27 09:46:11,wlxbcfce7292407,N/A,0,0,NO_GATEWAY,100,Disconnected
2026-07-27 09:46:41,wlxbcfce7292407,N/A,0,0,NO_GATEWAY,100,Disconnected
2026-07-27 09:47:11,wlxbcfce7292407,N/A,0,0,NO_GATEWAY,100,Disconnected
2026-07-27 09:47:41,wlxbcfce7292407,N/A,0,0,NO_GATEWAY,100,Disconnected
2026-07-27 09:48:11,wlxbcfce7292407,N/A,0,0,NO_GATEWAY,100,Disconnected
2026-07-27 09:48:41,wlxbcfce7292407,N/A,0,0,NO_GATEWAY,100,Disconnected
2026-07-27 09:49:11,wlxbcfce7292407,N/A,0,0,NO_GATEWAY,100,Disconnected
2026-07-27 09:49:41,wlxbcfce7292407,N/A,0,0,NO_GATEWAY,100,Disconnected
2026-07-27 09:50:11,wlxbcfce7292407,N/A,0,0,NO_GATEWAY,100,Disconnected
2026-07-27 09:50:41,wlxbcfce7292407,N/A,0,0,NO_GATEWAY,100,Disconnected
2026-07-27 09:51:11,wlxbcfce7292407,N/A,0,0,NO_GATEWAY,100,Disconnected
2026-07-27 09:51:41,wlxbcfce7292407,N/A,0,0,NO_GATEWAY,100,Disconnected
2026-07-27 09:52:11,wlxbcfce7292407,N/A,0,0,NO_GATEWAY,100,Disconnected
2026-07-27 09:52:41,wlxbcfce7292407,N/A,0,0,NO_GATEWAY,100,Disconnected
2026-07-27 09:53:11,wlxbcfce7292407,N/A,0,0,NO_GATEWAY,100,Disconnected
2026-07-27 09:53:41,wlxbcfce7292407,N/A,0,0,NO_GATEWAY,100,Disconnected
2026-07-27 09:54:12,wlxbcfce7292407,N/A,0,0,NO_GATEWAY,100,Disconnected
2026-07-27 09:54:42,wlxbcfce7292407,N/A,0,0,NO_GATEWAY,100,Disconnected
2026-07-27 09:55:12,wlxbcfce7292407,N/A,0,0,NO_GATEWAY,100,Disconnected
2026-07-27 09:55:42,wlxbcfce7292407,N/A,0,0,NO_GATEWAY,100,Disconnected
2026-07-27 09:56:12,wlxbcfce7292407,N/A,0,0,NO_GATEWAY,100,Disconnected
2026-07-27 09:56:42,wlxbcfce7292407,N/A,0,0,NO_GATEWAY,100,Disconnected
2026-07-27 09:57:12,wlxbcfce7292407,N/A,0,0,NO_GATEWAY,100,Disconnected
2026-07-27 09:57:42,wlxbcfce7292407,N/A,0,0,NO_GATEWAY,100,Disconnected
2026-07-27 09:58:12,wlxbcfce7292407,N/A,0,0,NO_GATEWAY,100,Disconnected
2026-07-27 09:58:42,wlxbcfce7292407,N/A,0,0,NO_GATEWAY,100,Disconnected
2026-07-27 09:59:12,wlxbcfce7292407,N/A,0,0,NO_GATEWAY,100,Disconnected
2026-07-27 09:59:42,wlxbcfce7292407,N/A,0,0,NO_GATEWAY,100,Disconnected
2026-07-27 10:00:12,wlxbcfce7292407,N/A,0,0,NO_GATEWAY,100,Disconnected
2026-07-27 10:00:42,wlxbcfce7292407,N/A,0,0,NO_GATEWAY,100,Disconnected
2026-07-27 10:01:12,wlxbcfce7292407,N/A,0,0,NO_GATEWAY,100,Disconnected
2026-07-27 10:01:42,wlxbcfce7292407,N/A,0,0,NO_GATEWAY,100,Disconnected
2026-07-27 10:02:12,wlxbcfce7292407,N/A,0,0,NO_GATEWAY,100,Disconnected
2026-07-27 10:02:42,wlxbcfce7292407,N/A,0,0,NO_GATEWAY,100,Disconnected
2026-07-27 10:03:12,wlxbcfce7292407,N/A,0,0,NO_GATEWAY,100,Disconnected
2026-07-27 10:03:43,wlxbcfce7292407,N/A,0,0,NO_GATEWAY,100,Disconnected
2026-07-27 10:04:13,wlxbcfce7292407,N/A,0,0,NO_GATEWAY,100,Disconnected
2026-07-27 10:04:43,wlxbcfce7292407,N/A,0,0,NO_GATEWAY,100,Disconnected
2026-07-27 10:05:13,wlxbcfce7292407,N/A,0,0,NO_GATEWAY,100,Disconnected
2026-07-27 10:05:43,wlxbcfce7292407,N/A,0,0,NO_GATEWAY,100,Disconnected
2026-07-27 10:06:13,wlxbcfce7292407,N/A,0,0,NO_GATEWAY,100,Disconnected
2026-07-27 10:06:43,wlxbcfce7292407,N/A,0,0,NO_GATEWAY,100,Disconnected
2026-07-27 10:07:13,wlxbcfce7292407,N/A,0,0,NO_GATEWAY,100,Disconnected
2026-07-27 10:07:43,wlxbcfce7292407,N/A,0,0,NO_GATEWAY,100,Disconnected
2026-07-27 10:08:13,wlxbcfce7292407,N/A,0,0,NO_GATEWAY,100,Disconnected
2026-07-27 10:08:43,wlxbcfce7292407,N/A,0,0,NO_GATEWAY,100,Disconnected
2026-07-27 10:09:13,wlxbcfce7292407,N/A,0,0,NO_GATEWAY,100,Disconnected
2026-07-27 10:09:43,wlxbcfce7292407,N/A,0,0,NO_GATEWAY,100,Disconnected
2026-07-27 10:10:13,wlxbcfce7292407,N/A,0,0,NO_GATEWAY,100,Disconnected
2026-07-27 10:10:43,wlxbcfce7292407,N/A,0,0,NO_GATEWAY,100,Disconnected
2026-07-27 10:11:13,wlxbcfce7292407,N/A,0,0,NO_GATEWAY,100,Disconnected
2026-07-27 10:11:43,wlxbcfce7292407,N/A,0,0,NO_GATEWAY,100,Disconnected
2026-07-27 10:12:13,wlxbcfce7292407,N/A,0,0,NO_GATEWAY,100,Disconnected
2026-07-27 10:12:43,wlxbcfce7292407,N/A,0,0,NO_GATEWAY,100,Disconnected
2026-07-27 10:13:13,wlxbcfce7292407,N/A,0,0,NO_GATEWAY,100,Disconnected
2026-07-27 10:13:43,wlxbcfce7292407,N/A,0,0,NO_GATEWAY,100,Disconnected
2026-07-27 10:14:13,wlxbcfce7292407,N/A,0,0,NO_GATEWAY,100,Disconnected
2026-07-27 10:14:44,wlxbcfce7292407,N/A,0,0,NO_GATEWAY,100,Disconnected
2026-07-27 10:15:14,wlxbcfce7292407,N/A,0,0,NO_GATEWAY,100,Disconnected
2026-07-27 10:15:44,wlxbcfce7292407,N/A,0,0,NO_GATEWAY,100,Disconnected
2026-07-27 10:16:14,wlxbcfce7292407,N/A,0,0,NO_GATEWAY,100,Disconnected
2026-07-27 10:16:44,wlxbcfce7292407,N/A,0,0,NO_GATEWAY,100,Disconnected
2026-07-27 10:17:14,wlxbcfce7292407,N/A,0,0,NO_GATEWAY,100,Disconnected
2026-07-27 10:17:44,wlxbcfce7292407,N/A,0,0,NO_GATEWAY,100,Disconnected
2026-07-27 10:18:14,wlxbcfce7292407,N/A,0,0,NO_GATEWAY,100,Disconnected
2026-07-27 10:18:44,wlxbcfce7292407,N/A,0,0,NO_GATEWAY,100,Disconnected
2026-07-27 10:19:14,wlxbcfce7292407,N/A,0,0,NO_GATEWAY,100,Disconnected
2026-07-27 10:19:44,wlxbcfce7292407,N/A,0,0,NO_GATEWAY,100,Disconnected
2026-07-27 10:20:14,wlxbcfce7292407,N/A,0,0,NO_GATEWAY,100,Disconnected
2026-07-27 10:20:44,wlxbcfce7292407,N/A,0,0,NO_GATEWAY,100,Disconnected
2026-07-27 10:21:14,wlxbcfce7292407,N/A,0,0,NO_GATEWAY,100,Disconnected
2026-07-27 10:21:44,wlxbcfce7292407,N/A,0,0,NO_GATEWAY,100,Disconnected
2026-07-27 10:22:14,wlxbcfce7292407,N/A,0,0,NO_GATEWAY,100,Disconnected
2026-07-27 10:22:44,wlxbcfce7292407,N/A,0,0,NO_GATEWAY,100,Disconnected
2026-07-27 10:23:14,wlxbcfce7292407,N/A,0,0,NO_GATEWAY,100,Disconnected
2026-07-27 10:23:44,wlxbcfce7292407,N/A,0,0,NO_GATEWAY,100,Disconnected
2026-07-27 10:24:15,wlxbcfce7292407,N/A,0,0,NO_GATEWAY,100,Disconnected
2026-07-27 10:24:45,wlxbcfce7292407,N/A,0,0,NO_GATEWAY,100,Disconnected
2026-07-27 10:25:15,wlxbcfce7292407,N/A,0,0,NO_GATEWAY,100,Disconnected
2026-07-27 10:25:45,wlxbcfce7292407,N/A,0,0,NO_GATEWAY,100,Disconnected
2026-07-27 10:26:15,wlxbcfce7292407,N/A,0,0,NO_GATEWAY,100,Disconnected
2026-07-27 10:26:45,wlxbcfce7292407,N/A,0,0,NO_GATEWAY,100,Disconnected
2026-07-27 10:27:15,wlxbcfce7292407,N/A,0,0,NO_GATEWAY,100,Disconnected
2026-07-27 10:27:45,wlxbcfce7292407,N/A,0,0,NO_GATEWAY,100,Disconnected
2026-07-27 10:28:15,wlxbcfce7292407,N/A,0,0,NO_GATEWAY,100,Disconnected
2026-07-27 10:28:45,wlxbcfce7292407,N/A,0,0,NO_GATEWAY,100,Disconnected
2026-07-27 10:29:15,wlxbcfce7292407,N/A,0,0,NO_GATEWAY,100,Disconnected
2026-07-27 10:29:45,wlxbcfce7292407,N/A,0,0,NO_GATEWAY,100,Disconnected
2026-07-27 10:30:15,wlxbcfce7292407,N/A,0,0,NO_GATEWAY,100,Disconnected
2026-07-27 10:30:45,wlxbcfce7292407,N/A,0,0,NO_GATEWAY,100,Disconnected
2026-07-27 10:31:15,wlxbcfce7292407,N/A,0,0,NO_GATEWAY,100,Disconnected
2026-07-27 10:31:45,wlxbcfce7292407,N/A,0,0,NO_GATEWAY,100,Disconnected
2026-07-27 10:32:15,wlxbcfce7292407,N/A,0,0,NO_GATEWAY,100,Disconnected
2026-07-27 10:32:45,wlxbcfce7292407,N/A,0,0,NO_GATEWAY,100,Disconnected
2026-07-27 10:33:15,wlxbcfce7292407,N/A,0,0,NO_GATEWAY,100,Disconnected
2026-07-27 10:33:45,wlxbcfce7292407,N/A,0,0,NO_GATEWAY,100,Disconnected
2026-07-27 10:34:15,wlxbcfce7292407,N/A,0,0,NO_GATEWAY,100,Disconnected
2026-07-27 10:34:46,wlxbcfce7292407,N/A,0,0,NO_GATEWAY,100,Disconnected
2026-07-27 10:35:16,wlxbcfce7292407,N/A,0,0,NO_GATEWAY,100,Disconnected
2026-07-27 10:35:46,wlxbcfce7292407,N/A,0,0,NO_GATEWAY,100,Disconnected
2026-07-27 10:36:16,wlxbcfce7292407,N/A,0,0,NO_GATEWAY,100,Disconnected
2026-07-27 10:36:46,wlxbcfce7292407,N/A,0,0,NO_GATEWAY,100,Disconnected
2026-07-27 10:37:16,wlxbcfce7292407,N/A,0,0,NO_GATEWAY,100,Disconnected
2026-07-27 10:37:46,wlxbcfce7292407,N/A,0,0,NO_GATEWAY,100,Disconnected
2026-07-27 10:38:16,wlxbcfce7292407,N/A,0,0,NO_GATEWAY,100,Disconnected
2026-07-27 10:38:46,wlxbcfce7292407,N/A,0,0,NO_GATEWAY,100,Disconnected
2026-07-27 10:39:16,wlxbcfce7292407,N/A,0,0,NO_GATEWAY,100,Disconnected
2026-07-27 10:39:46,wlxbcfce7292407,N/A,0,0,NO_GATEWAY,100,Disconnected
2026-07-27 10:40:16,wlxbcfce7292407,N/A,0,0,NO_GATEWAY,100,Disconnected
2026-07-27 10:40:46,wlxbcfce7292407,N/A,0,0,NO_GATEWAY,100,Disconnected
2026-07-27 10:41:16,wlxbcfce7292407,N/A,0,0,NO_GATEWAY,100,Disconnected
2026-07-27 10:41:46,wlxbcfce7292407,N/A,0,0,NO_GATEWAY,100,Disconnected
2026-07-27 10:42:16,wlxbcfce7292407,N/A,0,0,NO_GATEWAY,100,Disconnected
2026-07-27 10:42:46,wlxbcfce7292407,N/A,0,0,NO_GATEWAY,100,Disconnected
2026-07-27 10:43:17,wlxbcfce7292407,N/A,0,0,NO_GATEWAY,100,Disconnected
2026-07-27 10:43:47,wlxbcfce7292407,N/A,0,0,NO_GATEWAY,100,Disconnected
2026-07-27 10:44:17,wlxbcfce7292407,N/A,0,0,NO_GATEWAY,100,Disconnected
2026-07-27 10:44:47,wlxbcfce7292407,N/A,0,0,NO_GATEWAY,100,Disconnected
2026-07-27 10:45:17,wlxbcfce7292407,N/A,0,0,NO_GATEWAY,100,Disconnected
2026-07-27 10:45:47,wlxbcfce7292407,N/A,0,0,NO_GATEWAY,100,Disconnected
2026-07-27 10:46:17,wlxbcfce7292407,N/A,0,0,NO_GATEWAY,100,Disconnected
2026-07-27 10:46:47,wlxbcfce7292407,N/A,0,0,NO_GATEWAY,100,Disconnected
2026-07-27 10:47:17,wlxbcfce7292407,N/A,0,0,NO_GATEWAY,100,Disconnected
2026-07-27 10:47:47,wlxbcfce7292407,N/A,0,0,NO_GATEWAY,100,Disconnected
2026-07-27 10:48:17,wlxbcfce7292407,N/A,0,0,NO_GATEWAY,100,Disconnected
2026-07-27 10:48:47,wlxbcfce7292407,N/A,0,0,NO_GATEWAY,100,Disconnected
2026-07-27 10:49:17,wlxbcfce7292407,N/A,0,0,NO_GATEWAY,100,Disconnected
2026-07-27 10:49:47,wlxbcfce7292407,N/A,0,0,NO_GATEWAY,100,Disconnected
2026-07-27 10:50:17,wlxbcfce7292407,N/A,0,0,NO_GATEWAY,100,Disconnected
2026-07-27 10:50:47,wlxbcfce7292407,N/A,0,0,NO_GATEWAY,100,Disconnected
2026-07-27 10:51:17,wlxbcfce7292407,N/A,0,0,NO_GATEWAY,100,Disconnected
2026-07-27 10:51:47,wlxbcfce7292407,N/A,0,0,NO_GATEWAY,100,Disconnected
2026-07-27 10:52:18,wlxbcfce7292407,N/A,0,0,NO_GATEWAY,100,Disconnected
2026-07-27 10:52:48,wlxbcfce7292407,N/A,0,0,NO_GATEWAY,100,Disconnected
2026-07-27 10:53:18,wlxbcfce7292407,N/A,0,0,NO_GATEWAY,100,Disconnected
2026-07-27 10:53:48,wlxbcfce7292407,N/A,0,0,NO_GATEWAY,100,Disconnected
2026-07-27 10:54:18,wlxbcfce7292407,N/A,0,0,NO_GATEWAY,100,Disconnected
2026-07-27 10:54:48,wlxbcfce7292407,N/A,0,0,NO_GATEWAY,100,Disconnected
2026-07-27 10:55:18,wlxbcfce7292407,N/A,0,0,NO_GATEWAY,100,Disconnected
2026-07-27 10:55:48,wlxbcfce7292407,N/A,0,0,NO_GATEWAY,100,Disconnected
2026-07-27 10:56:18,wlxbcfce7292407,N/A,0,0,NO_GATEWAY,100,Disconnected
2026-07-27 10:56:48,wlxbcfce7292407,N/A,0,0,NO_GATEWAY,100,Disconnected
2026-07-27 10:57:18,wlxbcfce7292407,N/A,0,0,NO_GATEWAY,100,Disconnected
2026-07-27 10:57:48,wlxbcfce7292407,N/A,0,0,NO_GATEWAY,100,Disconnected
2026-07-27 10:58:18,wlxbcfce7292407,N/A,0,0,NO_GATEWAY,100,Disconnected
2026-07-27 10:58:48,wlxbcfce7292407,N/A,0,0,NO_GATEWAY,100,Disconnected
2026-07-27 10:59:18,wlxbcfce7292407,N/A,0,0,NO_GATEWAY,100,Disconnected
2026-07-27 10:59:48,wlxbcfce7292407,N/A,0,0,NO_GATEWAY,100,Disconnected
2026-07-27 11:00:18,wlxbcfce7292407,N/A,0,0,NO_GATEWAY,100,Disconnected
2026-07-27 11:00:48,wlxbcfce7292407,N/A,0,0,NO_GATEWAY,100,Disconnected
2026-07-27 11:01:18,wlxbcfce7292407,N/A,0,0,NO_GATEWAY,100,Disconnected
2026-07-27 11:01:48,wlxbcfce7292407,N/A,0,0,NO_GATEWAY,100,Disconnected
2026-07-27 11:02:18,wlxbcfce7292407,N/A,0,0,NO_GATEWAY,100,Disconnected
2026-07-27 11:02:48,wlxbcfce7292407,N/A,0,0,NO_GATEWAY,100,Disconnected
2026-07-27 11:03:19,wlxbcfce7292407,N/A,0,0,NO_GATEWAY,100,Disconnected
2026-07-27 11:03:49,wlxbcfce7292407,N/A,0,0,NO_GATEWAY,100,Disconnected
2026-07-27 11:04:19,wlxbcfce7292407,N/A,0,0,NO_GATEWAY,100,Disconnected
2026-07-27 11:04:49,wlxbcfce7292407,N/A,0,0,NO_GATEWAY,100,Disconnected
2026-07-27 11:05:19,wlxbcfce7292407,N/A,0,0,NO_GATEWAY,100,Disconnected
2026-07-27 11:05:49,wlxbcfce7292407,N/A,0,0,NO_GATEWAY,100,Disconnected
2026-07-27 11:06:19,wlxbcfce7292407,N/A,0,0,NO_GATEWAY,100,Disconnected
2026-07-27 11:06:49,wlxbcfce7292407,N/A,0,0,NO_GATEWAY,100,Disconnected
2026-07-27 11:07:19,wlxbcfce7292407,N/A,0,0,NO_GATEWAY,100,Disconnected
2026-07-27 11:07:49,wlxbcfce7292407,N/A,0,0,NO_GATEWAY,100,Disconnected
2026-07-27 11:08:19,wlxbcfce7292407,N/A,0,0,NO_GATEWAY,100,Disconnected
2026-07-27 11:08:49,wlxbcfce7292407,N/A,0,0,NO_GATEWAY,100,Disconnected
2026-07-27 11:09:19,wlxbcfce7292407,N/A,0,0,NO_GATEWAY,100,Disconnected
2026-07-27 11:09:49,wlxbcfce7292407,N/A,0,0,NO_GATEWAY,100,Disconnected
2026-07-27 11:10:19,wlxbcfce7292407,N/A,0,0,NO_GATEWAY,100,Disconnected
2026-07-27 11:10:49,wlxbcfce7292407,N/A,0,0,NO_GATEWAY,100,Disconnected
2026-07-27 11:11:19,wlxbcfce7292407,N/A,0,0,NO_GATEWAY,100,Disconnected
2026-07-27 11:11:49,wlxbcfce7292407,N/A,0,0,NO_GATEWAY,100,Disconnected
2026-07-27 11:12:19,wlxbcfce7292407,N/A,0,0,NO_GATEWAY,100,Disconnected
2026-07-27 11:12:49,wlxbcfce7292407,N/A,0,0,NO_GATEWAY,100,Disconnected
2026-07-27 11:13:19,wlxbcfce7292407,N/A,0,0,NO_GATEWAY,100,Disconnected
2026-07-27 11:13:49,wlxbcfce7292407,N/A,0,0,NO_GATEWAY,100,Disconnected
2026-07-27 11:14:20,wlxbcfce7292407,N/A,0,0,NO_GATEWAY,100,Disconnected
2026-07-27 11:14:50,wlxbcfce7292407,N/A,0,0,NO_GATEWAY,100,Disconnected
2026-07-27 11:15:20,wlxbcfce7292407,N/A,0,0,NO_GATEWAY,100,Disconnected
2026-07-27 11:15:50,wlxbcfce7292407,N/A,0,0,NO_GATEWAY,100,Disconnected
2026-07-27 11:16:20,wlxbcfce7292407,N/A,0,0,NO_GATEWAY,100,Disconnected
2026-07-27 11:16:50,wlxbcfce7292407,N/A,0,0,NO_GATEWAY,100,Disconnected
2026-07-27 11:17:20,wlxbcfce7292407,N/A,0,0,NO_GATEWAY,100,Disconnected
2026-07-27 11:17:50,wlxbcfce7292407,N/A,0,0,NO_GATEWAY,100,Disconnected
2026-07-27 11:18:20,wlxbcfce7292407,N/A,0,0,NO_GATEWAY,100,Disconnected
2026-07-27 11:18:50,wlxbcfce7292407,N/A,0,0,NO_GATEWAY,100,Disconnected
2026-07-27 11:19:20,wlxbcfce7292407,N/A,0,0,NO_GATEWAY,100,Disconnected
2026-07-27 11:19:50,wlxbcfce7292407,N/A,0,0,NO_GATEWAY,100,Disconnected
2026-07-27 11:20:20,wlxbcfce7292407,N/A,0,0,NO_GATEWAY,100,Disconnected
2026-07-27 11:20:50,wlxbcfce7292407,N/A,0,0,NO_GATEWAY,100,Disconnected
2026-07-27 11:21:20,wlxbcfce7292407,N/A,0,0,NO_GATEWAY,100,Disconnected
2026-07-27 11:21:50,wlxbcfce7292407,N/A,0,0,NO_GATEWAY,100,Disconnected
2026-07-27 11:22:20,wlxbcfce7292407,N/A,0,0,NO_GATEWAY,100,Disconnected
2026-07-27 11:22:50,wlxbcfce7292407,N/A,0,0,NO_GATEWAY,100,Disconnected
2026-07-27 11:23:20,wlxbcfce7292407,N/A,0,0,NO_GATEWAY,100,Disconnected
2026-07-27 11:23:51,wlxbcfce7292407,N/A,0,0,NO_GATEWAY,100,Disconnected
2026-07-27 11:24:21,wlxbcfce7292407,N/A,0,0,NO_GATEWAY,100,Disconnected
2026-07-27 11:24:51,wlxbcfce7292407,N/A,0,0,NO_GATEWAY,100,Disconnected
2026-07-27 11:25:21,wlxbcfce7292407,N/A,0,0,NO_GATEWAY,100,Disconnected
2026-07-27 11:25:51,wlxbcfce7292407,N/A,0,0,NO_GATEWAY,100,Disconnected
2026-07-27 11:26:21,wlxbcfce7292407,N/A,0,0,NO_GATEWAY,100,Disconnected
2026-07-27 11:26:51,wlxbcfce7292407,N/A,0,0,NO_GATEWAY,100,Disconnected
2026-07-27 11:27:21,wlxbcfce7292407,N/A,0,0,NO_GATEWAY,100,Disconnected
2026-07-27 11:27:51,wlxbcfce7292407,N/A,0,0,NO_GATEWAY,100,Disconnected
2026-07-27 11:28:21,wlxbcfce7292407,N/A,0,0,NO_GATEWAY,100,Disconnected
2026-07-27 11:28:51,wlxbcfce7292407,N/A,0,0,NO_GATEWAY,100,Disconnected
2026-07-27 11:29:21,wlxbcfce7292407,N/A,0,0,NO_GATEWAY,100,Disconnected
2026-07-27 11:29:51,wlxbcfce7292407,N/A,0,0,NO_GATEWAY,100,Disconnected
2026-07-27 11:30:21,wlxbcfce7292407,N/A,0,0,NO_GATEWAY,100,Disconnected
2026-07-27 11:30:51,wlxbcfce7292407,N/A,0,0,NO_GATEWAY,100,Disconnected
2026-07-27 11:31:21,wlxbcfce7292407,N/A,0,0,NO_GATEWAY,100,Disconnected
2026-07-27 11:31:51,wlxbcfce7292407,N/A,0,0,NO_GATEWAY,100,Disconnected
2026-07-27 11:32:21,wlxbcfce7292407,N/A,0,0,NO_GATEWAY,100,Disconnected
2026-07-27 11:32:52,wlxbcfce7292407,N/A,0,0,NO_GATEWAY,100,Disconnected
2026-07-27 11:33:22,wlxbcfce7292407,N/A,0,0,NO_GATEWAY,100,Disconnected
2026-07-27 11:33:52,wlxbcfce7292407,N/A,0,0,NO_GATEWAY,100,Disconnected
2026-07-27 11:34:22,wlxbcfce7292407,N/A,0,0,NO_GATEWAY,100,Disconnected
2026-07-27 11:34:52,wlxbcfce7292407,N/A,0,0,NO_GATEWAY,100,Disconnected
2026-07-27 11:35:22,wlxbcfce7292407,N/A,0,0,NO_GATEWAY,100,Disconnected
2026-07-27 11:35:52,wlxbcfce7292407,N/A,0,0,NO_GATEWAY,100,Disconnected
2026-07-27 11:36:22,wlxbcfce7292407,N/A,0,0,NO_GATEWAY,100,Disconnected
2026-07-27 11:36:52,wlxbcfce7292407,N/A,0,0,NO_GATEWAY,100,Disconnected
2026-07-27 11:37:22,wlxbcfce7292407,N/A,0,0,NO_GATEWAY,100,Disconnected
2026-07-27 11:37:52,wlxbcfce7292407,N/A,0,0,NO_GATEWAY,100,Disconnected
2026-07-27 11:38:22,wlxbcfce7292407,N/A,0,0,NO_GATEWAY,100,Disconnected
2026-07-27 11:38:52,wlxbcfce7292407,N/A,0,0,NO_GATEWAY,100,Disconnected
2026-07-27 11:39:22,wlxbcfce7292407,N/A,0,0,NO_GATEWAY,100,Disconnected
2026-07-27 11:39:52,wlxbcfce7292407,N/A,0,0,NO_GATEWAY,100,Disconnected
2026-07-27 11:40:22,wlxbcfce7292407,N/A,0,0,NO_GATEWAY,100,Disconnected
2026-07-27 11:40:52,wlxbcfce7292407,N/A,0,0,NO_GATEWAY,100,Disconnected
2026-07-27 11:41:22,wlxbcfce7292407,N/A,0,0,NO_GATEWAY,100,Disconnected
2026-07-27 11:41:52,wlxbcfce7292407,N/A,0,0,NO_GATEWAY,100,Disconnected
2026-07-27 11:42:23,wlxbcfce7292407,N/A,0,0,NO_GATEWAY,100,Disconnected
2026-07-27 11:42:53,wlxbcfce7292407,N/A,0,0,NO_GATEWAY,100,Disconnected
2026-07-27 11:43:23,wlxbcfce7292407,N/A,0,0,NO_GATEWAY,100,Disconnected
2026-07-27 11:43:53,wlxbcfce7292407,N/A,0,0,NO_GATEWAY,100,Disconnected
2026-07-27 11:44:23,wlxbcfce7292407,N/A,0,0,NO_GATEWAY,100,Disconnected
2026-07-27 11:44:53,wlxbcfce7292407,N/A,0,0,NO_GATEWAY,100,Disconnected
2026-07-27 11:45:23,wlxbcfce7292407,N/A,0,0,NO_GATEWAY,100,Disconnected
2026-07-27 11:45:53,wlxbcfce7292407,N/A,0,0,NO_GATEWAY,100,Disconnected
2026-07-27 11:46:23,wlxbcfce7292407,N/A,0,0,NO_GATEWAY,100,Disconnected
2026-07-27 11:46:53,wlxbcfce7292407,N/A,0,0,NO_GATEWAY,100,Disconnected
2026-07-27 11:47:23,wlxbcfce7292407,N/A,0,0,NO_GATEWAY,100,Disconnected
2026-07-27 11:47:53,wlxbcfce7292407,N/A,0,0,NO_GATEWAY,100,Disconnected
2026-07-27 11:48:23,wlxbcfce7292407,N/A,0,0,NO_GATEWAY,100,Disconnected
2026-07-27 11:48:53,wlxbcfce7292407,N/A,0,0,NO_GATEWAY,100,Disconnected
2026-07-27 11:49:23,wlxbcfce7292407,N/A,0,0,NO_GATEWAY,100,Disconnected
2026-07-27 11:49:53,wlxbcfce7292407,N/A,0,0,NO_GATEWAY,100,Disconnected
2026-07-27 11:50:23,wlxbcfce7292407,N/A,0,0,NO_GATEWAY,100,Disconnected
2026-07-27 11:50:53,wlxbcfce7292407,N/A,0,0,NO_GATEWAY,100,Disconnected
2026-07-27 11:51:23,wlxbcfce7292407,N/A,0,0,NO_GATEWAY,100,Disconnected
2026-07-27 11:51:53,wlxbcfce7292407,N/A,0,0,NO_GATEWAY,100,Disconnected
2026-07-27 11:52:23,wlxbcfce7292407,N/A,0,0,NO_GATEWAY,100,Disconnected
2026-07-27 11:52:53,wlxbcfce7292407,N/A,0,0,NO_GATEWAY,100,Disconnected
2026-07-27 11:53:24,wlxbcfce7292407,N/A,0,0,NO_GATEWAY,100,Disconnected
2026-07-27 11:53:54,wlxbcfce7292407,N/A,0,0,NO_GATEWAY,100,Disconnected
2026-07-27 11:54:24,wlxbcfce7292407,N/A,0,0,NO_GATEWAY,100,Disconnected
2026-07-27 11:54:54,wlxbcfce7292407,N/A,0,0,NO_GATEWAY,100,Disconnected
2026-07-27 11:55:24,wlxbcfce7292407,N/A,0,0,NO_GATEWAY,100,Disconnected
2026-07-27 11:55:54,wlxbcfce7292407,N/A,0,0,NO_GATEWAY,100,Disconnected
2026-07-27 11:56:24,wlxbcfce7292407,N/A,0,0,NO_GATEWAY,100,Disconnected
2026-07-27 11:56:54,wlxbcfce7292407,N/A,0,0,NO_GATEWAY,100,Disconnected
2026-07-27 11:57:24,wlxbcfce7292407,N/A,0,0,NO_GATEWAY,100,Disconnected
2026-07-27 11:57:54,wlxbcfce7292407,N/A,0,0,NO_GATEWAY,100,Disconnected
2026-07-27 11:58:24,wlxbcfce7292407,N/A,0,0,NO_GATEWAY,100,Disconnected
2026-07-27 11:58:54,wlxbcfce7292407,N/A,0,0,NO_GATEWAY,100,Disconnected
2026-07-27 11:59:24,wlxbcfce7292407,N/A,0,0,NO_GATEWAY,100,Disconnected
2026-07-27 11:59:54,wlxbcfce7292407,N/A,0,0,NO_GATEWAY,100,Disconnected
2026-07-27 12:00:24,wlxbcfce7292407,N/A,0,0,NO_GATEWAY,100,Disconnected
2026-07-27 12:00:54,wlxbcfce7292407,N/A,0,0,NO_GATEWAY,100,Disconnected
2026-07-27 12:01:24,wlxbcfce7292407,N/A,0,0,NO_GATEWAY,100,Disconnected
2026-07-27 12:01:54,wlxbcfce7292407,N/A,0,0,NO_GATEWAY,100,Disconnected
2026-07-27 12:02:24,wlxbcfce7292407,N/A,0,0,NO_GATEWAY,100,Disconnected
2026-07-27 12:02:54,wlxbcfce7292407,N/A,0,0,NO_GATEWAY,100,Disconnected
2026-07-27 12:03:24,wlxbcfce7292407,N/A,0,0,NO_GATEWAY,100,Disconnected
2026-07-27 12:03:54,wlxbcfce7292407,N/A,0,0,NO_GATEWAY,100,Disconnected
2026-07-27 12:04:24,wlxbcfce7292407,N/A,0,0,NO_GATEWAY,100,Disconnected
2026-07-27 12:04:54,wlxbcfce7292407,N/A,0,0,NO_GATEWAY,100,Disconnected
2026-07-27 12:05:25,wlxbcfce7292407,N/A,0,0,NO_GATEWAY,100,Disconnected
2026-07-27 12:05:55,wlxbcfce7292407,N/A,0,0,NO_GATEWAY,100,Disconnected
2026-07-27 12:06:25,wlxbcfce7292407,N/A,0,0,NO_GATEWAY,100,Disconnected
2026-07-27 12:06:55,wlxbcfce7292407,N/A,0,0,NO_GATEWAY,100,Disconnected
2026-07-27 12:07:25,wlxbcfce7292407,N/A,0,0,NO_GATEWAY,100,Disconnected
2026-07-27 12:07:55,wlxbcfce7292407,N/A,0,0,NO_GATEWAY,100,Disconnected
2026-07-27 12:08:25,wlxbcfce7292407,N/A,0,0,NO_GATEWAY,100,Disconnected
2026-07-27 12:08:55,wlxbcfce7292407,N/A,0,0,NO_GATEWAY,100,Disconnected
2026-07-27 12:09:25,wlxbcfce7292407,N/A,0,0,NO_GATEWAY,100,Disconnected
2026-07-27 12:09:55,wlxbcfce7292407,N/A,0,0,NO_GATEWAY,100,Disconnected
2026-07-27 12:10:25,wlxbcfce7292407,N/A,0,0,NO_GATEWAY,100,Disconnected
2026-07-27 12:10:55,wlxbcfce7292407,N/A,0,0,NO_GATEWAY,100,Disconnected
2026-07-27 12:11:25,wlxbcfce7292407,N/A,0,0,NO_GATEWAY,100,Disconnected
2026-07-27 12:11:55,wlxbcfce7292407,N/A,0,0,NO_GATEWAY,100,Disconnected
2026-07-27 12:12:25,wlxbcfce7292407,N/A,0,0,NO_GATEWAY,100,Disconnected
2026-07-27 12:12:55,wlxbcfce7292407,N/A,0,0,NO_GATEWAY,100,Disconnected
2026-07-27 12:13:25,wlxbcfce7292407,N/A,0,0,NO_GATEWAY,100,Disconnected
2026-07-27 12:13:55,wlxbcfce7292407,N/A,0,0,NO_GATEWAY,100,Disconnected
2026-07-27 12:14:25,wlxbcfce7292407,N/A,0,0,NO_GATEWAY,100,Disconnected
2026-07-27 12:14:55,wlxbcfce7292407,N/A,0,0,NO_GATEWAY,100,Disconnected
2026-07-27 12:15:25,wlxbcfce7292407,N/A,0,0,NO_GATEWAY,100,Disconnected
2026-07-27 12:15:55,wlxbcfce7292407,N/A,0,0,NO_GATEWAY,100,Disconnected
2026-07-27 12:16:26,wlxbcfce7292407,N/A,0,0,NO_GATEWAY,100,Disconnected
2026-07-27 12:16:56,wlxbcfce7292407,N/A,0,0,NO_GATEWAY,100,Disconnected
2026-07-27 12:17:26,wlxbcfce7292407,N/A,0,0,NO_GATEWAY,100,Disconnected
2026-07-27 12:17:56,wlxbcfce7292407,N/A,0,0,NO_GATEWAY,100,Disconnected
2026-07-27 12:18:26,wlxbcfce7292407,N/A,0,0,NO_GATEWAY,100,Disconnected
2026-07-27 12:18:56,wlxbcfce7292407,N/A,0,0,NO_GATEWAY,100,Disconnected
2026-07-27 12:19:26,wlxbcfce7292407,N/A,0,0,NO_GATEWAY,100,Disconnected
2026-07-27 12:19:56,wlxbcfce7292407,N/A,0,0,NO_GATEWAY,100,Disconnected
2026-07-27 12:20:26,wlxbcfce7292407,N/A,0,0,NO_GATEWAY,100,Disconnected
2026-07-27 12:20:56,wlxbcfce7292407,N/A,0,0,NO_GATEWAY,100,Disconnected
2026-07-27 12:21:26,wlxbcfce7292407,N/A,0,0,NO_GATEWAY,100,Disconnected
2026-07-27 12:21:56,wlxbcfce7292407,N/A,0,0,NO_GATEWAY,100,Disconnected
2026-07-27 12:22:26,wlxbcfce7292407,N/A,0,0,NO_GATEWAY,100,Disconnected
2026-07-27 12:22:56,wlxbcfce7292407,N/A,0,0,NO_GATEWAY,100,Disconnected
2026-07-27 12:23:26,wlxbcfce7292407,N/A,0,0,NO_GATEWAY,100,Disconnected
2026-07-27 12:23:56,wlxbcfce7292407,N/A,0,0,NO_GATEWAY,100,Disconnected
2026-07-27 12:24:26,wlxbcfce7292407,N/A,0,0,NO_GATEWAY,100,Disconnected
2026-07-27 12:24:56,wlxbcfce7292407,N/A,0,0,NO_GATEWAY,100,Disconnected
2026-07-27 12:25:27,wlxbcfce7292407,N/A,0,0,NO_GATEWAY,100,Disconnected
2026-07-27 12:25:57,wlxbcfce7292407,N/A,0,0,NO_GATEWAY,100,Disconnected
2026-07-27 12:26:27,wlxbcfce7292407,N/A,0,0,NO_GATEWAY,100,Disconnected
2026-07-27 12:26:57,wlxbcfce7292407,N/A,0,0,NO_GATEWAY,100,Disconnected
2026-07-27 12:27:27,wlxbcfce7292407,N/A,0,0,NO_GATEWAY,100,Disconnected
2026-07-27 12:27:57,wlxbcfce7292407,N/A,0,0,NO_GATEWAY,100,Disconnected
2026-07-27 12:28:27,wlxbcfce7292407,N/A,0,0,NO_GATEWAY,100,Disconnected
2026-07-27 12:28:57,wlxbcfce7292407,N/A,0,0,NO_GATEWAY,100,Disconnected
2026-07-27 12:29:27,wlxbcfce7292407,N/A,0,0,NO_GATEWAY,100,Disconnected
2026-07-27 12:29:57,wlxbcfce7292407,N/A,0,0,NO_GATEWAY,100,Disconnected
2026-07-27 12:30:27,wlxbcfce7292407,N/A,0,0,NO_GATEWAY,100,Disconnected
2026-07-27 12:30:57,wlxbcfce7292407,N/A,0,0,NO_GATEWAY,100,Disconnected
2026-07-27 12:31:27,wlxbcfce7292407,N/A,0,0,NO_GATEWAY,100,Disconnected
2026-07-27 12:31:57,wlxbcfce7292407,N/A,0,0,NO_GATEWAY,100,Disconnected
2026-07-27 12:32:27,wlxbcfce7292407,N/A,0,0,NO_GATEWAY,100,Disconnected
2026-07-27 12:32:57,wlxbcfce7292407,N/A,0,0,NO_GATEWAY,100,Disconnected
2026-07-27 12:33:27,wlxbcfce7292407,N/A,0,0,NO_GATEWAY,100,Disconnected
2026-07-27 12:33:57,wlxbcfce7292407,N/A,0,0,NO_GATEWAY,100,Disconnected
2026-07-27 12:34:27,wlxbcfce7292407,N/A,0,0,NO_GATEWAY,100,Disconnected
2026-07-27 12:34:57,wlxbcfce7292407,N/A,0,0,NO_GATEWAY,100,Disconnected
2026-07-27 12:35:28,wlxbcfce7292407,N/A,0,0,NO_GATEWAY,100,Disconnected
2026-07-27 12:35:58,wlxbcfce7292407,N/A,0,0,NO_GATEWAY,100,Disconnected
2026-07-27 12:36:28,wlxbcfce7292407,N/A,0,0,NO_GATEWAY,100,Disconnected
2026-07-27 12:36:58,wlxbcfce7292407,N/A,0,0,NO_GATEWAY,100,Disconnected
2026-07-27 12:37:28,wlxbcfce7292407,N/A,0,0,NO_GATEWAY,100,Disconnected
2026-07-27 12:37:58,wlxbcfce7292407,N/A,0,0,NO_GATEWAY,100,Disconnected
2026-07-27 12:38:28,wlxbcfce7292407,N/A,0,0,NO_GATEWAY,100,Disconnected
2026-07-27 12:38:58,wlxbcfce7292407,N/A,0,0,NO_GATEWAY,100,Disconnected
2026-07-27 12:39:28,wlxbcfce7292407,N/A,0,0,NO_GATEWAY,100,Disconnected
2026-07-27 12:39:58,wlxbcfce7292407,N/A,0,0,NO_GATEWAY,100,Disconnected
2026-07-27 12:40:28,wlxbcfce7292407,N/A,0,0,NO_GATEWAY,100,Disconnected
2026-07-27 12:40:58,wlxbcfce7292407,N/A,0,0,NO_GATEWAY,100,Disconnected
2026-07-27 12:41:28,wlxbcfce7292407,N/A,0,0,NO_GATEWAY,100,Disconnected
2026-07-27 12:41:58,wlxbcfce7292407,N/A,0,0,NO_GATEWAY,100,Disconnected
2026-07-27 12:42:28,wlxbcfce7292407,N/A,0,0,NO_GATEWAY,100,Disconnected
2026-07-27 12:42:58,wlxbcfce7292407,N/A,0,0,NO_GATEWAY,100,Disconnected
2026-07-27 12:43:28,wlxbcfce7292407,N/A,0,0,NO_GATEWAY,100,Disconnected
2026-07-27 12:43:58,wlxbcfce7292407,N/A,0,0,NO_GATEWAY,100,Disconnected
2026-07-27 12:44:29,wlxbcfce7292407,N/A,0,0,NO_GATEWAY,100,Disconnected
2026-07-27 12:44:59,wlxbcfce7292407,N/A,0,0,NO_GATEWAY,100,Disconnected
2026-07-27 12:45:29,wlxbcfce7292407,N/A,0,0,NO_GATEWAY,100,Disconnected
2026-07-27 12:45:59,wlxbcfce7292407,N/A,0,0,NO_GATEWAY,100,Disconnected
2026-07-27 12:46:29,wlxbcfce7292407,N/A,0,0,NO_GATEWAY,100,Disconnected
2026-07-27 12:46:59,wlxbcfce7292407,N/A,0,0,NO_GATEWAY,100,Disconnected
2026-07-27 12:47:29,wlxbcfce7292407,N/A,0,0,NO_GATEWAY,100,Disconnected
2026-07-27 12:47:59,wlxbcfce7292407,N/A,0,0,NO_GATEWAY,100,Disconnected
2026-07-27 12:48:29,wlxbcfce7292407,N/A,0,0,NO_GATEWAY,100,Disconnected
2026-07-27 12:48:59,wlxbcfce7292407,N/A,0,0,NO_GATEWAY,100,Disconnected
2026-07-27 12:49:29,wlxbcfce7292407,N/A,0,0,NO_GATEWAY,100,Disconnected
2026-07-27 12:49:59,wlxbcfce7292407,N/A,0,0,NO_GATEWAY,100,Disconnected
2026-07-27 12:50:29,wlxbcfce7292407,N/A,0,0,NO_GATEWAY,100,Disconnected
2026-07-27 12:50:59,wlxbcfce7292407,N/A,0,0,NO_GATEWAY,100,Disconnected
2026-07-27 12:51:29,wlxbcfce7292407,N/A,0,0,NO_GATEWAY,100,Disconnected
2026-07-27 12:51:59,wlxbcfce7292407,N/A,0,0,NO_GATEWAY,100,Disconnected
2026-07-27 12:52:29,wlxbcfce7292407,N/A,0,0,NO_GATEWAY,100,Disconnected
2026-07-27 12:52:59,wlxbcfce7292407,N/A,0,0,NO_GATEWAY,100,Disconnected
2026-07-27 12:53:29,wlxbcfce7292407,N/A,0,0,NO_GATEWAY,100,Disconnected
2026-07-27 12:53:59,wlxbcfce7292407,N/A,0,0,NO_GATEWAY,100,Disconnected
2026-07-27 12:54:29,wlxbcfce7292407,N/A,0,0,NO_GATEWAY,100,Disconnected
2026-07-27 12:54:59,wlxbcfce7292407,N/A,0,0,NO_GATEWAY,100,Disconnected
2026-07-27 12:55:30,wlxbcfce7292407,N/A,0,0,NO_GATEWAY,100,Disconnected
2026-07-27 12:56:00,wlxbcfce7292407,N/A,0,0,NO_GATEWAY,100,Disconnected
2026-07-27 12:56:30,wlxbcfce7292407,N/A,0,0,NO_GATEWAY,100,Disconnected
2026-07-27 12:57:00,wlxbcfce7292407,N/A,0,0,NO_GATEWAY,100,Disconnected
2026-07-27 12:57:30,wlxbcfce7292407,N/A,0,0,NO_GATEWAY,100,Disconnected
2026-07-27 12:58:00,wlxbcfce7292407,N/A,0,0,NO_GATEWAY,100,Disconnected
2026-07-27 12:58:30,wlxbcfce7292407,N/A,0,0,NO_GATEWAY,100,Disconnected
2026-07-27 12:59:00,wlxbcfce7292407,N/A,0,0,NO_GATEWAY,100,Disconnected
2026-07-27 12:59:30,wlxbcfce7292407,N/A,0,0,NO_GATEWAY,100,Disconnected
2026-07-27 13:00:00,wlxbcfce7292407,N/A,0,0,NO_GATEWAY,100,Disconnected
2026-07-27 13:00:30,wlxbcfce7292407,N/A,0,0,NO_GATEWAY,100,Disconnected
2026-07-27 13:01:00,wlxbcfce7292407,N/A,0,0,NO_GATEWAY,100,Disconnected
2026-07-27 13:01:30,wlxbcfce7292407,N/A,0,0,NO_GATEWAY,100,Disconnected
2026-07-27 13:02:00,wlxbcfce7292407,N/A,0,0,NO_GATEWAY,100,Disconnected
2026-07-27 13:02:30,wlxbcfce7292407,N/A,0,0,NO_GATEWAY,100,Disconnected
2026-07-27 13:03:00,wlxbcfce7292407,N/A,0,0,NO_GATEWAY,100,Disconnected
2026-07-27 13:03:30,wlxbcfce7292407,N/A,0,0,NO_GATEWAY,100,Disconnected
2026-07-27 13:04:01,wlxbcfce7292407,N/A,0,0,NO_GATEWAY,100,Disconnected
2026-07-27 13:04:31,wlxbcfce7292407,N/A,0,0,NO_GATEWAY,100,Disconnected
2026-07-27 13:05:01,wlxbcfce7292407,N/A,0,0,NO_GATEWAY,100,Disconnected
2026-07-27 13:05:31,wlxbcfce7292407,N/A,0,0,NO_GATEWAY,100,Disconnected
2026-07-27 13:06:01,wlxbcfce7292407,N/A,0,0,NO_GATEWAY,100,Disconnected
2026-07-27 13:06:31,wlxbcfce7292407,N/A,0,0,NO_GATEWAY,100,Disconnected
2026-07-27 13:07:01,wlxbcfce7292407,N/A,0,0,NO_GATEWAY,100,Disconnected
2026-07-27 13:07:31,wlxbcfce7292407,N/A,0,0,NO_GATEWAY,100,Disconnected
2026-07-27 13:08:01,wlxbcfce7292407,N/A,0,0,NO_GATEWAY,100,Disconnected
2026-07-27 13:08:31,wlxbcfce7292407,N/A,0,0,NO_GATEWAY,100,Disconnected
2026-07-27 13:09:01,wlxbcfce7292407,N/A,0,0,NO_GATEWAY,100,Disconnected
2026-07-27 13:09:31,wlxbcfce7292407,N/A,0,0,NO_GATEWAY,100,Disconnected
2026-07-27 13:10:01,wlxbcfce7292407,N/A,0,0,NO_GATEWAY,100,Disconnected
2026-07-27 13:10:31,wlxbcfce7292407,N/A,0,0,NO_GATEWAY,100,Disconnected
2026-07-27 13:11:01,wlxbcfce7292407,N/A,0,0,NO_GATEWAY,100,Disconnected
2026-07-27 13:11:31,wlxbcfce7292407,N/A,0,0,NO_GATEWAY,100,Disconnected
2026-07-27 13:12:01,wlxbcfce7292407,N/A,0,0,NO_GATEWAY,100,Disconnected
2026-07-27 13:12:31,wlxbcfce7292407,N/A,0,0,NO_GATEWAY,100,Disconnected
2026-07-27 13:13:01,wlxbcfce7292407,N/A,0,0,NO_GATEWAY,100,Disconnected
2026-07-27 13:13:31,wlxbcfce7292407,N/A,0,0,NO_GATEWAY,100,Disconnected
2026-07-27 13:14:01,wlxbcfce7292407,N/A,0,0,NO_GATEWAY,100,Disconnected
2026-07-27 13:14:31,wlxbcfce7292407,N/A,0,0,NO_GATEWAY,100,Disconnected
2026-07-27 13:15:01,wlxbcfce7292407,N/A,0,0,NO_GATEWAY,100,Disconnected
2026-07-27 13:15:32,wlxbcfce7292407,N/A,0,0,NO_GATEWAY,100,Disconnected
2026-07-27 13:16:02,wlxbcfce7292407,N/A,0,0,NO_GATEWAY,100,Disconnected
2026-07-27 13:16:32,wlxbcfce7292407,N/A,0,0,NO_GATEWAY,100,Disconnected
2026-07-27 13:17:02,wlxbcfce7292407,N/A,0,0,NO_GATEWAY,100,Disconnected
2026-07-27 13:17:32,wlxbcfce7292407,N/A,0,0,NO_GATEWAY,100,Disconnected
2026-07-27 13:18:02,wlxbcfce7292407,N/A,0,0,NO_GATEWAY,100,Disconnected
2026-07-27 13:18:32,wlxbcfce7292407,N/A,0,0,NO_GATEWAY,100,Disconnected
2026-07-27 13:19:02,wlxbcfce7292407,N/A,0,0,NO_GATEWAY,100,Disconnected
2026-07-27 13:19:32,wlxbcfce7292407,N/A,0,0,NO_GATEWAY,100,Disconnected
2026-07-27 13:20:02,wlxbcfce7292407,N/A,0,0,NO_GATEWAY,100,Disconnected
2026-07-27 13:20:32,wlxbcfce7292407,N/A,0,0,NO_GATEWAY,100,Disconnected
2026-07-27 13:21:02,wlxbcfce7292407,N/A,0,0,NO_GATEWAY,100,Disconnected
2026-07-27 13:21:32,wlxbcfce7292407,N/A,0,0,NO_GATEWAY,100,Disconnected
2026-07-27 13:22:02,wlxbcfce7292407,N/A,0,0,NO_GATEWAY,100,Disconnected
2026-07-27 13:22:32,wlxbcfce7292407,N/A,0,0,NO_GATEWAY,100,Disconnected
2026-07-27 13:23:02,wlxbcfce7292407,N/A,0,0,NO_GATEWAY,100,Disconnected
2026-07-27 13:23:32,wlxbcfce7292407,N/A,0,0,NO_GATEWAY,100,Disconnected
2026-07-27 13:24:02,wlxbcfce7292407,N/A,0,0,NO_GATEWAY,100,Disconnected
2026-07-27 13:24:32,wlxbcfce7292407,N/A,0,0,NO_GATEWAY,100,Disconnected
2026-07-27 13:25:03,wlxbcfce7292407,N/A,0,0,NO_GATEWAY,100,Disconnected
2026-07-27 13:25:33,wlxbcfce7292407,N/A,0,0,NO_GATEWAY,100,Disconnected
2026-07-27 13:26:03,wlxbcfce7292407,N/A,0,0,NO_GATEWAY,100,Disconnected
2026-07-27 13:26:33,wlxbcfce7292407,N/A,0,0,NO_GATEWAY,100,Disconnected
2026-07-27 13:27:03,wlxbcfce7292407,N/A,0,0,NO_GATEWAY,100,Disconnected
2026-07-27 13:27:33,wlxbcfce7292407,N/A,0,0,NO_GATEWAY,100,Disconnected
2026-07-27 13:28:03,wlxbcfce7292407,N/A,0,0,NO_GATEWAY,100,Disconnected
2026-07-27 13:28:33,wlxbcfce7292407,N/A,0,0,NO_GATEWAY,100,Disconnected
2026-07-27 13:29:03,wlxbcfce7292407,N/A,0,0,NO_GATEWAY,100,Disconnected
2026-07-27 13:29:33,wlxbcfce7292407,N/A,0,0,NO_GATEWAY,100,Disconnected
2026-07-27 13:30:03,wlxbcfce7292407,N/A,0,0,NO_GATEWAY,100,Disconnected
2026-07-27 13:30:33,wlxbcfce7292407,N/A,0,0,NO_GATEWAY,100,Disconnected
2026-07-27 13:31:03,wlxbcfce7292407,N/A,0,0,NO_GATEWAY,100,Disconnected
2026-07-27 13:31:33,wlxbcfce7292407,N/A,0,0,NO_GATEWAY,100,Disconnected
2026-07-27 13:32:03,wlxbcfce7292407,N/A,0,0,NO_GATEWAY,100,Disconnected
2026-07-27 13:32:33,wlxbcfce7292407,N/A,0,0,NO_GATEWAY,100,Disconnected
2026-07-27 13:33:03,wlxbcfce7292407,N/A,0,0,NO_GATEWAY,100,Disconnected
2026-07-27 13:33:33,wlxbcfce7292407,N/A,0,0,NO_GATEWAY,100,Disconnected
2026-07-27 13:34:03,wlxbcfce7292407,N/A,0,0,NO_GATEWAY,100,Disconnected
2026-07-27 13:34:34,wlxbcfce7292407,N/A,0,0,NO_GATEWAY,100,Disconnected
2026-07-27 13:35:04,wlxbcfce7292407,N/A,0,0,NO_GATEWAY,100,Disconnected
2026-07-27 13:35:34,wlxbcfce7292407,N/A,0,0,NO_GATEWAY,100,Disconnected
2026-07-27 13:36:04,wlxbcfce7292407,N/A,0,0,NO_GATEWAY,100,Disconnected
2026-07-27 13:36:34,wlxbcfce7292407,N/A,0,0,NO_GATEWAY,100,Disconnected
2026-07-27 13:37:04,wlxbcfce7292407,N/A,0,0,NO_GATEWAY,100,Disconnected
2026-07-27 13:37:34,wlxbcfce7292407,N/A,0,0,NO_GATEWAY,100,Disconnected
2026-07-27 13:38:04,wlxbcfce7292407,N/A,0,0,NO_GATEWAY,100,Disconnected
2026-07-27 13:38:34,wlxbcfce7292407,N/A,0,0,NO_GATEWAY,100,Disconnected
2026-07-27 13:39:04,wlxbcfce7292407,N/A,0,0,NO_GATEWAY,100,Disconnected
2026-07-27 13:39:34,wlxbcfce7292407,N/A,0,0,NO_GATEWAY,100,Disconnected
2026-07-27 13:40:04,wlxbcfce7292407,N/A,0,0,NO_GATEWAY,100,Disconnected
2026-07-27 13:40:34,wlxbcfce7292407,N/A,0,0,NO_GATEWAY,100,Disconnected
2026-07-27 13:41:04,wlxbcfce7292407,N/A,0,0,NO_GATEWAY,100,Disconnected
2026-07-27 13:41:34,wlxbcfce7292407,N/A,0,0,NO_GATEWAY,100,Disconnected
2026-07-27 13:42:04,wlxbcfce7292407,N/A,0,0,NO_GATEWAY,100,Disconnected
2026-07-27 13:42:35,wlxbcfce7292407,N/A,0,0,NO_GATEWAY,100,Disconnected
2026-07-27 13:43:05,wlxbcfce7292407,N/A,0,0,NO_GATEWAY,100,Disconnected
2026-07-27 13:43:35,wlxbcfce7292407,N/A,0,0,NO_GATEWAY,100,Disconnected
2026-07-27 13:44:05,wlxbcfce7292407,N/A,0,0,NO_GATEWAY,100,Disconnected
2026-07-27 13:44:35,wlxbcfce7292407,N/A,0,0,NO_GATEWAY,100,Disconnected
2026-07-27 13:45:05,wlxbcfce7292407,N/A,0,0,NO_GATEWAY,100,Disconnected
2026-07-27 13:45:35,wlxbcfce7292407,N/A,0,0,NO_GATEWAY,100,Disconnected
2026-07-27 13:46:05,wlxbcfce7292407,N/A,0,0,NO_GATEWAY,100,Disconnected
2026-07-27 13:46:35,wlxbcfce7292407,N/A,0,0,NO_GATEWAY,100,Disconnected
2026-07-27 13:47:05,wlxbcfce7292407,N/A,0,0,NO_GATEWAY,100,Disconnected
2026-07-27 13:47:35,wlxbcfce7292407,N/A,0,0,NO_GATEWAY,100,Disconnected
2026-07-27 13:48:05,wlxbcfce7292407,N/A,0,0,NO_GATEWAY,100,Disconnected
2026-07-27 13:48:35,wlxbcfce7292407,N/A,0,0,NO_GATEWAY,100,Disconnected
2026-07-27 13:49:05,wlxbcfce7292407,N/A,0,0,NO_GATEWAY,100,Disconnected
2026-07-27 13:49:35,wlxbcfce7292407,N/A,0,0,NO_GATEWAY,100,Disconnected
2026-07-27 13:50:05,wlxbcfce7292407,N/A,0,0,NO_GATEWAY,100,Disconnected
2026-07-27 13:50:35,wlxbcfce7292407,N/A,0,0,NO_GATEWAY,100,Disconnected
2026-07-27 13:51:05,wlxbcfce7292407,N/A,0,0,NO_GATEWAY,100,Disconnected
2026-07-27 13:51:35,wlxbcfce7292407,N/A,0,0,NO_GATEWAY,100,Disconnected
2026-07-27 13:52:05,wlxbcfce7292407,N/A,0,0,NO_GATEWAY,100,Disconnected
2026-07-27 13:52:35,wlxbcfce7292407,N/A,0,0,NO_GATEWAY,100,Disconnected
2026-07-27 13:53:05,wlxbcfce7292407,N/A,0,0,NO_GATEWAY,100,Disconnected
2026-07-27 13:53:35,wlxbcfce7292407,N/A,0,0,NO_GATEWAY,100,Disconnected
2026-07-27 13:54:06,wlxbcfce7292407,N/A,0,0,NO_GATEWAY,100,Disconnected
2026-07-27 13:54:36,wlxbcfce7292407,N/A,0,0,NO_GATEWAY,100,Disconnected
2026-07-27 13:55:06,wlxbcfce7292407,N/A,0,0,NO_GATEWAY,100,Disconnected
2026-07-27 13:55:36,wlxbcfce7292407,N/A,0,0,NO_GATEWAY,100,Disconnected
2026-07-27 13:56:06,wlxbcfce7292407,N/A,0,0,NO_GATEWAY,100,Disconnected
2026-07-27 13:56:36,wlxbcfce7292407,N/A,0,0,NO_GATEWAY,100,Disconnected
2026-07-27 13:57:06,wlxbcfce7292407,N/A,0,0,NO_GATEWAY,100,Disconnected
2026-07-27 13:57:36,wlxbcfce7292407,N/A,0,0,NO_GATEWAY,100,Disconnected
2026-07-27 13:58:06,wlxbcfce7292407,N/A,0,0,NO_GATEWAY,100,Disconnected
2026-07-27 13:58:36,wlxbcfce7292407,N/A,0,0,NO_GATEWAY,100,Disconnected
2026-07-27 13:59:06,wlxbcfce7292407,N/A,0,0,NO_GATEWAY,100,Disconnected
2026-07-27 13:59:36,wlxbcfce7292407,N/A,0,0,NO_GATEWAY,100,Disconnected
2026-07-27 14:00:06,wlxbcfce7292407,N/A,0,0,NO_GATEWAY,100,Disconnected
2026-07-27 14:00:36,wlxbcfce7292407,N/A,0,0,NO_GATEWAY,100,Disconnected
2026-07-27 14:01:06,wlxbcfce7292407,N/A,0,0,NO_GATEWAY,100,Disconnected
2026-07-27 14:01:36,wlxbcfce7292407,N/A,0,0,NO_GATEWAY,100,Disconnected
2026-07-27 14:02:06,wlxbcfce7292407,N/A,0,0,NO_GATEWAY,100,Disconnected
2026-07-27 14:02:36,wlxbcfce7292407,N/A,0,0,NO_GATEWAY,100,Disconnected
2026-07-27 14:03:07,wlxbcfce7292407,N/A,0,0,NO_GATEWAY,100,Disconnected
2026-07-27 14:03:37,wlxbcfce7292407,N/A,0,0,NO_GATEWAY,100,Disconnected
2026-07-27 14:04:07,wlxbcfce7292407,N/A,0,0,NO_GATEWAY,100,Disconnected
2026-07-27 14:04:37,wlxbcfce7292407,N/A,0,0,NO_GATEWAY,100,Disconnected
2026-07-27 14:05:07,wlxbcfce7292407,N/A,0,0,NO_GATEWAY,100,Disconnected
2026-07-27 14:05:37,wlxbcfce7292407,N/A,0,0,NO_GATEWAY,100,Disconnected
2026-07-27 14:06:07,wlxbcfce7292407,N/A,0,0,NO_GATEWAY,100,Disconnected
2026-07-27 14:06:37,wlxbcfce7292407,N/A,0,0,NO_GATEWAY,100,Disconnected
2026-07-27 14:07:07,wlxbcfce7292407,N/A,0,0,NO_GATEWAY,100,Disconnected
2026-07-27 14:07:37,wlxbcfce7292407,N/A,0,0,NO_GATEWAY,100,Disconnected
2026-07-27 14:08:07,wlxbcfce7292407,N/A,0,0,NO_GATEWAY,100,Disconnected
2026-07-27 14:08:37,wlxbcfce7292407,N/A,0,0,NO_GATEWAY,100,Disconnected
2026-07-27 14:09:07,wlxbcfce7292407,N/A,0,0,NO_GATEWAY,100,Disconnected
2026-07-27 14:09:37,wlxbcfce7292407,N/A,0,0,NO_GATEWAY,100,Disconnected
2026-07-27 14:10:07,wlxbcfce7292407,N/A,0,0,NO_GATEWAY,100,Disconnected
2026-07-27 14:10:37,wlxbcfce7292407,N/A,0,0,NO_GATEWAY,100,Disconnected
2026-07-27 14:11:07,wlxbcfce7292407,N/A,0,0,NO_GATEWAY,100,Disconnected
2026-07-27 14:11:37,wlxbcfce7292407,N/A,0,0,NO_GATEWAY,100,Disconnected
2026-07-27 14:12:07,wlxbcfce7292407,N/A,0,0,NO_GATEWAY,100,Disconnected
2026-07-27 14:12:38,wlxbcfce7292407,N/A,0,0,NO_GATEWAY,100,Disconnected
2026-07-27 14:13:08,wlxbcfce7292407,N/A,0,0,NO_GATEWAY,100,Disconnected
2026-07-27 14:13:38,wlxbcfce7292407,N/A,0,0,NO_GATEWAY,100,Disconnected
2026-07-27 14:14:08,wlxbcfce7292407,N/A,0,0,NO_GATEWAY,100,Disconnected
2026-07-27 14:14:38,wlxbcfce7292407,N/A,0,0,NO_GATEWAY,100,Disconnected
2026-07-27 14:15:08,wlxbcfce7292407,N/A,0,0,NO_GATEWAY,100,Disconnected
2026-07-27 14:15:38,wlxbcfce7292407,N/A,0,0,NO_GATEWAY,100,Disconnected
2026-07-27 14:16:08,wlxbcfce7292407,N/A,0,0,NO_GATEWAY,100,Disconnected
2026-07-27 14:16:38,wlxbcfce7292407,N/A,0,0,NO_GATEWAY,100,Disconnected
2026-07-27 14:17:08,wlxbcfce7292407,N/A,0,0,NO_GATEWAY,100,Disconnected
2026-07-27 14:17:38,wlxbcfce7292407,N/A,0,0,NO_GATEWAY,100,Disconnected
2026-07-27 14:18:08,wlxbcfce7292407,N/A,0,0,NO_GATEWAY,100,Disconnected
2026-07-27 14:18:38,wlxbcfce7292407,N/A,0,0,NO_GATEWAY,100,Disconnected
2026-07-27 14:19:08,wlxbcfce7292407,N/A,0,0,NO_GATEWAY,100,Disconnected
2026-07-27 14:19:38,wlxbcfce7292407,N/A,0,0,NO_GATEWAY,100,Disconnected
2026-07-27 14:20:08,wlxbcfce7292407,N/A,0,0,NO_GATEWAY,100,Disconnected
2026-07-27 14:20:38,wlxbcfce7292407,N/A,0,0,NO_GATEWAY,100,Disconnected
2026-07-27 14:21:08,wlxbcfce7292407,N/A,0,0,NO_GATEWAY,100,Disconnected
2026-07-27 14:21:38,wlxbcfce7292407,N/A,0,0,NO_GATEWAY,100,Disconnected
2026-07-27 14:22:08,wlxbcfce7292407,N/A,0,0,NO_GATEWAY,100,Disconnected
2026-07-27 14:22:38,wlxbcfce7292407,N/A,0,0,NO_GATEWAY,100,Disconnected
2026-07-27 14:23:08,wlxbcfce7292407,N/A,0,0,NO_GATEWAY,100,Disconnected
2026-07-27 14:23:39,wlxbcfce7292407,N/A,0,0,NO_GATEWAY,100,Disconnected
2026-07-27 14:24:09,wlxbcfce7292407,N/A,0,0,NO_GATEWAY,100,Disconnected
2026-07-27 14:24:39,wlxbcfce7292407,N/A,0,0,NO_GATEWAY,100,Disconnected
2026-07-27 14:25:09,wlxbcfce7292407,N/A,0,0,NO_GATEWAY,100,Disconnected
2026-07-27 14:25:39,wlxbcfce7292407,N/A,0,0,NO_GATEWAY,100,Disconnected
2026-07-27 14:26:09,wlxbcfce7292407,N/A,0,0,NO_GATEWAY,100,Disconnected
2026-07-27 14:26:39,wlxbcfce7292407,N/A,0,0,NO_GATEWAY,100,Disconnected
2026-07-27 14:27:09,wlxbcfce7292407,N/A,0,0,NO_GATEWAY,100,Disconnected
2026-07-27 14:27:39,wlxbcfce7292407,N/A,0,0,NO_GATEWAY,100,Disconnected
2026-07-27 14:28:09,wlxbcfce7292407,N/A,0,0,NO_GATEWAY,100,Disconnected
2026-07-27 14:28:39,wlxbcfce7292407,N/A,0,0,NO_GATEWAY,100,Disconnected
2026-07-27 14:29:09,wlxbcfce7292407,N/A,0,0,NO_GATEWAY,100,Disconnected
2026-07-27 14:29:39,wlxbcfce7292407,N/A,0,0,NO_GATEWAY,100,Disconnected
2026-07-27 14:30:09,wlxbcfce7292407,N/A,0,0,NO_GATEWAY,100,Disconnected
2026-07-27 14:30:39,wlxbcfce7292407,N/A,0,0,NO_GATEWAY,100,Disconnected
2026-07-27 14:31:09,wlxbcfce7292407,N/A,0,0,NO_GATEWAY,100,Disconnected
2026-07-27 14:31:39,wlxbcfce7292407,N/A,0,0,NO_GATEWAY,100,Disconnected
2026-07-27 14:32:09,wlxbcfce7292407,N/A,0,0,NO_GATEWAY,100,Disconnected
2026-07-27 14:32:39,wlxbcfce7292407,N/A,0,0,NO_GATEWAY,100,Disconnected
2026-07-27 14:33:10,wlxbcfce7292407,N/A,0,0,NO_GATEWAY,100,Disconnected
2026-07-27 14:33:40,wlxbcfce7292407,N/A,0,0,NO_GATEWAY,100,Disconnected
2026-07-27 14:34:10,wlxbcfce7292407,N/A,0,0,NO_GATEWAY,100,Disconnected
2026-07-27 14:34:40,wlxbcfce7292407,N/A,0,0,NO_GATEWAY,100,Disconnected
2026-07-27 14:35:10,wlxbcfce7292407,N/A,0,0,NO_GATEWAY,100,Disconnected
2026-07-27 14:35:40,wlxbcfce7292407,N/A,0,0,NO_GATEWAY,100,Disconnected
2026-07-27 14:36:10,wlxbcfce7292407,N/A,0,0,NO_GATEWAY,100,Disconnected
2026-07-27 14:36:40,wlxbcfce7292407,N/A,0,0,NO_GATEWAY,100,Disconnected
2026-07-27 14:37:10,wlxbcfce7292407,N/A,0,0,NO_GATEWAY,100,Disconnected
2026-07-27 14:37:40,wlxbcfce7292407,N/A,0,0,NO_GATEWAY,100,Disconnected
2026-07-27 14:38:10,wlxbcfce7292407,N/A,0,0,NO_GATEWAY,100,Disconnected
2026-07-27 14:38:40,wlxbcfce7292407,N/A,0,0,NO_GATEWAY,100,Disconnected
2026-07-27 14:39:10,wlxbcfce7292407,N/A,0,0,NO_GATEWAY,100,Disconnected
2026-07-27 14:39:40,wlxbcfce7292407,N/A,0,0,NO_GATEWAY,100,Disconnected
2026-07-27 14:40:10,wlxbcfce7292407,N/A,0,0,NO_GATEWAY,100,Disconnected
2026-07-27 14:40:40,wlxbcfce7292407,N/A,0,0,NO_GATEWAY,100,Disconnected
2026-07-27 14:41:10,wlxbcfce7292407,N/A,0,0,NO_GATEWAY,100,Disconnected
2026-07-27 14:41:40,wlxbcfce7292407,N/A,0,0,NO_GATEWAY,100,Disconnected
2026-07-27 14:42:10,wlxbcfce7292407,N/A,0,0,NO_GATEWAY,100,Disconnected
2026-07-27 14:42:40,wlxbcfce7292407,N/A,0,0,NO_GATEWAY,100,Disconnected
2026-07-27 14:43:10,wlxbcfce7292407,N/A,0,0,NO_GATEWAY,100,Disconnected
2026-07-27 14:43:40,wlxbcfce7292407,N/A,0,0,NO_GATEWAY,100,Disconnected
2026-07-27 14:44:10,wlxbcfce7292407,N/A,0,0,NO_GATEWAY,100,Disconnected
2026-07-27 14:44:41,wlxbcfce7292407,N/A,0,0,NO_GATEWAY,100,Disconnected
2026-07-27 14:45:11,wlxbcfce7292407,N/A,0,0,NO_GATEWAY,100,Disconnected
2026-07-27 14:45:41,wlxbcfce7292407,N/A,0,0,NO_GATEWAY,100,Disconnected
2026-07-27 14:46:11,wlxbcfce7292407,N/A,0,0,NO_GATEWAY,100,Disconnected
2026-07-27 14:46:41,wlxbcfce7292407,N/A,0,0,NO_GATEWAY,100,Disconnected
2026-07-27 14:47:11,wlxbcfce7292407,N/A,0,0,NO_GATEWAY,100,Disconnected
2026-07-27 14:47:41,wlxbcfce7292407,N/A,0,0,NO_GATEWAY,100,Disconnected
2026-07-27 14:48:11,wlxbcfce7292407,N/A,0,0,NO_GATEWAY,100,Disconnected
2026-07-27 14:48:41,wlxbcfce7292407,N/A,0,0,NO_GATEWAY,100,Disconnected
2026-07-27 14:49:11,wlxbcfce7292407,N/A,0,0,NO_GATEWAY,100,Disconnected
2026-07-27 14:49:41,wlxbcfce7292407,N/A,0,0,NO_GATEWAY,100,Disconnected
2026-07-27 14:50:11,wlxbcfce7292407,N/A,0,0,NO_GATEWAY,100,Disconnected
2026-07-27 14:50:41,wlxbcfce7292407,N/A,0,0,NO_GATEWAY,100,Disconnected
2026-07-27 14:51:11,wlxbcfce7292407,N/A,0,0,NO_GATEWAY,100,Disconnected
2026-07-27 14:51:41,wlxbcfce7292407,N/A,0,0,NO_GATEWAY,100,Disconnected
2026-07-27 14:52:11,wlxbcfce7292407,N/A,0,0,NO_GATEWAY,100,Disconnected
2026-07-27 14:52:41,wlxbcfce7292407,N/A,0,0,NO_GATEWAY,100,Disconnected
2026-07-27 14:53:11,wlxbcfce7292407,N/A,0,0,NO_GATEWAY,100,Disconnected
2026-07-27 14:53:41,wlxbcfce7292407,N/A,0,0,NO_GATEWAY,100,Disconnected
2026-07-27 14:54:12,wlxbcfce7292407,N/A,0,0,NO_GATEWAY,100,Disconnected
2026-07-27 14:54:42,wlxbcfce7292407,N/A,0,0,NO_GATEWAY,100,Disconnected
2026-07-27 14:55:12,wlxbcfce7292407,N/A,0,0,NO_GATEWAY,100,Disconnected
2026-07-27 14:55:42,wlxbcfce7292407,N/A,0,0,NO_GATEWAY,100,Disconnected
2026-07-27 14:56:12,wlxbcfce7292407,N/A,0,0,NO_GATEWAY,100,Disconnected
2026-07-27 14:56:42,wlxbcfce7292407,N/A,0,0,NO_GATEWAY,100,Disconnected
2026-07-27 14:57:12,wlxbcfce7292407,N/A,0,0,NO_GATEWAY,100,Disconnected
2026-07-27 14:57:42,wlxbcfce7292407,N/A,0,0,NO_GATEWAY,100,Disconnected
2026-07-27 14:58:12,wlxbcfce7292407,N/A,0,0,NO_GATEWAY,100,Disconnected
2026-07-27 14:58:42,wlxbcfce7292407,N/A,0,0,NO_GATEWAY,100,Disconnected
2026-07-27 14:59:12,wlxbcfce7292407,N/A,0,0,NO_GATEWAY,100,Disconnected
2026-07-27 14:59:42,wlxbcfce7292407,N/A,0,0,NO_GATEWAY,100,Disconnected
2026-07-27 15:00:12,wlxbcfce7292407,N/A,0,0,NO_GATEWAY,100,Disconnected
2026-07-27 15:00:42,wlxbcfce7292407,N/A,0,0,NO_GATEWAY,100,Disconnected
2026-07-27 15:01:12,wlxbcfce7292407,N/A,0,0,NO_GATEWAY,100,Disconnected
2026-07-27 15:01:42,wlxbcfce7292407,N/A,0,0,NO_GATEWAY,100,Disconnected
2026-07-27 15:02:12,wlxbcfce7292407,N/A,0,0,NO_GATEWAY,100,Disconnected
2026-07-27 15:02:42,wlxbcfce7292407,N/A,0,0,NO_GATEWAY,100,Disconnected
2026-07-27 15:03:12,wlxbcfce7292407,N/A,0,0,NO_GATEWAY,100,Disconnected
2026-07-27 15:03:42,wlxbcfce7292407,N/A,0,0,NO_GATEWAY,100,Disconnected
2026-07-27 15:04:12,wlxbcfce7292407,N/A,0,0,NO_GATEWAY,100,Disconnected
2026-07-27 15:04:42,wlxbcfce7292407,N/A,0,0,NO_GATEWAY,100,Disconnected
2026-07-27 15:05:13,wlxbcfce7292407,N/A,0,0,NO_GATEWAY,100,Disconnected
2026-07-27 15:05:43,wlxbcfce7292407,N/A,0,0,NO_GATEWAY,100,Disconnected
2026-07-27 15:06:13,wlxbcfce7292407,N/A,0,0,NO_GATEWAY,100,Disconnected
2026-07-27 15:06:43,wlxbcfce7292407,N/A,0,0,NO_GATEWAY,100,Disconnected
2026-07-27 15:07:13,wlxbcfce7292407,N/A,0,0,NO_GATEWAY,100,Disconnected
2026-07-27 15:07:43,wlxbcfce7292407,N/A,0,0,NO_GATEWAY,100,Disconnected
2026-07-27 15:08:13,wlxbcfce7292407,N/A,0,0,NO_GATEWAY,100,Disconnected
2026-07-27 15:08:43,wlxbcfce7292407,N/A,0,0,NO_GATEWAY,100,Disconnected
2026-07-27 15:09:13,wlxbcfce7292407,N/A,0,0,NO_GATEWAY,100,Disconnected
2026-07-27 15:09:43,wlxbcfce7292407,N/A,0,0,NO_GATEWAY,100,Disconnected
2026-07-27 15:10:13,wlxbcfce7292407,N/A,0,0,NO_GATEWAY,100,Disconnected
2026-07-27 15:10:43,wlxbcfce7292407,N/A,0,0,NO_GATEWAY,100,Disconnected
2026-07-27 15:11:13,wlxbcfce7292407,N/A,0,0,NO_GATEWAY,100,Disconnected
2026-07-27 15:11:43,wlxbcfce7292407,N/A,0,0,NO_GATEWAY,100,Disconnected
2026-07-27 15:12:13,wlxbcfce7292407,N/A,0,0,NO_GATEWAY,100,Disconnected
2026-07-27 15:12:43,wlxbcfce7292407,N/A,0,0,NO_GATEWAY,100,Disconnected
2026-07-27 15:13:13,wlxbcfce7292407,N/A,0,0,NO_GATEWAY,100,Disconnected
2026-07-27 15:13:43,wlxbcfce7292407,N/A,0,0,NO_GATEWAY,100,Disconnected
2026-07-27 15:14:13,wlxbcfce7292407,N/A,0,0,NO_GATEWAY,100,Disconnected
2026-07-27 15:14:43,wlxbcfce7292407,N/A,0,0,NO_GATEWAY,100,Disconnected
2026-07-27 15:15:13,wlxbcfce7292407,N/A,0,0,NO_GATEWAY,100,Disconnected
2026-07-27 15:15:43,wlxbcfce7292407,N/A,0,0,NO_GATEWAY,100,Disconnected
2026-07-27 15:16:14,wlxbcfce7292407,N/A,0,0,NO_GATEWAY,100,Disconnected
2026-07-27 15:16:44,wlxbcfce7292407,N/A,0,0,NO_GATEWAY,100,Disconnected
2026-07-27 15:17:14,wlxbcfce7292407,N/A,0,0,NO_GATEWAY,100,Disconnected
2026-07-27 15:17:44,wlxbcfce7292407,N/A,0,0,NO_GATEWAY,100,Disconnected
2026-07-27 15:18:14,wlxbcfce7292407,N/A,0,0,NO_GATEWAY,100,Disconnected
2026-07-27 15:18:44,wlxbcfce7292407,N/A,0,0,NO_GATEWAY,100,Disconnected
2026-07-27 15:19:14,wlxbcfce7292407,N/A,0,0,NO_GATEWAY,100,Disconnected
2026-07-27 15:19:44,wlxbcfce7292407,N/A,0,0,NO_GATEWAY,100,Disconnected
2026-07-27 15:20:14,wlxbcfce7292407,N/A,0,0,NO_GATEWAY,100,Disconnected
2026-07-27 15:20:44,wlxbcfce7292407,N/A,0,0,NO_GATEWAY,100,Disconnected
2026-07-27 15:21:14,wlxbcfce7292407,N/A,0,0,NO_GATEWAY,100,Disconnected
2026-07-27 15:21:44,wlxbcfce7292407,N/A,0,0,NO_GATEWAY,100,Disconnected
2026-07-27 15:22:14,wlxbcfce7292407,N/A,0,0,NO_GATEWAY,100,Disconnected
2026-07-27 15:22:44,wlxbcfce7292407,N/A,0,0,NO_GATEWAY,100,Disconnected
2026-07-27 15:23:14,wlxbcfce7292407,N/A,0,0,NO_GATEWAY,100,Disconnected
2026-07-27 15:23:45,wlxbcfce7292407,N/A,0,0,NO_GATEWAY,100,Disconnected
2026-07-27 15:24:15,wlxbcfce7292407,N/A,0,0,NO_GATEWAY,100,Disconnected
2026-07-27 15:24:45,wlxbcfce7292407,N/A,0,0,NO_GATEWAY,100,Disconnected
2026-07-27 15:25:15,wlxbcfce7292407,N/A,0,0,NO_GATEWAY,100,Disconnected
2026-07-27 15:25:45,wlxbcfce7292407,N/A,0,0,NO_GATEWAY,100,Disconnected
2026-07-27 15:26:15,wlxbcfce7292407,N/A,0,0,NO_GATEWAY,100,Disconnected
2026-07-27 15:26:45,wlxbcfce7292407,N/A,0,0,NO_GATEWAY,100,Disconnected
2026-07-27 15:27:15,wlxbcfce7292407,N/A,0,0,NO_GATEWAY,100,Disconnected
2026-07-27 15:27:45,wlxbcfce7292407,N/A,0,0,NO_GATEWAY,100,Disconnected
2026-07-27 15:28:15,wlxbcfce7292407,N/A,0,0,NO_GATEWAY,100,Disconnected
2026-07-27 15:28:46,wlxbcfce7292407,N/A,0,0,NO_GATEWAY,100,Disconnected
2026-07-27 15:29:16,wlxbcfce7292407,N/A,0,0,NO_GATEWAY,100,Disconnected
2026-07-27 15:29:46,wlxbcfce7292407,N/A,0,0,NO_GATEWAY,100,Disconnected
2026-07-27 15:30:16,wlxbcfce7292407,N/A,0,0,NO_GATEWAY,100,Disconnected
2026-07-27 15:30:46,wlxbcfce7292407,N/A,0,0,NO_GATEWAY,100,Disconnected
2026-07-27 15:31:16,wlxbcfce7292407,N/A,0,0,NO_GATEWAY,100,Disconnected
2026-07-27 15:31:46,wlxbcfce7292407,N/A,0,0,NO_GATEWAY,100,Disconnected
2026-07-27 15:32:16,wlxbcfce7292407,N/A,0,0,NO_GATEWAY,100,Disconnected
2026-07-27 15:32:46,wlxbcfce7292407,N/A,0,0,NO_GATEWAY,100,Disconnected
2026-07-27 15:33:16,wlxbcfce7292407,N/A,0,0,NO_GATEWAY,100,Disconnected
2026-07-27 15:33:47,wlxbcfce7292407,N/A,0,0,NO_GATEWAY,100,Disconnected
2026-07-27 15:34:17,wlxbcfce7292407,N/A,0,0,NO_GATEWAY,100,Disconnected
2026-07-27 15:34:47,wlxbcfce7292407,N/A,0,0,NO_GATEWAY,100,Disconnected
2026-07-27 15:35:17,wlxbcfce7292407,N/A,0,0,NO_GATEWAY,100,Disconnected
2026-07-27 15:35:47,wlxbcfce7292407,N/A,0,0,NO_GATEWAY,100,Disconnected
2026-07-27 15:36:17,wlxbcfce7292407,N/A,0,0,NO_GATEWAY,100,Disconnected
2026-07-27 15:36:47,wlxbcfce7292407,N/A,0,0,NO_GATEWAY,100,Disconnected
2026-07-27 15:37:17,wlxbcfce7292407,N/A,0,0,NO_GATEWAY,100,Disconnected
2026-07-27 15:37:47,wlxbcfce7292407,N/A,0,0,NO_GATEWAY,100,Disconnected
2026-07-27 15:38:17,wlxbcfce7292407,N/A,0,0,NO_GATEWAY,100,Disconnected
2026-07-27 15:38:48,wlxbcfce7292407,N/A,0,0,NO_GATEWAY,100,Disconnected
2026-07-27 15:39:18,wlxbcfce7292407,N/A,0,0,NO_GATEWAY,100,Disconnected
2026-07-27 15:39:48,wlxbcfce7292407,N/A,0,0,NO_GATEWAY,100,Disconnected
2026-07-27 15:40:18,wlxbcfce7292407,N/A,0,0,NO_GATEWAY,100,Disconnected
2026-07-27 15:40:48,wlxbcfce7292407,N/A,0,0,NO_GATEWAY,100,Disconnected
2026-07-27 15:41:18,wlxbcfce7292407,N/A,0,0,NO_GATEWAY,100,Disconnected
2026-07-27 15:41:48,wlxbcfce7292407,N/A,0,0,NO_GATEWAY,100,Disconnected
2026-07-27 15:42:18,wlxbcfce7292407,N/A,0,0,NO_GATEWAY,100,Disconnected
2026-07-27 15:42:48,wlxbcfce7292407,N/A,0,0,NO_GATEWAY,100,Disconnected
2026-07-27 15:43:18,wlxbcfce7292407,N/A,0,0,NO_GATEWAY,100,Disconnected
2026-07-27 15:43:49,wlxbcfce7292407,N/A,0,0,NO_GATEWAY,100,Disconnected
2026-07-27 15:44:19,wlxbcfce7292407,N/A,0,0,NO_GATEWAY,100,Disconnected
2026-07-27 15:44:49,wlxbcfce7292407,N/A,0,0,NO_GATEWAY,100,Disconnected
2026-07-27 15:45:19,wlxbcfce7292407,N/A,0,0,NO_GATEWAY,100,Disconnected
2026-07-27 15:45:49,wlxbcfce7292407,N/A,0,0,NO_GATEWAY,100,Disconnected
2026-07-27 15:46:19,wlxbcfce7292407,N/A,0,0,NO_GATEWAY,100,Disconnected
2026-07-27 15:46:49,wlxbcfce7292407,N/A,0,0,NO_GATEWAY,100,Disconnected
2026-07-27 15:47:19,wlxbcfce7292407,N/A,0,0,NO_GATEWAY,100,Disconnected
2026-07-27 15:47:49,wlxbcfce7292407,N/A,0,0,NO_GATEWAY,100,Disconnected
2026-07-27 15:48:19,wlxbcfce7292407,N/A,0,0,NO_GATEWAY,100,Disconnected
2026-07-27 15:48:50,wlxbcfce7292407,N/A,0,0,NO_GATEWAY,100,Disconnected
2026-07-27 15:49:20,wlxbcfce7292407,N/A,0,0,NO_GATEWAY,100,Disconnected
2026-07-27 15:49:50,wlxbcfce7292407,N/A,0,0,NO_GATEWAY,100,Disconnected
2026-07-27 15:50:20,wlxbcfce7292407,N/A,0,0,NO_GATEWAY,100,Disconnected
2026-07-27 15:50:50,wlxbcfce7292407,N/A,0,0,NO_GATEWAY,100,Disconnected
2026-07-27 15:51:20,wlxbcfce7292407,N/A,0,0,NO_GATEWAY,100,Disconnected
2026-07-27 15:51:50,wlxbcfce7292407,N/A,0,0,NO_GATEWAY,100,Disconnected
2026-07-27 15:52:20,wlxbcfce7292407,N/A,0,0,NO_GATEWAY,100,Disconnected
2026-07-27 15:52:50,wlxbcfce7292407,N/A,0,0,NO_GATEWAY,100,Disconnected
2026-07-27 15:53:20,wlxbcfce7292407,N/A,0,0,NO_GATEWAY,100,Disconnected
2026-07-27 15:53:51,wlxbcfce7292407,N/A,0,0,NO_GATEWAY,100,Disconnected
2026-07-27 15:54:21,wlxbcfce7292407,N/A,0,0,NO_GATEWAY,100,Disconnected
2026-07-27 15:54:51,wlxbcfce7292407,N/A,0,0,NO_GATEWAY,100,Disconnected
2026-07-27 15:55:21,wlxbcfce7292407,N/A,0,0,NO_GATEWAY,100,Disconnected
2026-07-27 15:55:51,wlxbcfce7292407,N/A,0,0,NO_GATEWAY,100,Disconnected
2026-07-27 15:56:21,wlxbcfce7292407,N/A,0,0,NO_GATEWAY,100,Disconnected
2026-07-27 15:56:51,wlxbcfce7292407,N/A,0,0,NO_GATEWAY,100,Disconnected
2026-07-27 15:57:21,wlxbcfce7292407,N/A,0,0,NO_GATEWAY,100,Disconnected
2026-07-27 15:57:51,wlxbcfce7292407,N/A,0,0,NO_GATEWAY,100,Disconnected
2026-07-27 15:58:21,wlxbcfce7292407,N/A,0,0,NO_GATEWAY,100,Disconnected
2026-07-27 15:58:52,wlxbcfce7292407,N/A,0,0,NO_GATEWAY,100,Disconnected
2026-07-27 15:59:22,wlxbcfce7292407,N/A,0,0,NO_GATEWAY,100,Disconnected
2026-07-27 15:59:52,wlxbcfce7292407,N/A,0,0,NO_GATEWAY,100,Disconnected
2026-07-27 16:00:22,wlxbcfce7292407,N/A,0,0,NO_GATEWAY,100,Disconnected
2026-07-27 16:00:52,wlxbcfce7292407,N/A,0,0,NO_GATEWAY,100,Disconnected
2026-07-27 16:01:22,wlxbcfce7292407,N/A,0,0,NO_GATEWAY,100,Disconnected
2026-07-27 16:01:52,wlxbcfce7292407,N/A,0,0,NO_GATEWAY,100,Disconnected
2026-07-27 16:02:22,wlxbcfce7292407,N/A,0,0,NO_GATEWAY,100,Disconnected
2026-07-27 16:02:52,wlxbcfce7292407,N/A,0,0,NO_GATEWAY,100,Disconnected
2026-07-27 16:03:22,wlxbcfce7292407,N/A,0,0,NO_GATEWAY,100,Disconnected
2026-07-27 16:03:53,wlxbcfce7292407,N/A,0,0,NO_GATEWAY,100,Disconnected
2026-07-27 16:04:23,wlxbcfce7292407,N/A,0,0,NO_GATEWAY,100,Disconnected
2026-07-27 16:04:53,wlxbcfce7292407,N/A,0,0,NO_GATEWAY,100,Disconnected
2026-07-27 16:05:23,wlxbcfce7292407,N/A,0,0,NO_GATEWAY,100,Disconnected
2026-07-27 16:05:53,wlxbcfce7292407,N/A,0,0,NO_GATEWAY,100,Disconnected
2026-07-27 16:06:23,wlxbcfce7292407,N/A,0,0,NO_GATEWAY,100,Disconnected
2026-07-27 16:06:53,wlxbcfce7292407,N/A,0,0,NO_GATEWAY,100,Disconnected
2026-07-27 16:07:23,wlxbcfce7292407,N/A,0,0,NO_GATEWAY,100,Disconnected
2026-07-27 16:07:53,wlxbcfce7292407,N/A,0,0,NO_GATEWAY,100,Disconnected
2026-07-27 16:08:24,wlxbcfce7292407,N/A,0,0,NO_GATEWAY,100,Disconnected
2026-07-27 16:08:54,wlxbcfce7292407,N/A,0,0,NO_GATEWAY,100,Disconnected
2026-07-27 16:09:24,wlxbcfce7292407,N/A,0,0,NO_GATEWAY,100,Disconnected
2026-07-27 16:09:54,wlxbcfce7292407,N/A,0,0,NO_GATEWAY,100,Disconnected
2026-07-27 16:10:24,wlxbcfce7292407,N/A,0,0,NO_GATEWAY,100,Disconnected
2026-07-27 16:10:54,wlxbcfce7292407,N/A,0,0,NO_GATEWAY,100,Disconnected
2026-07-27 16:11:24,wlxbcfce7292407,N/A,0,0,NO_GATEWAY,100,Disconnected
2026-07-27 16:11:54,wlxbcfce7292407,N/A,0,0,NO_GATEWAY,100,Disconnected
2026-07-27 16:12:24,wlxbcfce7292407,N/A,0,0,NO_GATEWAY,100,Disconnected
2026-07-27 16:12:54,wlxbcfce7292407,N/A,0,0,NO_GATEWAY,100,Disconnected
2026-07-27 16:13:25,wlxbcfce7292407,N/A,0,0,NO_GATEWAY,100,Disconnected
2026-07-27 16:13:55,wlxbcfce7292407,N/A,0,0,NO_GATEWAY,100,Disconnected
2026-07-27 16:14:25,wlxbcfce7292407,N/A,0,0,NO_GATEWAY,100,Disconnected
2026-07-27 16:14:55,wlxbcfce7292407,N/A,0,0,NO_GATEWAY,100,Disconnected
2026-07-27 16:15:25,wlxbcfce7292407,N/A,0,0,NO_GATEWAY,100,Disconnected
2026-07-27 16:15:55,wlxbcfce7292407,N/A,0,0,NO_GATEWAY,100,Disconnected
2026-07-27 16:16:25,wlxbcfce7292407,N/A,0,0,NO_GATEWAY,100,Disconnected
2026-07-27 16:16:55,wlxbcfce7292407,N/A,0,0,NO_GATEWAY,100,Disconnected
2026-07-27 16:17:25,wlxbcfce7292407,N/A,0,0,NO_GATEWAY,100,Disconnected
2026-07-27 16:17:55,wlxbcfce7292407,N/A,0,0,NO_GATEWAY,100,Disconnected
2026-07-27 16:18:26,wlxbcfce7292407,N/A,0,0,NO_GATEWAY,100,Disconnected
2026-07-27 16:18:56,wlxbcfce7292407,N/A,0,0,NO_GATEWAY,100,Disconnected
2026-07-27 16:19:26,wlxbcfce7292407,N/A,0,0,NO_GATEWAY,100,Disconnected
2026-07-27 16:19:56,wlxbcfce7292407,N/A,0,0,NO_GATEWAY,100,Disconnected
2026-07-27 16:20:26,wlxbcfce7292407,N/A,0,0,NO_GATEWAY,100,Disconnected
2026-07-27 16:20:56,wlxbcfce7292407,N/A,0,0,NO_GATEWAY,100,Disconnected
2026-07-27 16:21:26,wlxbcfce7292407,N/A,0,0,NO_GATEWAY,100,Disconnected
2026-07-27 16:21:56,wlxbcfce7292407,N/A,0,0,NO_GATEWAY,100,Disconnected
2026-07-27 16:22:26,wlxbcfce7292407,N/A,0,0,NO_GATEWAY,100,Disconnected
2026-07-27 16:22:56,wlxbcfce7292407,N/A,0,0,NO_GATEWAY,100,Disconnected
2026-07-27 16:23:27,wlxbcfce7292407,N/A,0,0,NO_GATEWAY,100,Disconnected
2026-07-27 16:23:57,wlxbcfce7292407,N/A,0,0,NO_GATEWAY,100,Disconnected
2026-07-27 16:24:27,wlxbcfce7292407,N/A,0,0,NO_GATEWAY,100,Disconnected
2026-07-27 16:24:57,wlxbcfce7292407,N/A,0,0,NO_GATEWAY,100,Disconnected
2026-07-27 16:25:27,wlxbcfce7292407,N/A,0,0,NO_GATEWAY,100,Disconnected
2026-07-27 16:25:57,wlxbcfce7292407,N/A,0,0,NO_GATEWAY,100,Disconnected
2026-07-27 16:26:27,wlxbcfce7292407,N/A,0,0,NO_GATEWAY,100,Disconnected
2026-07-27 16:26:57,wlxbcfce7292407,N/A,0,0,NO_GATEWAY,100,Disconnected
2026-07-27 16:27:27,wlxbcfce7292407,N/A,0,0,NO_GATEWAY,100,Disconnected
2026-07-27 16:27:57,wlxbcfce7292407,N/A,0,0,NO_GATEWAY,100,Disconnected
2026-07-27 16:28:28,wlxbcfce7292407,N/A,0,0,NO_GATEWAY,100,Disconnected
2026-07-27 16:28:58,wlxbcfce7292407,N/A,0,0,NO_GATEWAY,100,Disconnected
2026-07-27 16:29:28,wlxbcfce7292407,N/A,0,0,NO_GATEWAY,100,Disconnected
2026-07-27 16:29:58,wlxbcfce7292407,N/A,0,0,NO_GATEWAY,100,Disconnected
2026-07-27 16:30:28,wlxbcfce7292407,N/A,0,0,NO_GATEWAY,100,Disconnected
2026-07-27 16:30:58,wlxbcfce7292407,N/A,0,0,NO_GATEWAY,100,Disconnected
2026-07-27 16:31:28,wlxbcfce7292407,N/A,0,0,NO_GATEWAY,100,Disconnected
2026-07-27 16:31:58,wlxbcfce7292407,N/A,0,0,NO_GATEWAY,100,Disconnected
2026-07-27 16:32:28,wlxbcfce7292407,N/A,0,0,NO_GATEWAY,100,Disconnected
2026-07-27 16:32:58,wlxbcfce7292407,N/A,0,0,NO_GATEWAY,100,Disconnected
2026-07-27 16:33:29,wlxbcfce7292407,N/A,0,0,NO_GATEWAY,100,Disconnected
2026-07-27 16:33:59,wlxbcfce7292407,N/A,0,0,NO_GATEWAY,100,Disconnected
2026-07-27 16:34:29,wlxbcfce7292407,N/A,0,0,NO_GATEWAY,100,Disconnected
2026-07-27 16:34:59,wlxbcfce7292407,N/A,0,0,NO_GATEWAY,100,Disconnected
2026-07-27 16:35:29,wlxbcfce7292407,N/A,0,0,NO_GATEWAY,100,Disconnected
2026-07-27 16:35:59,wlxbcfce7292407,N/A,0,0,NO_GATEWAY,100,Disconnected
2026-07-27 16:36:29,wlxbcfce7292407,N/A,0,0,NO_GATEWAY,100,Disconnected
2026-07-27 16:36:59,wlxbcfce7292407,N/A,0,0,NO_GATEWAY,100,Disconnected
2026-07-27 16:37:29,wlxbcfce7292407,N/A,0,0,NO_GATEWAY,100,Disconnected
2026-07-27 16:37:59,wlxbcfce7292407,N/A,0,0,NO_GATEWAY,100,Disconnected
2026-07-27 16:38:30,wlxbcfce7292407,N/A,0,0,NO_GATEWAY,100,Disconnected
2026-07-27 16:39:00,wlxbcfce7292407,N/A,0,0,NO_GATEWAY,100,Disconnected
2026-07-27 16:39:30,wlxbcfce7292407,N/A,0,0,NO_GATEWAY,100,Disconnected
2026-07-27 16:40:00,wlxbcfce7292407,N/A,0,0,NO_GATEWAY,100,Disconnected
2026-07-27 16:40:30,wlxbcfce7292407,N/A,0,0,NO_GATEWAY,100,Disconnected
2026-07-27 16:41:00,wlxbcfce7292407,N/A,0,0,NO_GATEWAY,100,Disconnected
2026-07-27 16:41:30,wlxbcfce7292407,N/A,0,0,NO_GATEWAY,100,Disconnected
2026-07-27 16:42:00,wlxbcfce7292407,N/A,0,0,NO_GATEWAY,100,Disconnected
2026-07-27 16:42:30,wlxbcfce7292407,N/A,0,0,NO_GATEWAY,100,Disconnected
2026-07-27 16:43:00,wlxbcfce7292407,N/A,0,0,NO_GATEWAY,100,Disconnected
2026-07-27 16:43:30,wlxbcfce7292407,N/A,0,0,NO_GATEWAY,100,Disconnected
2026-07-27 16:44:01,wlxbcfce7292407,N/A,0,0,NO_GATEWAY,100,Disconnected
2026-07-27 16:44:31,wlxbcfce7292407,N/A,0,0,NO_GATEWAY,100,Disconnected
2026-07-27 16:45:01,wlxbcfce7292407,N/A,0,0,NO_GATEWAY,100,Disconnected
2026-07-27 16:45:31,wlxbcfce7292407,N/A,0,0,NO_GATEWAY,100,Disconnected
2026-07-27 16:46:01,wlxbcfce7292407,N/A,0,0,NO_GATEWAY,100,Disconnected
2026-07-27 16:46:31,wlxbcfce7292407,N/A,0,0,NO_GATEWAY,100,Disconnected
2026-07-27 16:47:01,wlxbcfce7292407,N/A,0,0,NO_GATEWAY,100,Disconnected
2026-07-27 16:47:31,wlxbcfce7292407,N/A,0,0,NO_GATEWAY,100,Disconnected
2026-07-27 16:48:01,wlxbcfce7292407,N/A,0,0,NO_GATEWAY,100,Disconnected
2026-07-27 16:48:31,wlxbcfce7292407,N/A,0,0,NO_GATEWAY,100,Disconnected
2026-07-27 16:49:02,wlxbcfce7292407,N/A,0,0,NO_GATEWAY,100,Disconnected
2026-07-27 16:49:32,wlxbcfce7292407,N/A,0,0,NO_GATEWAY,100,Disconnected
2026-07-27 16:50:02,wlxbcfce7292407,N/A,0,0,NO_GATEWAY,100,Disconnected
2026-07-27 16:50:32,wlxbcfce7292407,N/A,0,0,NO_GATEWAY,100,Disconnected
2026-07-27 16:51:02,wlxbcfce7292407,N/A,0,0,NO_GATEWAY,100,Disconnected
2026-07-27 16:51:32,wlxbcfce7292407,N/A,0,0,NO_GATEWAY,100,Disconnected
2026-07-27 16:52:02,wlxbcfce7292407,N/A,0,0,NO_GATEWAY,100,Disconnected
2026-07-27 16:52:32,wlxbcfce7292407,N/A,0,0,NO_GATEWAY,100,Disconnected
2026-07-27 16:53:02,wlxbcfce7292407,N/A,0,0,NO_GATEWAY,100,Disconnected
2026-07-27 16:53:32,wlxbcfce7292407,N/A,0,0,NO_GATEWAY,100,Disconnected
2026-07-27 16:54:03,wlxbcfce7292407,N/A,0,0,NO_GATEWAY,100,Disconnected
2026-07-27 16:54:33,wlxbcfce7292407,N/A,0,0,NO_GATEWAY,100,Disconnected
2026-07-27 16:55:03,wlxbcfce7292407,N/A,0,0,NO_GATEWAY,100,Disconnected
2026-07-27 16:55:33,wlxbcfce7292407,N/A,0,0,NO_GATEWAY,100,Disconnected
2026-07-27 16:56:03,wlxbcfce7292407,N/A,0,0,NO_GATEWAY,100,Disconnected
2026-07-27 16:56:33,wlxbcfce7292407,N/A,0,0,NO_GATEWAY,100,Disconnected
2026-07-27 16:57:03,wlxbcfce7292407,N/A,0,0,NO_GATEWAY,100,Disconnected
2026-07-27 16:57:33,wlxbcfce7292407,N/A,0,0,NO_GATEWAY,100,Disconnected
2026-07-27 16:58:03,wlxbcfce7292407,N/A,0,0,NO_GATEWAY,100,Disconnected
2026-07-27 16:58:33,wlxbcfce7292407,N/A,0,0,NO_GATEWAY,100,Disconnected
2026-07-27 16:59:04,wlxbcfce7292407,N/A,0,0,NO_GATEWAY,100,Disconnected
2026-07-27 16:59:34,wlxbcfce7292407,N/A,0,0,NO_GATEWAY,100,Disconnected
2026-07-27 17:00:04,wlxbcfce7292407,N/A,0,0,NO_GATEWAY,100,Disconnected
2026-07-27 17:00:34,wlxbcfce7292407,N/A,0,0,NO_GATEWAY,100,Disconnected
2026-07-27 17:01:04,wlxbcfce7292407,N/A,0,0,NO_GATEWAY,100,Disconnected
2026-07-27 17:01:34,wlxbcfce7292407,N/A,0,0,NO_GATEWAY,100,Disconnected
2026-07-27 17:02:04,wlxbcfce7292407,N/A,0,0,NO_GATEWAY,100,Disconnected
2026-07-27 17:02:34,wlxbcfce7292407,N/A,0,0,NO_GATEWAY,100,Disconnected
2026-07-27 17:03:04,wlxbcfce7292407,N/A,0,0,NO_GATEWAY,100,Disconnected
2026-07-27 17:03:34,wlxbcfce7292407,N/A,0,0,NO_GATEWAY,100,Disconnected
2026-07-27 17:04:05,wlxbcfce7292407,N/A,0,0,NO_GATEWAY,100,Disconnected
2026-07-27 17:04:35,wlxbcfce7292407,N/A,0,0,NO_GATEWAY,100,Disconnected
2026-07-27 17:05:05,wlxbcfce7292407,N/A,0,0,NO_GATEWAY,100,Disconnected
2026-07-27 17:05:35,wlxbcfce7292407,N/A,0,0,NO_GATEWAY,100,Disconnected
2026-07-27 17:06:05,wlxbcfce7292407,N/A,0,0,NO_GATEWAY,100,Disconnected
2026-07-27 17:06:35,wlxbcfce7292407,N/A,0,0,NO_GATEWAY,100,Disconnected
2026-07-27 17:07:05,wlxbcfce7292407,N/A,0,0,NO_GATEWAY,100,Disconnected
2026-07-27 17:07:35,wlxbcfce7292407,N/A,0,0,NO_GATEWAY,100,Disconnected
2026-07-27 17:08:05,wlxbcfce7292407,N/A,0,0,NO_GATEWAY,100,Disconnected
2026-07-27 17:08:35,wlxbcfce7292407,N/A,0,0,NO_GATEWAY,100,Disconnected
2026-07-27 17:09:06,wlxbcfce7292407,N/A,0,0,NO_GATEWAY,100,Disconnected
2026-07-27 17:09:36,wlxbcfce7292407,N/A,0,0,NO_GATEWAY,100,Disconnected
2026-07-27 17:10:06,wlxbcfce7292407,N/A,0,0,NO_GATEWAY,100,Disconnected
2026-07-27 17:10:36,wlxbcfce7292407,N/A,0,0,NO_GATEWAY,100,Disconnected
2026-07-27 17:11:06,wlxbcfce7292407,N/A,0,0,NO_GATEWAY,100,Disconnected
2026-07-27 17:11:36,wlxbcfce7292407,N/A,0,0,NO_GATEWAY,100,Disconnected
2026-07-27 17:12:06,wlxbcfce7292407,N/A,0,0,NO_GATEWAY,100,Disconnected
2026-07-27 17:12:36,wlxbcfce7292407,N/A,0,0,NO_GATEWAY,100,Disconnected
2026-07-27 17:13:06,wlxbcfce7292407,N/A,0,0,NO_GATEWAY,100,Disconnected
2026-07-27 17:13:36,wlxbcfce7292407,N/A,0,0,NO_GATEWAY,100,Disconnected
2026-07-27 17:14:07,wlxbcfce7292407,N/A,0,0,NO_GATEWAY,100,Disconnected
2026-07-27 17:14:37,wlxbcfce7292407,N/A,0,0,NO_GATEWAY,100,Disconnected
2026-07-27 17:15:07,wlxbcfce7292407,N/A,0,0,NO_GATEWAY,100,Disconnected
2026-07-27 17:15:37,wlxbcfce7292407,N/A,0,0,NO_GATEWAY,100,Disconnected
2026-07-27 17:16:07,wlxbcfce7292407,N/A,0,0,NO_GATEWAY,100,Disconnected
2026-07-27 17:16:37,wlxbcfce7292407,N/A,0,0,NO_GATEWAY,100,Disconnected
2026-07-27 17:17:07,wlxbcfce7292407,N/A,0,0,NO_GATEWAY,100,Disconnected
2026-07-27 17:17:37,wlxbcfce7292407,N/A,0,0,NO_GATEWAY,100,Disconnected
2026-07-27 17:18:07,wlxbcfce7292407,N/A,0,0,NO_GATEWAY,100,Disconnected
2026-07-27 17:18:37,wlxbcfce7292407,N/A,0,0,NO_GATEWAY,100,Disconnected
2026-07-27 17:19:08,wlxbcfce7292407,N/A,0,0,NO_GATEWAY,100,Disconnected
2026-07-27 17:19:38,wlxbcfce7292407,N/A,0,0,NO_GATEWAY,100,Disconnected
2026-07-27 17:20:08,wlxbcfce7292407,N/A,0,0,NO_GATEWAY,100,Disconnected
2026-07-27 17:20:38,wlxbcfce7292407,N/A,0,0,NO_GATEWAY,100,Disconnected
2026-07-27 17:21:08,wlxbcfce7292407,N/A,0,0,NO_GATEWAY,100,Disconnected
2026-07-27 17:21:38,wlxbcfce7292407,N/A,0,0,NO_GATEWAY,100,Disconnected
2026-07-27 17:22:08,wlxbcfce7292407,N/A,0,0,NO_GATEWAY,100,Disconnected
2026-07-27 17:22:38,wlxbcfce7292407,N/A,0,0,NO_GATEWAY,100,Disconnected
2026-07-27 17:23:08,wlxbcfce7292407,N/A,0,0,NO_GATEWAY,100,Disconnected
2026-07-27 17:23:38,wlxbcfce7292407,N/A,0,0,NO_GATEWAY,100,Disconnected
2026-07-27 17:24:09,wlxbcfce7292407,N/A,0,0,NO_GATEWAY,100,Disconnected
2026-07-27 17:24:39,wlxbcfce7292407,N/A,0,0,NO_GATEWAY,100,Disconnected
2026-07-27 17:25:09,wlxbcfce7292407,N/A,0,0,NO_GATEWAY,100,Disconnected
2026-07-27 17:25:39,wlxbcfce7292407,N/A,0,0,NO_GATEWAY,100,Disconnected
2026-07-27 17:26:09,wlxbcfce7292407,N/A,0,0,NO_GATEWAY,100,Disconnected
2026-07-27 17:26:39,wlxbcfce7292407,N/A,0,0,NO_GATEWAY,100,Disconnected
2026-07-27 17:27:09,wlxbcfce7292407,N/A,0,0,NO_GATEWAY,100,Disconnected
2026-07-27 17:27:39,wlxbcfce7292407,N/A,0,0,NO_GATEWAY,100,Disconnected
2026-07-27 17:28:09,wlxbcfce7292407,N/A,0,0,NO_GATEWAY,100,Disconnected
2026-07-27 17:28:39,wlxbcfce7292407,N/A,0,0,NO_GATEWAY,100,Disconnected
2026-07-27 17:29:10,wlxbcfce7292407,N/A,0,0,NO_GATEWAY,100,Disconnected
2026-07-27 17:29:40,wlxbcfce7292407,N/A,0,0,NO_GATEWAY,100,Disconnected
2026-07-27 17:30:10,wlxbcfce7292407,N/A,0,0,NO_GATEWAY,100,Disconnected
2026-07-27 17:30:40,wlxbcfce7292407,N/A,0,0,NO_GATEWAY,100,Disconnected
2026-07-27 17:31:10,wlxbcfce7292407,N/A,0,0,NO_GATEWAY,100,Disconnected
2026-07-27 17:31:40,wlxbcfce7292407,N/A,0,0,NO_GATEWAY,100,Disconnected
2026-07-27 17:32:10,wlxbcfce7292407,N/A,0,0,NO_GATEWAY,100,Disconnected
2026-07-27 17:32:40,wlxbcfce7292407,N/A,0,0,NO_GATEWAY,100,Disconnected
2026-07-27 17:33:10,wlxbcfce7292407,N/A,0,0,NO_GATEWAY,100,Disconnected
2026-07-27 17:33:40,wlxbcfce7292407,N/A,0,0,NO_GATEWAY,100,Disconnected
2026-07-27 17:34:11,wlxbcfce7292407,N/A,0,0,NO_GATEWAY,100,Disconnected
2026-07-27 17:34:41,wlxbcfce7292407,N/A,0,0,NO_GATEWAY,100,Disconnected
2026-07-27 17:35:11,wlxbcfce7292407,N/A,0,0,NO_GATEWAY,100,Disconnected
2026-07-27 17:35:41,wlxbcfce7292407,N/A,0,0,NO_GATEWAY,100,Disconnected
2026-07-27 17:36:11,wlxbcfce7292407,N/A,0,0,NO_GATEWAY,100,Disconnected
2026-07-27 17:36:41,wlxbcfce7292407,N/A,0,0,NO_GATEWAY,100,Disconnected
2026-07-27 17:37:11,wlxbcfce7292407,N/A,0,0,NO_GATEWAY,100,Disconnected
2026-07-27 17:37:41,wlxbcfce7292407,N/A,0,0,NO_GATEWAY,100,Disconnected
2026-07-27 17:38:11,wlxbcfce7292407,N/A,0,0,NO_GATEWAY,100,Disconnected
2026-07-27 17:38:41,wlxbcfce7292407,N/A,0,0,NO_GATEWAY,100,Disconnected
2026-07-27 17:39:12,wlxbcfce7292407,N/A,0,0,NO_GATEWAY,100,Disconnected
2026-07-27 17:39:42,wlxbcfce7292407,N/A,0,0,NO_GATEWAY,100,Disconnected
2026-07-27 17:40:12,wlxbcfce7292407,N/A,0,0,NO_GATEWAY,100,Disconnected
2026-07-27 17:40:42,wlxbcfce7292407,N/A,0,0,NO_GATEWAY,100,Disconnected
2026-07-27 17:41:12,wlxbcfce7292407,N/A,0,0,NO_GATEWAY,100,Disconnected
2026-07-27 17:41:42,wlxbcfce7292407,N/A,0,0,NO_GATEWAY,100,Disconnected
2026-07-27 17:42:12,wlxbcfce7292407,N/A,0,0,NO_GATEWAY,100,Disconnected
2026-07-27 17:42:42,wlxbcfce7292407,N/A,0,0,NO_GATEWAY,100,Disconnected
2026-07-27 17:43:12,wlxbcfce7292407,N/A,0,0,NO_GATEWAY,100,Disconnected
2026-07-27 17:43:42,wlxbcfce7292407,N/A,0,0,NO_GATEWAY,100,Disconnected
2026-07-27 17:44:12,wlxbcfce7292407,N/A,0,0,NO_GATEWAY,100,Disconnected
2026-07-27 17:44:43,wlxbcfce7292407,N/A,0,0,NO_GATEWAY,100,Disconnected
2026-07-27 17:45:13,wlxbcfce7292407,N/A,0,0,NO_GATEWAY,100,Disconnected
2026-07-27 17:45:43,wlxbcfce7292407,N/A,0,0,NO_GATEWAY,100,Disconnected
2026-07-27 17:46:13,wlxbcfce7292407,N/A,0,0,NO_GATEWAY,100,Disconnected
2026-07-27 17:46:43,wlxbcfce7292407,N/A,0,0,NO_GATEWAY,100,Disconnected
2026-07-27 17:47:13,wlxbcfce7292407,N/A,0,0,NO_GATEWAY,100,Disconnected
2026-07-27 17:47:43,wlxbcfce7292407,N/A,0,0,NO_GATEWAY,100,Disconnected
2026-07-27 17:48:13,wlxbcfce7292407,N/A,0,0,NO_GATEWAY,100,Disconnected
2026-07-27 17:48:43,wlxbcfce7292407,N/A,0,0,NO_GATEWAY,100,Disconnected
2026-07-27 17:49:13,wlxbcfce7292407,N/A,0,0,NO_GATEWAY,100,Disconnected
2026-07-27 17:49:44,wlxbcfce7292407,N/A,0,0,NO_GATEWAY,100,Disconnected
2026-07-27 17:50:14,wlxbcfce7292407,N/A,0,0,NO_GATEWAY,100,Disconnected
2026-07-27 17:50:44,wlxbcfce7292407,N/A,0,0,NO_GATEWAY,100,Disconnected
2026-07-27 17:51:14,wlxbcfce7292407,N/A,0,0,NO_GATEWAY,100,Disconnected
2026-07-27 17:51:44,wlxbcfce7292407,N/A,0,0,NO_GATEWAY,100,Disconnected
2026-07-27 17:52:14,wlxbcfce7292407,N/A,0,0,NO_GATEWAY,100,Disconnected
2026-07-27 17:52:44,wlxbcfce7292407,N/A,0,0,NO_GATEWAY,100,Disconnected
2026-07-27 17:53:14,wlxbcfce7292407,N/A,0,0,NO_GATEWAY,100,Disconnected
2026-07-27 17:53:44,wlxbcfce7292407,N/A,0,0,NO_GATEWAY,100,Disconnected
2026-07-27 17:54:14,wlxbcfce7292407,N/A,0,0,NO_GATEWAY,100,Disconnected
2026-07-27 17:54:45,wlxbcfce7292407,N/A,0,0,NO_GATEWAY,100,Disconnected
2026-07-27 17:55:15,wlxbcfce7292407,N/A,0,0,NO_GATEWAY,100,Disconnected
2026-07-27 17:55:45,wlxbcfce7292407,N/A,0,0,NO_GATEWAY,100,Disconnected
2026-07-27 17:56:15,wlxbcfce7292407,N/A,0,0,NO_GATEWAY,100,Disconnected
2026-07-27 17:56:45,wlxbcfce7292407,N/A,0,0,NO_GATEWAY,100,Disconnected
2026-07-27 17:57:15,wlxbcfce7292407,N/A,0,0,NO_GATEWAY,100,Disconnected
2026-07-27 17:57:45,wlxbcfce7292407,N/A,0,0,NO_GATEWAY,100,Disconnected
2026-07-27 17:58:15,wlxbcfce7292407,N/A,0,0,NO_GATEWAY,100,Disconnected
2026-07-27 17:58:45,wlxbcfce7292407,N/A,0,0,NO_GATEWAY,100,Disconnected
2026-07-27 17:59:15,wlxbcfce7292407,N/A,0,0,NO_GATEWAY,100,Disconnected
2026-07-27 17:59:46,wlxbcfce7292407,N/A,0,0,NO_GATEWAY,100,Disconnected
2026-07-27 18:00:16,wlxbcfce7292407,N/A,0,0,NO_GATEWAY,100,Disconnected
2026-07-27 18:00:46,wlxbcfce7292407,N/A,0,0,NO_GATEWAY,100,Disconnected
2026-07-27 18:01:16,wlxbcfce7292407,N/A,0,0,NO_GATEWAY,100,Disconnected
2026-07-27 18:01:46,wlxbcfce7292407,N/A,0,0,NO_GATEWAY,100,Disconnected
2026-07-27 18:02:16,wlxbcfce7292407,N/A,0,0,NO_GATEWAY,100,Disconnected
2026-07-27 18:02:46,wlxbcfce7292407,N/A,0,0,NO_GATEWAY,100,Disconnected
2026-07-27 18:03:16,wlxbcfce7292407,N/A,0,0,NO_GATEWAY,100,Disconnected
2026-07-27 18:03:46,wlxbcfce7292407,N/A,0,0,NO_GATEWAY,100,Disconnected
2026-07-27 18:04:16,wlxbcfce7292407,N/A,0,0,NO_GATEWAY,100,Disconnected
2026-07-27 18:04:46,wlxbcfce7292407,N/A,0,0,NO_GATEWAY,100,Disconnected
2026-07-27 18:05:17,wlxbcfce7292407,N/A,0,0,NO_GATEWAY,100,Disconnected
2026-07-27 18:05:47,wlxbcfce7292407,N/A,0,0,NO_GATEWAY,100,Disconnected
2026-07-27 18:06:17,wlxbcfce7292407,N/A,0,0,NO_GATEWAY,100,Disconnected
2026-07-27 18:06:47,wlxbcfce7292407,N/A,0,0,NO_GATEWAY,100,Disconnected
2026-07-27 18:07:17,wlxbcfce7292407,N/A,0,0,NO_GATEWAY,100,Disconnected
2026-07-27 18:07:47,wlxbcfce7292407,N/A,0,0,NO_GATEWAY,100,Disconnected
2026-07-27 18:08:17,wlxbcfce7292407,N/A,0,0,NO_GATEWAY,100,Disconnected
2026-07-27 18:08:47,wlxbcfce7292407,N/A,0,0,NO_GATEWAY,100,Disconnected
2026-07-27 18:09:17,wlxbcfce7292407,N/A,0,0,NO_GATEWAY,100,Disconnected
2026-07-27 18:09:47,wlxbcfce7292407,N/A,0,0,NO_GATEWAY,100,Disconnected
2026-07-27 18:10:18,wlxbcfce7292407,N/A,0,0,NO_GATEWAY,100,Disconnected
2026-07-27 18:10:48,wlxbcfce7292407,N/A,0,0,NO_GATEWAY,100,Disconnected
2026-07-27 18:11:18,wlxbcfce7292407,N/A,0,0,NO_GATEWAY,100,Disconnected
2026-07-27 18:11:48,wlxbcfce7292407,N/A,0,0,NO_GATEWAY,100,Disconnected
2026-07-27 18:12:18,wlxbcfce7292407,N/A,0,0,NO_GATEWAY,100,Disconnected
2026-07-27 18:12:48,wlxbcfce7292407,N/A,0,0,NO_GATEWAY,100,Disconnected
2026-07-27 18:13:18,wlxbcfce7292407,N/A,0,0,NO_GATEWAY,100,Disconnected
2026-07-27 18:13:48,wlxbcfce7292407,N/A,0,0,NO_GATEWAY,100,Disconnected
2026-07-27 18:14:18,wlxbcfce7292407,N/A,0,0,NO_GATEWAY,100,Disconnected
2026-07-27 18:14:48,wlxbcfce7292407,N/A,0,0,NO_GATEWAY,100,Disconnected
2026-07-27 18:15:19,wlxbcfce7292407,N/A,0,0,NO_GATEWAY,100,Disconnected
2026-07-27 18:15:49,wlxbcfce7292407,N/A,0,0,NO_GATEWAY,100,Disconnected
2026-07-27 18:16:19,wlxbcfce7292407,N/A,0,0,NO_GATEWAY,100,Disconnected
2026-07-27 18:16:49,wlxbcfce7292407,N/A,0,0,NO_GATEWAY,100,Disconnected
2026-07-27 18:17:19,wlxbcfce7292407,N/A,0,0,NO_GATEWAY,100,Disconnected
2026-07-27 18:17:49,wlxbcfce7292407,N/A,0,0,NO_GATEWAY,100,Disconnected
2026-07-27 18:18:19,wlxbcfce7292407,N/A,0,0,NO_GATEWAY,100,Disconnected
2026-07-27 18:18:49,wlxbcfce7292407,N/A,0,0,NO_GATEWAY,100,Disconnected
2026-07-27 18:19:19,wlxbcfce7292407,N/A,0,0,NO_GATEWAY,100,Disconnected
2026-07-27 18:19:49,wlxbcfce7292407,N/A,0,0,NO_GATEWAY,100,Disconnected
2026-07-27 18:20:20,wlxbcfce7292407,N/A,0,0,NO_GATEWAY,100,Disconnected
2026-07-27 18:20:50,wlxbcfce7292407,N/A,0,0,NO_GATEWAY,100,Disconnected
2026-07-27 18:21:20,wlxbcfce7292407,N/A,0,0,NO_GATEWAY,100,Disconnected
2026-07-27 18:21:50,wlxbcfce7292407,N/A,0,0,NO_GATEWAY,100,Disconnected
2026-07-27 18:22:20,wlxbcfce7292407,N/A,0,0,NO_GATEWAY,100,Disconnected
2026-07-27 18:22:50,wlxbcfce7292407,N/A,0,0,NO_GATEWAY,100,Disconnected
2026-07-27 18:23:20,wlxbcfce7292407,N/A,0,0,NO_GATEWAY,100,Disconnected
2026-07-27 18:23:50,wlxbcfce7292407,N/A,0,0,NO_GATEWAY,100,Disconnected
2026-07-27 18:24:20,wlxbcfce7292407,N/A,0,0,NO_GATEWAY,100,Disconnected
2026-07-27 18:24:50,wlxbcfce7292407,N/A,0,0,NO_GATEWAY,100,Disconnected
2026-07-27 18:25:21,wlxbcfce7292407,N/A,0,0,NO_GATEWAY,100,Disconnected
2026-07-27 18:25:51,wlxbcfce7292407,N/A,0,0,NO_GATEWAY,100,Disconnected
2026-07-27 18:26:21,wlxbcfce7292407,N/A,0,0,NO_GATEWAY,100,Disconnected
2026-07-27 18:26:51,wlxbcfce7292407,N/A,0,0,NO_GATEWAY,100,Disconnected
2026-07-27 18:27:21,wlxbcfce7292407,N/A,0,0,NO_GATEWAY,100,Disconnected
2026-07-27 18:27:51,wlxbcfce7292407,N/A,0,0,NO_GATEWAY,100,Disconnected
2026-07-27 18:28:21,wlxbcfce7292407,N/A,0,0,NO_GATEWAY,100,Disconnected
2026-07-27 18:28:51,wlxbcfce7292407,N/A,0,0,NO_GATEWAY,100,Disconnected
2026-07-27 18:29:21,wlxbcfce7292407,N/A,0,0,NO_GATEWAY,100,Disconnected
2026-07-27 18:29:51,wlxbcfce7292407,N/A,0,0,NO_GATEWAY,100,Disconnected
2026-07-27 18:30:22,wlxbcfce7292407,N/A,0,0,NO_GATEWAY,100,Disconnected
2026-07-27 18:30:52,wlxbcfce7292407,N/A,0,0,NO_GATEWAY,100,Disconnected
2026-07-27 18:31:22,wlxbcfce7292407,N/A,0,0,NO_GATEWAY,100,Disconnected
2026-07-27 18:31:52,wlxbcfce7292407,N/A,0,0,NO_GATEWAY,100,Disconnected
2026-07-27 18:32:22,wlxbcfce7292407,N/A,0,0,NO_GATEWAY,100,Disconnected
2026-07-27 18:32:52,wlxbcfce7292407,N/A,0,0,NO_GATEWAY,100,Disconnected
2026-07-27 18:33:22,wlxbcfce7292407,N/A,0,0,NO_GATEWAY,100,Disconnected
2026-07-27 18:33:52,wlxbcfce7292407,N/A,0,0,NO_GATEWAY,100,Disconnected
2026-07-27 18:34:22,wlxbcfce7292407,N/A,0,0,NO_GATEWAY,100,Disconnected
2026-07-27 18:34:52,wlxbcfce7292407,N/A,0,0,NO_GATEWAY,100,Disconnected
2026-07-27 18:35:23,wlxbcfce7292407,N/A,0,0,NO_GATEWAY,100,Disconnected
2026-07-27 18:35:53,wlxbcfce7292407,N/A,0,0,NO_GATEWAY,100,Disconnected
2026-07-27 18:36:23,wlxbcfce7292407,N/A,0,0,NO_GATEWAY,100,Disconnected
2026-07-27 18:36:53,wlxbcfce7292407,N/A,0,0,NO_GATEWAY,100,Disconnected
2026-07-27 18:37:23,wlxbcfce7292407,N/A,0,0,NO_GATEWAY,100,Disconnected
2026-07-27 18:37:53,wlxbcfce7292407,N/A,0,0,NO_GATEWAY,100,Disconnected
2026-07-27 18:38:23,wlxbcfce7292407,N/A,0,0,NO_GATEWAY,100,Disconnected
2026-07-27 18:38:53,wlxbcfce7292407,N/A,0,0,NO_GATEWAY,100,Disconnected
2026-07-27 18:39:23,wlxbcfce7292407,N/A,0,0,NO_GATEWAY,100,Disconnected
2026-07-27 18:39:53,wlxbcfce7292407,N/A,0,0,NO_GATEWAY,100,Disconnected
2026-07-27 18:40:24,wlxbcfce7292407,N/A,0,0,NO_GATEWAY,100,Disconnected
2026-07-27 18:40:54,wlxbcfce7292407,N/A,0,0,NO_GATEWAY,100,Disconnected
2026-07-27 18:41:24,wlxbcfce7292407,N/A,0,0,NO_GATEWAY,100,Disconnected
2026-07-27 18:41:54,wlxbcfce7292407,N/A,0,0,NO_GATEWAY,100,Disconnected
2026-07-27 18:42:24,wlxbcfce7292407,N/A,0,0,NO_GATEWAY,100,Disconnected
2026-07-27 18:42:54,wlxbcfce7292407,N/A,0,0,NO_GATEWAY,100,Disconnected
2026-07-27 18:43:24,wlxbcfce7292407,N/A,0,0,NO_GATEWAY,100,Disconnected
2026-07-27 18:43:54,wlxbcfce7292407,N/A,0,0,NO_GATEWAY,100,Disconnected
2026-07-27 18:44:24,wlxbcfce7292407,N/A,0,0,NO_GATEWAY,100,Disconnected
2026-07-27 18:44:54,wlxbcfce7292407,N/A,0,0,NO_GATEWAY,100,Disconnected
2026-07-27 18:45:25,wlxbcfce7292407,N/A,0,0,NO_GATEWAY,100,Disconnected
2026-07-27 18:45:55,wlxbcfce7292407,N/A,0,0,NO_GATEWAY,100,Disconnected
2026-07-27 18:46:25,wlxbcfce7292407,N/A,0,0,NO_GATEWAY,100,Disconnected
2026-07-27 18:46:55,wlxbcfce7292407,N/A,0,0,NO_GATEWAY,100,Disconnected
2026-07-27 18:47:25,wlxbcfce7292407,N/A,0,0,NO_GATEWAY,100,Disconnected
2026-07-27 18:47:55,wlxbcfce7292407,N/A,0,0,NO_GATEWAY,100,Disconnected
2026-07-27 18:48:25,wlxbcfce7292407,N/A,0,0,NO_GATEWAY,100,Disconnected
2026-07-27 18:48:55,wlxbcfce7292407,N/A,0,0,NO_GATEWAY,100,Disconnected
2026-07-27 18:49:25,wlxbcfce7292407,N/A,0,0,NO_GATEWAY,100,Disconnected
2026-07-27 18:49:55,wlxbcfce7292407,N/A,0,0,NO_GATEWAY,100,Disconnected
2026-07-27 18:50:26,wlxbcfce7292407,N/A,0,0,NO_GATEWAY,100,Disconnected
2026-07-27 18:50:56,wlxbcfce7292407,N/A,0,0,NO_GATEWAY,100,Disconnected
2026-07-27 18:51:26,wlxbcfce7292407,N/A,0,0,NO_GATEWAY,100,Disconnected
2026-07-27 18:51:56,wlxbcfce7292407,N/A,0,0,NO_GATEWAY,100,Disconnected
2026-07-27 18:52:26,wlxbcfce7292407,N/A,0,0,NO_GATEWAY,100,Disconnected
2026-07-27 18:52:56,wlxbcfce7292407,N/A,0,0,NO_GATEWAY,100,Disconnected
2026-07-27 18:53:26,wlxbcfce7292407,N/A,0,0,NO_GATEWAY,100,Disconnected
2026-07-27 18:53:56,wlxbcfce7292407,N/A,0,0,NO_GATEWAY,100,Disconnected
2026-07-27 18:54:26,wlxbcfce7292407,N/A,0,0,NO_GATEWAY,100,Disconnected
2026-07-27 18:54:56,wlxbcfce7292407,N/A,0,0,NO_GATEWAY,100,Disconnected
2026-07-27 18:55:26,wlxbcfce7292407,N/A,0,0,NO_GATEWAY,100,Disconnected
2026-07-27 18:55:57,wlxbcfce7292407,N/A,0,0,NO_GATEWAY,100,Disconnected
2026-07-27 18:56:27,wlxbcfce7292407,N/A,0,0,NO_GATEWAY,100,Disconnected
2026-07-27 18:56:57,wlxbcfce7292407,N/A,0,0,NO_GATEWAY,100,Disconnected
2026-07-27 18:57:27,wlxbcfce7292407,N/A,0,0,NO_GATEWAY,100,Disconnected
2026-07-27 18:57:57,wlxbcfce7292407,N/A,0,0,NO_GATEWAY,100,Disconnected
2026-07-27 18:58:27,wlxbcfce7292407,N/A,0,0,NO_GATEWAY,100,Disconnected
2026-07-27 18:58:57,wlxbcfce7292407,N/A,0,0,NO_GATEWAY,100,Disconnected
2026-07-27 18:59:27,wlxbcfce7292407,N/A,0,0,NO_GATEWAY,100,Disconnected
2026-07-27 18:59:57,wlxbcfce7292407,N/A,0,0,NO_GATEWAY,100,Disconnected
2026-07-27 19:00:27,wlxbcfce7292407,N/A,0,0,NO_GATEWAY,100,Disconnected
2026-07-27 19:00:58,wlxbcfce7292407,N/A,0,0,NO_GATEWAY,100,Disconnected
2026-07-27 19:01:28,wlxbcfce7292407,N/A,0,0,NO_GATEWAY,100,Disconnected
2026-07-27 19:01:58,wlxbcfce7292407,N/A,0,0,NO_GATEWAY,100,Disconnected
2026-07-27 19:02:28,wlxbcfce7292407,N/A,0,0,NO_GATEWAY,100,Disconnected
2026-07-27 19:02:58,wlxbcfce7292407,N/A,0,0,NO_GATEWAY,100,Disconnected
2026-07-27 19:03:28,wlxbcfce7292407,N/A,0,0,NO_GATEWAY,100,Disconnected
2026-07-27 19:03:58,wlxbcfce7292407,N/A,0,0,NO_GATEWAY,100,Disconnected
2026-07-27 19:04:28,wlxbcfce7292407,N/A,0,0,NO_GATEWAY,100,Disconnected
2026-07-27 19:04:58,wlxbcfce7292407,N/A,0,0,NO_GATEWAY,100,Disconnected
2026-07-27 19:05:28,wlxbcfce7292407,N/A,0,0,NO_GATEWAY,100,Disconnected
2026-07-27 19:05:59,wlxbcfce7292407,N/A,0,0,NO_GATEWAY,100,Disconnected
2026-07-27 19:06:29,wlxbcfce7292407,N/A,0,0,NO_GATEWAY,100,Disconnected
2026-07-27 19:06:59,wlxbcfce7292407,N/A,0,0,NO_GATEWAY,100,Disconnected
2026-07-27 19:07:29,wlxbcfce7292407,N/A,0,0,NO_GATEWAY,100,Disconnected
2026-07-27 19:07:59,wlxbcfce7292407,N/A,0,0,NO_GATEWAY,100,Disconnected
2026-07-27 19:08:29,wlxbcfce7292407,N/A,0,0,NO_GATEWAY,100,Disconnected
2026-07-27 19:08:59,wlxbcfce7292407,N/A,0,0,NO_GATEWAY,100,Disconnected
2026-07-27 19:09:29,wlxbcfce7292407,N/A,0,0,NO_GATEWAY,100,Disconnected
2026-07-27 19:09:59,wlxbcfce7292407,N/A,0,0,NO_GATEWAY,100,Disconnected
2026-07-27 19:10:29,wlxbcfce7292407,N/A,0,0,NO_GATEWAY,100,Disconnected
2026-07-27 19:11:00,wlxbcfce7292407,N/A,0,0,NO_GATEWAY,100,Disconnected
2026-07-27 19:11:30,wlxbcfce7292407,N/A,0,0,NO_GATEWAY,100,Disconnected
2026-07-27 19:12:00,wlxbcfce7292407,N/A,0,0,NO_GATEWAY,100,Disconnected
2026-07-27 19:12:30,wlxbcfce7292407,N/A,0,0,NO_GATEWAY,100,Disconnected
2026-07-27 19:13:00,wlxbcfce7292407,N/A,0,0,NO_GATEWAY,100,Disconnected
2026-07-27 19:13:30,wlxbcfce7292407,N/A,0,0,NO_GATEWAY,100,Disconnected
2026-07-27 19:14:00,wlxbcfce7292407,N/A,0,0,NO_GATEWAY,100,Disconnected
2026-07-27 19:14:30,wlxbcfce7292407,N/A,0,0,NO_GATEWAY,100,Disconnected
2026-07-27 19:15:00,wlxbcfce7292407,N/A,0,0,NO_GATEWAY,100,Disconnected
2026-07-27 19:15:30,wlxbcfce7292407,N/A,0,0,NO_GATEWAY,100,Disconnected
2026-07-27 19:16:01,wlxbcfce7292407,N/A,0,0,NO_GATEWAY,100,Disconnected
2026-07-27 19:16:31,wlxbcfce7292407,N/A,0,0,NO_GATEWAY,100,Disconnected
2026-07-27 19:17:01,wlxbcfce7292407,N/A,0,0,NO_GATEWAY,100,Disconnected
2026-07-27 19:17:31,wlxbcfce7292407,N/A,0,0,NO_GATEWAY,100,Disconnected
2026-07-27 19:18:01,wlxbcfce7292407,N/A,0,0,NO_GATEWAY,100,Disconnected
2026-07-27 19:18:31,wlxbcfce7292407,N/A,0,0,NO_GATEWAY,100,Disconnected
2026-07-27 19:19:01,wlxbcfce7292407,N/A,0,0,NO_GATEWAY,100,Disconnected
2026-07-27 19:19:31,wlxbcfce7292407,N/A,0,0,NO_GATEWAY,100,Disconnected
2026-07-27 19:20:01,wlxbcfce7292407,N/A,0,0,NO_GATEWAY,100,Disconnected
2026-07-27 19:20:31,wlxbcfce7292407,N/A,0,0,NO_GATEWAY,100,Disconnected
2026-07-27 19:21:02,wlxbcfce7292407,N/A,0,0,NO_GATEWAY,100,Disconnected
2026-07-27 19:21:32,wlxbcfce7292407,N/A,0,0,NO_GATEWAY,100,Disconnected
2026-07-27 19:22:02,wlxbcfce7292407,N/A,0,0,NO_GATEWAY,100,Disconnected
2026-07-27 19:22:32,wlxbcfce7292407,N/A,0,0,NO_GATEWAY,100,Disconnected
2026-07-27 19:23:02,wlxbcfce7292407,N/A,0,0,NO_GATEWAY,100,Disconnected
2026-07-27 19:23:32,wlxbcfce7292407,N/A,0,0,NO_GATEWAY,100,Disconnected
2026-07-27 19:24:02,wlxbcfce7292407,N/A,0,0,NO_GATEWAY,100,Disconnected
2026-07-27 19:24:32,wlxbcfce7292407,N/A,0,0,NO_GATEWAY,100,Disconnected
2026-07-27 19:25:02,wlxbcfce7292407,N/A,0,0,NO_GATEWAY,100,Disconnected
2026-07-27 19:25:32,wlxbcfce7292407,N/A,0,0,NO_GATEWAY,100,Disconnected
2026-07-27 19:26:03,wlxbcfce7292407,N/A,0,0,NO_GATEWAY,100,Disconnected
2026-07-27 19:26:33,wlxbcfce7292407,N/A,0,0,NO_GATEWAY,100,Disconnected
2026-07-27 19:27:03,wlxbcfce7292407,N/A,0,0,NO_GATEWAY,100,Disconnected
2026-07-27 19:27:33,wlxbcfce7292407,N/A,0,0,NO_GATEWAY,100,Disconnected
2026-07-27 19:28:03,wlxbcfce7292407,N/A,0,0,NO_GATEWAY,100,Disconnected
2026-07-27 19:28:33,wlxbcfce7292407,N/A,0,0,NO_GATEWAY,100,Disconnected
2026-07-27 19:29:03,wlxbcfce7292407,N/A,0,0,NO_GATEWAY,100,Disconnected
2026-07-27 19:29:33,wlxbcfce7292407,N/A,0,0,NO_GATEWAY,100,Disconnected
2026-07-27 19:30:03,wlxbcfce7292407,N/A,0,0,NO_GATEWAY,100,Disconnected
2026-07-27 19:30:33,wlxbcfce7292407,N/A,0,0,NO_GATEWAY,100,Disconnected
2026-07-27 19:31:04,wlxbcfce7292407,N/A,0,0,NO_GATEWAY,100,Disconnected
2026-07-27 19:31:34,wlxbcfce7292407,N/A,0,0,NO_GATEWAY,100,Disconnected
2026-07-27 19:32:04,wlxbcfce7292407,N/A,0,0,NO_GATEWAY,100,Disconnected
2026-07-27 19:32:34,wlxbcfce7292407,N/A,0,0,NO_GATEWAY,100,Disconnected
2026-07-27 19:33:04,wlxbcfce7292407,N/A,0,0,NO_GATEWAY,100,Disconnected
2026-07-27 19:33:34,wlxbcfce7292407,N/A,0,0,NO_GATEWAY,100,Disconnected
2026-07-27 19:34:04,wlxbcfce7292407,N/A,0,0,NO_GATEWAY,100,Disconnected
2026-07-27 19:34:34,wlxbcfce7292407,N/A,0,0,NO_GATEWAY,100,Disconnected
2026-07-27 19:35:04,wlxbcfce7292407,N/A,0,0,NO_GATEWAY,100,Disconnected
2026-07-27 19:35:34,wlxbcfce7292407,N/A,0,0,NO_GATEWAY,100,Disconnected
2026-07-27 19:36:04,wlxbcfce7292407,N/A,0,0,NO_GATEWAY,100,Disconnected
2026-07-27 19:36:35,wlxbcfce7292407,N/A,0,0,NO_GATEWAY,100,Disconnected
2026-07-27 19:37:05,wlxbcfce7292407,N/A,0,0,NO_GATEWAY,100,Disconnected
2026-07-27 19:37:35,wlxbcfce7292407,N/A,0,0,NO_GATEWAY,100,Disconnected
2026-07-27 19:38:05,wlxbcfce7292407,N/A,0,0,NO_GATEWAY,100,Disconnected
2026-07-27 19:38:35,wlxbcfce7292407,N/A,0,0,NO_GATEWAY,100,Disconnected
2026-07-27 19:39:05,wlxbcfce7292407,N/A,0,0,NO_GATEWAY,100,Disconnected
2026-07-27 19:39:35,wlxbcfce7292407,N/A,0,0,NO_GATEWAY,100,Disconnected
2026-07-27 19:40:05,wlxbcfce7292407,N/A,0,0,NO_GATEWAY,100,Disconnected
2026-07-27 19:40:35,wlxbcfce7292407,N/A,0,0,NO_GATEWAY,100,Disconnected
2026-07-27 19:41:05,wlxbcfce7292407,N/A,0,0,NO_GATEWAY,100,Disconnected
2026-07-27 19:41:36,wlxbcfce7292407,N/A,0,0,NO_GATEWAY,100,Disconnected
2026-07-27 19:42:06,wlxbcfce7292407,N/A,0,0,NO_GATEWAY,100,Disconnected
2026-07-27 19:42:36,wlxbcfce7292407,N/A,0,0,NO_GATEWAY,100,Disconnected
2026-07-27 19:43:06,wlxbcfce7292407,N/A,0,0,NO_GATEWAY,100,Disconnected
2026-07-27 19:43:36,wlxbcfce7292407,N/A,0,0,NO_GATEWAY,100,Disconnected
2026-07-27 19:44:06,wlxbcfce7292407,N/A,0,0,NO_GATEWAY,100,Disconnected
2026-07-27 19:44:36,wlxbcfce7292407,N/A,0,0,NO_GATEWAY,100,Disconnected
2026-07-27 19:45:06,wlxbcfce7292407,N/A,0,0,NO_GATEWAY,100,Disconnected
2026-07-27 19:45:36,wlxbcfce7292407,N/A,0,0,NO_GATEWAY,100,Disconnected
2026-07-27 19:46:06,wlxbcfce7292407,N/A,0,0,NO_GATEWAY,100,Disconnected
2026-07-27 19:46:37,wlxbcfce7292407,N/A,0,0,NO_GATEWAY,100,Disconnected
2026-07-27 19:47:07,wlxbcfce7292407,N/A,0,0,NO_GATEWAY,100,Disconnected
2026-07-27 19:47:37,wlxbcfce7292407,N/A,0,0,NO_GATEWAY,100,Disconnected
2026-07-27 19:48:07,wlxbcfce7292407,N/A,0,0,NO_GATEWAY,100,Disconnected
2026-07-27 19:48:37,wlxbcfce7292407,N/A,0,0,NO_GATEWAY,100,Disconnected
2026-07-27 19:49:07,wlxbcfce7292407,N/A,0,0,NO_GATEWAY,100,Disconnected
2026-07-27 19:49:37,wlxbcfce7292407,N/A,0,0,NO_GATEWAY,100,Disconnected
2026-07-27 19:50:07,wlxbcfce7292407,N/A,0,0,NO_GATEWAY,100,Disconnected
2026-07-27 19:50:37,wlxbcfce7292407,N/A,0,0,NO_GATEWAY,100,Disconnected
2026-07-27 19:51:07,wlxbcfce7292407,N/A,0,0,NO_GATEWAY,100,Disconnected
2026-07-27 19:51:38,wlxbcfce7292407,N/A,0,0,NO_GATEWAY,100,Disconnected
2026-07-27 19:52:08,wlxbcfce7292407,N/A,0,0,NO_GATEWAY,100,Disconnected
2026-07-27 19:52:38,wlxbcfce7292407,N/A,0,0,NO_GATEWAY,100,Disconnected
2026-07-27 19:53:08,wlxbcfce7292407,N/A,0,0,NO_GATEWAY,100,Disconnected
2026-07-27 19:53:38,wlxbcfce7292407,N/A,0,0,NO_GATEWAY,100,Disconnected
2026-07-27 19:54:08,wlxbcfce7292407,N/A,0,0,NO_GATEWAY,100,Disconnected
2026-07-27 19:54:38,wlxbcfce7292407,N/A,0,0,NO_GATEWAY,100,Disconnected
2026-07-27 19:55:08,wlxbcfce7292407,N/A,0,0,NO_GATEWAY,100,Disconnected
2026-07-27 19:55:38,wlxbcfce7292407,N/A,0,0,NO_GATEWAY,100,Disconnected
2026-07-27 19:56:08,wlxbcfce7292407,N/A,0,0,NO_GATEWAY,100,Disconnected
2026-07-27 19:56:39,wlxbcfce7292407,N/A,0,0,NO_GATEWAY,100,Disconnected
2026-07-27 19:57:09,wlxbcfce7292407,N/A,0,0,NO_GATEWAY,100,Disconnected
2026-07-27 19:57:39,wlxbcfce7292407,N/A,0,0,NO_GATEWAY,100,Disconnected
2026-07-27 19:58:09,wlxbcfce7292407,N/A,0,0,NO_GATEWAY,100,Disconnected
2026-07-27 19:58:39,wlxbcfce7292407,N/A,0,0,NO_GATEWAY,100,Disconnected
2026-07-27 19:59:09,wlxbcfce7292407,N/A,0,0,NO_GATEWAY,100,Disconnected
2026-07-27 19:59:39,wlxbcfce7292407,N/A,0,0,NO_GATEWAY,100,Disconnected
2026-07-27 20:00:09,wlxbcfce7292407,N/A,0,0,NO_GATEWAY,100,Disconnected
2026-07-27 20:00:39,wlxbcfce7292407,N/A,0,0,NO_GATEWAY,100,Disconnected
2026-07-27 20:01:09,wlxbcfce7292407,N/A,0,0,NO_GATEWAY,100,Disconnected
2026-07-27 20:01:40,wlxbcfce7292407,N/A,0,0,NO_GATEWAY,100,Disconnected
2026-07-27 20:02:10,wlxbcfce7292407,N/A,0,0,NO_GATEWAY,100,Disconnected
2026-07-27 20:02:40,wlxbcfce7292407,N/A,0,0,NO_GATEWAY,100,Disconnected
2026-07-27 20:03:10,wlxbcfce7292407,N/A,0,0,NO_GATEWAY,100,Disconnected
2026-07-27 20:03:40,wlxbcfce7292407,N/A,0,0,NO_GATEWAY,100,Disconnected
2026-07-27 20:04:10,wlxbcfce7292407,N/A,0,0,NO_GATEWAY,100,Disconnected
2026-07-27 20:04:40,wlxbcfce7292407,N/A,0,0,NO_GATEWAY,100,Disconnected
2026-07-27 20:05:10,wlxbcfce7292407,N/A,0,0,NO_GATEWAY,100,Disconnected
2026-07-27 20:05:40,wlxbcfce7292407,N/A,0,0,NO_GATEWAY,100,Disconnected
2026-07-27 20:06:10,wlxbcfce7292407,N/A,0,0,NO_GATEWAY,100,Disconnected
2026-07-27 20:06:41,wlxbcfce7292407,N/A,0,0,NO_GATEWAY,100,Disconnected
2026-07-27 20:07:11,wlxbcfce7292407,N/A,0,0,NO_GATEWAY,100,Disconnected
2026-07-27 20:07:41,wlxbcfce7292407,N/A,0,0,NO_GATEWAY,100,Disconnected
2026-07-27 20:08:11,wlxbcfce7292407,N/A,0,0,NO_GATEWAY,100,Disconnected
2026-07-27 20:08:41,wlxbcfce7292407,N/A,0,0,NO_GATEWAY,100,Disconnected
2026-07-27 20:09:11,wlxbcfce7292407,N/A,0,0,NO_GATEWAY,100,Disconnected
2026-07-27 20:09:41,wlxbcfce7292407,N/A,0,0,NO_GATEWAY,100,Disconnected
2026-07-27 20:10:11,wlxbcfce7292407,N/A,0,0,NO_GATEWAY,100,Disconnected
2026-07-27 20:10:41,wlxbcfce7292407,N/A,0,0,NO_GATEWAY,100,Disconnected
2026-07-27 20:11:11,wlxbcfce7292407,N/A,0,0,NO_GATEWAY,100,Disconnected
2026-07-27 20:11:42,wlxbcfce7292407,N/A,0,0,NO_GATEWAY,100,Disconnected
2026-07-27 20:12:12,wlxbcfce7292407,N/A,0,0,NO_GATEWAY,100,Disconnected
2026-07-27 20:12:42,wlxbcfce7292407,N/A,0,0,NO_GATEWAY,100,Disconnected
2026-07-27 20:13:12,wlxbcfce7292407,N/A,0,0,NO_GATEWAY,100,Disconnected
2026-07-27 20:13:42,wlxbcfce7292407,N/A,0,0,NO_GATEWAY,100,Disconnected
2026-07-27 20:14:12,wlxbcfce7292407,N/A,0,0,NO_GATEWAY,100,Disconnected
2026-07-27 20:14:42,wlxbcfce7292407,N/A,0,0,NO_GATEWAY,100,Disconnected
2026-07-27 20:15:12,wlxbcfce7292407,N/A,0,0,NO_GATEWAY,100,Disconnected
2026-07-27 20:15:42,wlxbcfce7292407,N/A,0,0,NO_GATEWAY,100,Disconnected
2026-07-27 20:16:12,wlxbcfce7292407,N/A,0,0,NO_GATEWAY,100,Disconnected
2026-07-27 20:16:43,wlxbcfce7292407,N/A,0,0,NO_GATEWAY,100,Disconnected
2026-07-27 20:17:13,wlxbcfce7292407,N/A,0,0,NO_GATEWAY,100,Disconnected
2026-07-27 20:17:43,wlxbcfce7292407,N/A,0,0,NO_GATEWAY,100,Disconnected
2026-07-27 20:18:13,wlxbcfce7292407,N/A,0,0,NO_GATEWAY,100,Disconnected
2026-07-27 20:18:43,wlxbcfce7292407,N/A,0,0,NO_GATEWAY,100,Disconnected
2026-07-27 20:19:13,wlxbcfce7292407,N/A,0,0,NO_GATEWAY,100,Disconnected
2026-07-27 20:19:43,wlxbcfce7292407,N/A,0,0,NO_GATEWAY,100,Disconnected
2026-07-27 20:20:13,wlxbcfce7292407,N/A,0,0,NO_GATEWAY,100,Disconnected
2026-07-27 20:20:43,wlxbcfce7292407,N/A,0,0,NO_GATEWAY,100,Disconnected
2026-07-27 20:21:13,wlxbcfce7292407,N/A,0,0,NO_GATEWAY,100,Disconnected
2026-07-27 20:21:44,wlxbcfce7292407,N/A,0,0,NO_GATEWAY,100,Disconnected
2026-07-27 20:22:14,wlxbcfce7292407,N/A,0,0,NO_GATEWAY,100,Disconnected
2026-07-27 20:22:44,wlxbcfce7292407,N/A,0,0,NO_GATEWAY,100,Disconnected
2026-07-27 20:23:14,wlxbcfce7292407,N/A,0,0,NO_GATEWAY,100,Disconnected
2026-07-27 20:23:44,wlxbcfce7292407,N/A,0,0,NO_GATEWAY,100,Disconnected
2026-07-27 20:24:14,wlxbcfce7292407,N/A,0,0,NO_GATEWAY,100,Disconnected
2026-07-27 20:24:44,wlxbcfce7292407,N/A,0,0,NO_GATEWAY,100,Disconnected
2026-07-27 20:25:14,wlxbcfce7292407,N/A,0,0,NO_GATEWAY,100,Disconnected
2026-07-27 20:25:44,wlxbcfce7292407,N/A,0,0,NO_GATEWAY,100,Disconnected
2026-07-27 20:26:14,wlxbcfce7292407,N/A,0,0,NO_GATEWAY,100,Disconnected
2026-07-27 20:26:45,wlxbcfce7292407,N/A,0,0,NO_GATEWAY,100,Disconnected
2026-07-27 20:27:15,wlxbcfce7292407,N/A,0,0,NO_GATEWAY,100,Disconnected
2026-07-27 20:27:45,wlxbcfce7292407,N/A,0,0,NO_GATEWAY,100,Disconnected
2026-07-27 20:28:15,wlxbcfce7292407,N/A,0,0,NO_GATEWAY,100,Disconnected
2026-07-27 20:28:45,wlxbcfce7292407,N/A,0,0,NO_GATEWAY,100,Disconnected
2026-07-27 20:29:15,wlxbcfce7292407,N/A,0,0,NO_GATEWAY,100,Disconnected
2026-07-27 20:29:45,wlxbcfce7292407,N/A,0,0,NO_GATEWAY,100,Disconnected
2026-07-27 20:30:15,wlxbcfce7292407,N/A,0,0,NO_GATEWAY,100,Disconnected
2026-07-27 20:30:45,wlxbcfce7292407,N/A,0,0,NO_GATEWAY,100,Disconnected
2026-07-27 20:31:15,wlxbcfce7292407,N/A,0,0,NO_GATEWAY,100,Disconnected
2026-07-27 20:31:46,wlxbcfce7292407,N/A,0,0,NO_GATEWAY,100,Disconnected
2026-07-27 20:32:16,wlxbcfce7292407,N/A,0,0,NO_GATEWAY,100,Disconnected
2026-07-27 20:32:46,wlxbcfce7292407,N/A,0,0,NO_GATEWAY,100,Disconnected
2026-07-27 20:33:16,wlxbcfce7292407,N/A,0,0,NO_GATEWAY,100,Disconnected
2026-07-27 20:33:46,wlxbcfce7292407,N/A,0,0,NO_GATEWAY,100,Disconnected
2026-07-27 20:34:16,wlxbcfce7292407,N/A,0,0,NO_GATEWAY,100,Disconnected
2026-07-27 20:34:46,wlxbcfce7292407,N/A,0,0,NO_GATEWAY,100,Disconnected
2026-07-27 20:35:16,wlxbcfce7292407,N/A,0,0,NO_GATEWAY,100,Disconnected
2026-07-27 20:35:46,wlxbcfce7292407,N/A,0,0,NO_GATEWAY,100,Disconnected
2026-07-27 20:36:16,wlxbcfce7292407,N/A,0,0,NO_GATEWAY,100,Disconnected
2026-07-27 20:36:47,wlxbcfce7292407,N/A,0,0,NO_GATEWAY,100,Disconnected
2026-07-27 20:37:17,wlxbcfce7292407,N/A,0,0,NO_GATEWAY,100,Disconnected
2026-07-27 20:37:47,wlxbcfce7292407,N/A,0,0,NO_GATEWAY,100,Disconnected
2026-07-27 20:38:17,wlxbcfce7292407,N/A,0,0,NO_GATEWAY,100,Disconnected
2026-07-27 20:38:47,wlxbcfce7292407,N/A,0,0,NO_GATEWAY,100,Disconnected
2026-07-27 20:39:17,wlxbcfce7292407,N/A,0,0,NO_GATEWAY,100,Disconnected
2026-07-27 20:39:47,wlxbcfce7292407,N/A,0,0,NO_GATEWAY,100,Disconnected
2026-07-27 20:40:17,wlxbcfce7292407,N/A,0,0,NO_GATEWAY,100,Disconnected
2026-07-27 20:40:47,wlxbcfce7292407,N/A,0,0,NO_GATEWAY,100,Disconnected
2026-07-27 20:41:17,wlxbcfce7292407,N/A,0,0,NO_GATEWAY,100,Disconnected
2026-07-27 20:41:48,wlxbcfce7292407,N/A,0,0,NO_GATEWAY,100,Disconnected
2026-07-27 20:42:18,wlxbcfce7292407,N/A,0,0,NO_GATEWAY,100,Disconnected
2026-07-27 20:42:48,wlxbcfce7292407,N/A,0,0,NO_GATEWAY,100,Disconnected
2026-07-27 20:43:18,wlxbcfce7292407,N/A,0,0,NO_GATEWAY,100,Disconnected
2026-07-27 20:43:48,wlxbcfce7292407,N/A,0,0,NO_GATEWAY,100,Disconnected
2026-07-27 20:44:18,wlxbcfce7292407,N/A,0,0,NO_GATEWAY,100,Disconnected
2026-07-27 20:44:48,wlxbcfce7292407,N/A,0,0,NO_GATEWAY,100,Disconnected
2026-07-27 20:45:18,wlxbcfce7292407,N/A,0,0,NO_GATEWAY,100,Disconnected
2026-07-27 20:45:48,wlxbcfce7292407,N/A,0,0,NO_GATEWAY,100,Disconnected
2026-07-27 20:46:18,wlxbcfce7292407,N/A,0,0,NO_GATEWAY,100,Disconnected
2026-07-27 20:46:49,wlxbcfce7292407,N/A,0,0,NO_GATEWAY,100,Disconnected
2026-07-27 20:47:19,wlxbcfce7292407,N/A,0,0,NO_GATEWAY,100,Disconnected
2026-07-27 20:47:49,wlxbcfce7292407,N/A,0,0,NO_GATEWAY,100,Disconnected
2026-07-27 20:48:19,wlxbcfce7292407,N/A,0,0,NO_GATEWAY,100,Disconnected
2026-07-27 20:48:49,wlxbcfce7292407,N/A,0,0,NO_GATEWAY,100,Disconnected
2026-07-27 20:49:19,wlxbcfce7292407,N/A,0,0,NO_GATEWAY,100,Disconnected
2026-07-27 20:49:49,wlxbcfce7292407,N/A,0,0,NO_GATEWAY,100,Disconnected
2026-07-27 20:50:19,wlxbcfce7292407,N/A,0,0,NO_GATEWAY,100,Disconnected
2026-07-27 20:50:49,wlxbcfce7292407,N/A,0,0,NO_GATEWAY,100,Disconnected
2026-07-27 20:51:19,wlxbcfce7292407,N/A,0,0,NO_GATEWAY,100,Disconnected
2026-07-27 20:51:50,wlxbcfce7292407,N/A,0,0,NO_GATEWAY,100,Disconnected
2026-07-27 20:52:20,wlxbcfce7292407,N/A,0,0,NO_GATEWAY,100,Disconnected
2026-07-27 20:52:50,wlxbcfce7292407,N/A,0,0,NO_GATEWAY,100,Disconnected
2026-07-27 20:53:20,wlxbcfce7292407,N/A,0,0,NO_GATEWAY,100,Disconnected
2026-07-27 20:53:50,wlxbcfce7292407,N/A,0,0,NO_GATEWAY,100,Disconnected
2026-07-27 20:54:20,wlxbcfce7292407,N/A,0,0,NO_GATEWAY,100,Disconnected
2026-07-27 20:54:50,wlxbcfce7292407,N/A,0,0,NO_GATEWAY,100,Disconnected
2026-07-27 20:55:20,wlxbcfce7292407,N/A,0,0,NO_GATEWAY,100,Disconnected
2026-07-27 20:55:50,wlxbcfce7292407,N/A,0,0,NO_GATEWAY,100,Disconnected
2026-07-27 20:56:20,wlxbcfce7292407,N/A,0,0,NO_GATEWAY,100,Disconnected
2026-07-27 20:56:51,wlxbcfce7292407,N/A,0,0,NO_GATEWAY,100,Disconnected
2026-07-27 20:57:21,wlxbcfce7292407,N/A,0,0,NO_GATEWAY,100,Disconnected
2026-07-27 20:57:51,wlxbcfce7292407,N/A,0,0,NO_GATEWAY,100,Disconnected
2026-07-27 20:58:21,wlxbcfce7292407,N/A,0,0,NO_GATEWAY,100,Disconnected
2026-07-27 20:58:51,wlxbcfce7292407,N/A,0,0,NO_GATEWAY,100,Disconnected
2026-07-27 20:59:21,wlxbcfce7292407,N/A,0,0,NO_GATEWAY,100,Disconnected
2026-07-27 20:59:51,wlxbcfce7292407,N/A,0,0,NO_GATEWAY,100,Disconnected
2026-07-27 21:00:21,wlxbcfce7292407,N/A,0,0,NO_GATEWAY,100,Disconnected
2026-07-27 21:00:51,wlxbcfce7292407,N/A,0,0,NO_GATEWAY,100,Disconnected
2026-07-27 21:01:21,wlxbcfce7292407,N/A,0,0,NO_GATEWAY,100,Disconnected
2026-07-27 21:01:52,wlxbcfce7292407,N/A,0,0,NO_GATEWAY,100,Disconnected
2026-07-27 21:02:22,wlxbcfce7292407,N/A,0,0,NO_GATEWAY,100,Disconnected
2026-07-27 21:02:52,wlxbcfce7292407,N/A,0,0,NO_GATEWAY,100,Disconnected
2026-07-27 21:03:22,wlxbcfce7292407,N/A,0,0,NO_GATEWAY,100,Disconnected
2026-07-27 21:03:52,wlxbcfce7292407,N/A,0,0,NO_GATEWAY,100,Disconnected
2026-07-27 21:04:22,wlxbcfce7292407,N/A,0,0,NO_GATEWAY,100,Disconnected
2026-07-27 21:04:52,wlxbcfce7292407,N/A,0,0,NO_GATEWAY,100,Disconnected
2026-07-27 21:05:22,wlxbcfce7292407,N/A,0,0,NO_GATEWAY,100,Disconnected
2026-07-27 21:05:52,wlxbcfce7292407,N/A,0,0,NO_GATEWAY,100,Disconnected
2026-07-27 21:06:22,wlxbcfce7292407,N/A,0,0,NO_GATEWAY,100,Disconnected
2026-07-27 21:06:53,wlxbcfce7292407,N/A,0,0,NO_GATEWAY,100,Disconnected
2026-07-27 21:07:23,wlxbcfce7292407,N/A,0,0,NO_GATEWAY,100,Disconnected
2026-07-27 21:07:53,wlxbcfce7292407,N/A,0,0,NO_GATEWAY,100,Disconnected
2026-07-27 21:08:23,wlxbcfce7292407,N/A,0,0,NO_GATEWAY,100,Disconnected
2026-07-27 21:08:53,wlxbcfce7292407,N/A,0,0,NO_GATEWAY,100,Disconnected
2026-07-27 21:09:23,wlxbcfce7292407,N/A,0,0,NO_GATEWAY,100,Disconnected
2026-07-27 21:09:53,wlxbcfce7292407,N/A,0,0,NO_GATEWAY,100,Disconnected
2026-07-27 21:10:23,wlxbcfce7292407,N/A,0,0,NO_GATEWAY,100,Disconnected
2026-07-27 21:10:53,wlxbcfce7292407,N/A,0,0,NO_GATEWAY,100,Disconnected
2026-07-27 21:11:23,wlxbcfce7292407,N/A,0,0,NO_GATEWAY,100,Disconnected
2026-07-27 21:11:54,wlxbcfce7292407,N/A,0,0,NO_GATEWAY,100,Disconnected
2026-07-27 21:12:24,wlxbcfce7292407,N/A,0,0,NO_GATEWAY,100,Disconnected
2026-07-27 21:12:54,wlxbcfce7292407,N/A,0,0,NO_GATEWAY,100,Disconnected
2026-07-27 21:13:24,wlxbcfce7292407,N/A,0,0,NO_GATEWAY,100,Disconnected
2026-07-27 21:13:54,wlxbcfce7292407,N/A,0,0,NO_GATEWAY,100,Disconnected
2026-07-27 21:14:24,wlxbcfce7292407,N/A,0,0,NO_GATEWAY,100,Disconnected
2026-07-27 21:14:54,wlxbcfce7292407,N/A,0,0,NO_GATEWAY,100,Disconnected
2026-07-27 21:15:24,wlxbcfce7292407,N/A,0,0,NO_GATEWAY,100,Disconnected
2026-07-27 21:15:54,wlxbcfce7292407,N/A,0,0,NO_GATEWAY,100,Disconnected
2026-07-27 21:16:24,wlxbcfce7292407,N/A,0,0,NO_GATEWAY,100,Disconnected
2026-07-27 21:16:55,wlxbcfce7292407,N/A,0,0,NO_GATEWAY,100,Disconnected
2026-07-27 21:17:25,wlxbcfce7292407,N/A,0,0,NO_GATEWAY,100,Disconnected
2026-07-27 21:17:55,wlxbcfce7292407,N/A,0,0,NO_GATEWAY,100,Disconnected
2026-07-27 21:18:25,wlxbcfce7292407,N/A,0,0,NO_GATEWAY,100,Disconnected
2026-07-27 21:18:55,wlxbcfce7292407,N/A,0,0,NO_GATEWAY,100,Disconnected
2026-07-27 21:19:25,wlxbcfce7292407,N/A,0,0,NO_GATEWAY,100,Disconnected
2026-07-27 21:19:55,wlxbcfce7292407,N/A,0,0,NO_GATEWAY,100,Disconnected
2026-07-27 21:20:25,wlxbcfce7292407,N/A,0,0,NO_GATEWAY,100,Disconnected
2026-07-27 21:20:55,wlxbcfce7292407,N/A,0,0,NO_GATEWAY,100,Disconnected
2026-07-27 21:21:25,wlxbcfce7292407,N/A,0,0,NO_GATEWAY,100,Disconnected
2026-07-27 21:21:55,wlxbcfce7292407,N/A,0,0,NO_GATEWAY,100,Disconnected
2026-07-27 21:22:26,wlxbcfce7292407,N/A,0,0,NO_GATEWAY,100,Disconnected
2026-07-27 21:22:56,wlxbcfce7292407,N/A,0,0,NO_GATEWAY,100,Disconnected
2026-07-27 21:23:26,wlxbcfce7292407,N/A,0,0,NO_GATEWAY,100,Disconnected
2026-07-27 21:23:56,wlxbcfce7292407,N/A,0,0,NO_GATEWAY,100,Disconnected
2026-07-27 21:24:26,wlxbcfce7292407,N/A,0,0,NO_GATEWAY,100,Disconnected
2026-07-27 21:24:56,wlxbcfce7292407,N/A,0,0,NO_GATEWAY,100,Disconnected
2026-07-27 21:25:26,wlxbcfce7292407,N/A,0,0,NO_GATEWAY,100,Disconnected
2026-07-27 21:25:56,wlxbcfce7292407,N/A,0,0,NO_GATEWAY,100,Disconnected
2026-07-27 21:26:26,wlxbcfce7292407,N/A,0,0,NO_GATEWAY,100,Disconnected
2026-07-27 21:26:56,wlxbcfce7292407,N/A,0,0,NO_GATEWAY,100,Disconnected
2026-07-27 21:27:27,wlxbcfce7292407,N/A,0,0,NO_GATEWAY,100,Disconnected
2026-07-27 21:27:57,wlxbcfce7292407,N/A,0,0,NO_GATEWAY,100,Disconnected
2026-07-27 21:28:27,wlxbcfce7292407,N/A,0,0,NO_GATEWAY,100,Disconnected
2026-07-27 21:28:57,wlxbcfce7292407,N/A,0,0,NO_GATEWAY,100,Disconnected
2026-07-27 21:29:27,wlxbcfce7292407,N/A,0,0,NO_GATEWAY,100,Disconnected
2026-07-27 21:29:57,wlxbcfce7292407,N/A,0,0,NO_GATEWAY,100,Disconnected
2026-07-27 21:30:27,wlxbcfce7292407,N/A,0,0,NO_GATEWAY,100,Disconnected
2026-07-27 21:30:57,wlxbcfce7292407,N/A,0,0,NO_GATEWAY,100,Disconnected
2026-07-27 21:31:27,wlxbcfce7292407,N/A,0,0,NO_GATEWAY,100,Disconnected
2026-07-27 21:31:57,wlxbcfce7292407,N/A,0,0,NO_GATEWAY,100,Disconnected
2026-07-27 21:32:28,wlxbcfce7292407,N/A,0,0,NO_GATEWAY,100,Disconnected
2026-07-27 21:32:58,wlxbcfce7292407,N/A,0,0,NO_GATEWAY,100,Disconnected
2026-07-27 21:33:28,wlxbcfce7292407,N/A,0,0,NO_GATEWAY,100,Disconnected
2026-07-27 21:33:58,wlxbcfce7292407,N/A,0,0,NO_GATEWAY,100,Disconnected
2026-07-27 21:34:28,wlxbcfce7292407,N/A,0,0,NO_GATEWAY,100,Disconnected
2026-07-27 21:34:58,wlxbcfce7292407,N/A,0,0,NO_GATEWAY,100,Disconnected
2026-07-27 21:35:28,wlxbcfce7292407,N/A,0,0,NO_GATEWAY,100,Disconnected
2026-07-27 21:35:58,wlxbcfce7292407,N/A,0,0,NO_GATEWAY,100,Disconnected
2026-07-27 21:36:28,wlxbcfce7292407,N/A,0,0,NO_GATEWAY,100,Disconnected
2026-07-27 21:36:59,wlxbcfce7292407,N/A,0,0,NO_GATEWAY,100,Disconnected
2026-07-27 21:37:29,wlxbcfce7292407,N/A,0,0,NO_GATEWAY,100,Disconnected
2026-07-27 21:37:59,wlxbcfce7292407,N/A,0,0,NO_GATEWAY,100,Disconnected
2026-07-27 21:38:29,wlxbcfce7292407,N/A,0,0,NO_GATEWAY,100,Disconnected
2026-07-27 21:38:59,wlxbcfce7292407,N/A,0,0,NO_GATEWAY,100,Disconnected
2026-07-27 21:39:29,wlxbcfce7292407,N/A,0,0,NO_GATEWAY,100,Disconnected
2026-07-27 21:39:59,wlxbcfce7292407,N/A,0,0,NO_GATEWAY,100,Disconnected
2026-07-27 21:40:29,wlxbcfce7292407,N/A,0,0,NO_GATEWAY,100,Disconnected
2026-07-27 21:40:59,wlxbcfce7292407,N/A,0,0,NO_GATEWAY,100,Disconnected
2026-07-27 21:41:29,wlxbcfce7292407,N/A,0,0,NO_GATEWAY,100,Disconnected
2026-07-27 21:42:00,wlxbcfce7292407,N/A,0,0,NO_GATEWAY,100,Disconnected
2026-07-27 21:42:30,wlxbcfce7292407,N/A,0,0,NO_GATEWAY,100,Disconnected
2026-07-27 21:43:00,wlxbcfce7292407,N/A,0,0,NO_GATEWAY,100,Disconnected
2026-07-27 21:43:30,wlxbcfce7292407,N/A,0,0,NO_GATEWAY,100,Disconnected
2026-07-27 21:44:00,wlxbcfce7292407,N/A,0,0,NO_GATEWAY,100,Disconnected
2026-07-27 21:44:30,wlxbcfce7292407,N/A,0,0,NO_GATEWAY,100,Disconnected
2026-07-27 21:45:00,wlxbcfce7292407,N/A,0,0,NO_GATEWAY,100,Disconnected
2026-07-27 21:45:30,wlxbcfce7292407,N/A,0,0,NO_GATEWAY,100,Disconnected
2026-07-27 21:46:00,wlxbcfce7292407,N/A,0,0,NO_GATEWAY,100,Disconnected
2026-07-27 21:46:30,wlxbcfce7292407,N/A,0,0,NO_GATEWAY,100,Disconnected
2026-07-27 21:47:01,wlxbcfce7292407,N/A,0,0,NO_GATEWAY,100,Disconnected
2026-07-27 21:47:31,wlxbcfce7292407,N/A,0,0,NO_GATEWAY,100,Disconnected
2026-07-27 21:48:01,wlxbcfce7292407,N/A,0,0,NO_GATEWAY,100,Disconnected
2026-07-27 21:48:31,wlxbcfce7292407,N/A,0,0,NO_GATEWAY,100,Disconnected
2026-07-27 21:49:01,wlxbcfce7292407,N/A,0,0,NO_GATEWAY,100,Disconnected
2026-07-27 21:49:31,wlxbcfce7292407,N/A,0,0,NO_GATEWAY,100,Disconnected
2026-07-27 21:50:01,wlxbcfce7292407,N/A,0,0,NO_GATEWAY,100,Disconnected
2026-07-27 21:50:31,wlxbcfce7292407,N/A,0,0,NO_GATEWAY,100,Disconnected
2026-07-27 21:51:01,wlxbcfce7292407,N/A,0,0,NO_GATEWAY,100,Disconnected
2026-07-27 21:51:31,wlxbcfce7292407,N/A,0,0,NO_GATEWAY,100,Disconnected
2026-07-27 21:52:02,wlxbcfce7292407,N/A,0,0,NO_GATEWAY,100,Disconnected
2026-07-27 21:52:32,wlxbcfce7292407,N/A,0,0,NO_GATEWAY,100,Disconnected
